{
"__comment": "3D allium made by ninja5953",
"randomOffsetX": true,
"randomOffsetZ": true,
"elements": [ 
{
    "type": "cube",
    "from": [ 6.5, 10, 10 ],
    "to": [ 9, 12, 11 ],
    "faceData": {
        "down": {
            "uv": [ 7, 5, 9.5, 6 ],
            "textureFacing": "down",
            "cull": false
        },
        "up": {
            "uv": [ 6, 6, 8.5, 7 ],
            "textureFacing": "up",
            "cull": false
        },
        "north": {
            "uv": [ 6.5, 4, 9, 6 ],
            "textureFacing": "north",
            "cull": false
        },
        "south": {
            "uv": [ 6.5, 4, 9, 6 ],
            "textureFacing": "south",
            "cull": false
        },
        "west": {
            "uv": [ 10, 4, 11, 6 ],
            "textureFacing": "down",
            "cull": false
        },
        "east": {
            "uv": [ 10, 4, 11, 6 ],
            "textureFacing": "east",
            "cull": false
        }
    }
},
{
    "type": "cube",
    "from": [ 6, 10, 4 ],
    "to": [ 9, 12.5, 5 ],
    "faceData": {
        "down": {
            "uv": [ 6, 4, 9, 5 ],
            "textureFacing": "down",
            "cull": false
        },
        "up": {
            "uv": [ 6, 4, 9, 5 ],
            "textureFacing": "up",
            "cull": false
        },
        "north": {
            "uv": [ 6, 3.5, 9, 6 ],
            "textureFacing": "north",
            "cull": false
        },
        "south": {
            "uv": [ 6, 3.5, 9, 6 ],
            "textureFacing": "south",
            "cull": false
        },
        "west": {
            "uv": [ 8, 3, 9, 5.5 ],
            "textureFacing": "down",
            "cull": false
        },
        "east": {
            "uv": [ 6, 5, 7, 7.5 ],
            "textureFacing": "east",
            "cull": false
        }
    }
},
{
    "type": "cube",
    "from": [ 6, 8, 6.5 ],
    "to": [ 9.5, 9, 9.5 ],
    "faceData": {
        "down": {
            "uv": [ 6, 3, 9.5, 6 ],
            "textureFacing": "down",
            "cull": false
        },
        "up": {
            "uv": [ 5, 3, 8.5, 6 ],
            "textureFacing": "up",
            "cull": false
        },
        "north": {
            "uv": [ 6, 5, 9.5, 6 ],
            "textureFacing": "north",
            "cull": false
        },
        "south": {
            "uv": [ 6, 5, 9.5, 6 ],
            "textureFacing": "south",
            "cull": false
        },
        "west": {
            "uv": [ 6, 5, 9, 6 ],
            "textureFacing": "down",
            "cull": false
        },
        "east": {
            "uv": [ 6, 5, 9, 6 ],
            "textureFacing": "east",
            "cull": false
        }
    }
},
{
    "type": "cube",
    "from": [ 4, 9.5, 5.5 ],
    "to": [ 5, 12, 9 ],
    "faceData": {
        "down": {
            "uv": [ 6, 3, 7, 6.5 ],
            "textureFacing": "down",
            "cull": false
        },
        "up": {
            "uv": [ 8, 3, 9, 6.5 ],
            "textureFacing": "up",
            "cull": false
        },
        "north": {
            "uv": [ 5, 4, 6, 6.5 ],
            "textureFacing": "north",
            "cull": false
        },
        "south": {
            "uv": [ 5, 4, 6, 6.5 ],
            "textureFacing": "south",
            "cull": false
        },
        "west": {
            "uv": [ 5.5, 4, 9, 6.5 ],
            "textureFacing": "down",
            "cull": false
        },
        "east": {
            "uv": [ 5.5, 4, 9, 6.5 ],
            "textureFacing": "east",
            "cull": false
        }
    }
},
{
    "type": "cube",
    "from": [ 6, 13, 6 ],
    "to": [ 9, 14, 9 ],
    "faceData": {
        "down": {
            "uv": [ 6, 3, 9, 6 ],
            "textureFacing": "down",
            "cull": false
        },
        "up": {
            "uv": [ 6, 3, 9, 6 ],
            "textureFacing": "up",
            "cull": false
        },
        "north": {
            "uv": [ 5, 4, 8, 5 ],
            "textureFacing": "north",
            "cull": false
        },
        "south": {
            "uv": [ 6, 2, 9, 3 ],
            "textureFacing": "south",
            "cull": false
        },
        "west": {
            "uv": [ 6, 2, 9, 3 ],
            "textureFacing": "down",
            "cull": false
        },
        "east": {
            "uv": [ 6, 4, 9, 5 ],
            "textureFacing": "east",
            "cull": false
        }
    }
},
{
    "type": "cube",
    "from": [ 10, 10, 7 ],
    "to": [ 11, 12, 9 ],
    "faceData": {
        "down": {
            "uv": [ 10, 4, 11, 6 ],
            "textureFacing": "down",
            "cull": false
        },
        "up": {
            "uv": [ 7, 4, 8, 6 ],
            "textureFacing": "up",
            "cull": false
        },
        "north": {
            "uv": [ 10, 4, 11, 6 ],
            "textureFacing": "north",
            "cull": false
        },
        "south": {
            "uv": [ 10, 4, 11, 6 ],
            "textureFacing": "south",
            "cull": false
        },
        "west": {
            "uv": [ 7, 4, 9, 6 ],
            "textureFacing": "down",
            "cull": false
        },
        "east": {
            "uv": [ 7, 4, 9, 6 ],
            "textureFacing": "east",
            "cull": false
        }
    }
},
{
    "type": "cube",
    "from": [ 5, 9, 5 ],
    "to": [ 10, 13, 10 ],
    "faceData": {
        "down": {
            "uv": [ 5, 3, 10, 7 ],
            "textureFacing": "down",
            "cull": false
        },
        "up": {
            "uv": [ 5, 3, 10, 7 ],
            "textureFacing": "up",
            "cull": false
        },
        "north": {
            "uv": [ 5, 3, 10, 7 ],
            "textureFacing": "north",
            "cull": false
        },
        "south": {
            "uv": [ 5, 3, 10, 7 ],
            "textureFacing": "south",
            "cull": false
        },
        "west": {
            "uv": [ 5, 3, 10, 7 ],
            "textureFacing": "down",
            "cull": false
        },
        "east": {
            "uv": [ 5, 3, 10, 7 ],
            "textureFacing": "east",
            "cull": false
        }
    }
},
{
    "type": "cube",
    "from": [ 7, 0, 7 ],
    "to": [ 8, 9, 8 ],
    "faceData": {
        "down": {
            "uv": [ 7, 7, 8, 8 ],
            "textureFacing": "down",
            "cull": false
        },
        "up": {
            "uv": [ 7, 7, 8, 8 ],
            "textureFacing": "up",
            "cull": false
        },
        "north": {
            "uv": [ 7, 7, 8, 16 ],
            "textureFacing": "north",
            "cull": false
        },
        "south": {
            "uv": [ 7, 7, 8, 16 ],
            "textureFacing": "south",
            "cull": false
        },
        "west": {
            "uv": [ 7, 7, 8, 16 ],
            "textureFacing": "down",
            "cull": false
        },
        "east": {
            "uv": [ 7, 7, 8, 16 ],
            "textureFacing": "east",
            "cull": false
        }
    }
}
]
}