{
    "__comment": "Fair warning, this format is highly likely to change even more in the future!",
    "useAmbientOcclusion": false,
    "elements": [
        {   "type": "cube",
            "from": [ 7, 0, 2 ],
            "to": [ 9, 16, 4 ],
            "shade": 1.0,
            "faceData": {
                "down": {
                    "uv": [ 7, 12, 9, 14 ],
                    "textureFacing": "down"
                },
                "up": {
                    "uv": [ 7, 2, 9, 4 ],
                    "textureFacing": "up"
                },
                "north": {
                    "uv": [ 2, 0, 4, 16 ],
                    "textureFacing": "north"
                },
                "south": {
                    "uv": [ 2, 0, 4, 16 ],
                    "textureFacing": "south"
                },
                "west": {
                    "uv": [ 2, 0, 4, 16 ],
                    "textureFacing": "west"
                },
                "east": {
                    "uv": [ 4, 0, 2, 16 ],
                    "textureFacing": "east"
                }
            }
        },
        {   "type": "cube",
            "from": [ 7, 0, 7 ],
            "to": [ 9, 16, 9 ],
            "shade": 1.0,
            "faceData": {
                "down": {
                    "uv": [ 7, 7, 9, 9 ],
                    "textureFacing": "down"
                },
                "up": {
                    "uv": [ 7, 7, 9, 9 ],
                    "textureFacing": "up"
                },
                "north": {
                    "uv": [ 2, 0, 4, 16 ],
                    "textureFacing": "north"
                },
                "south": {
                    "uv": [ 2, 0, 4, 16 ],
                    "textureFacing": "south"
                },
                "west": {
                    "uv": [ 7, 0, 9, 16 ],
                    "textureFacing": "west"
                },
                "east": {
                    "uv": [ 9, 0, 7, 16 ],
                    "textureFacing": "east"
                }
            }
        },
        {   "type": "cube",
            "from": [ 7, 0, 12 ],
            "to": [ 9, 16, 14 ],
            "shade": 1.0,
            "faceData": {
                "down": {
                    "uv": [ 7, 2, 9, 4 ],
                    "textureFacing": "down"
                },
                "up": {
                    "uv": [ 7, 12, 9, 14 ],
                    "textureFacing": "up"
                },
                "north": {
                    "uv": [ 2, 0, 4, 16 ],
                    "textureFacing": "north"
                },
                "south": {
                    "uv": [ 2, 0, 4, 16 ],
                    "textureFacing": "south"
                },
                "west": {
                    "uv": [ 12, 0, 14, 16 ],
                    "textureFacing": "west"
                },
                "east": {
                    "uv": [ 14, 0, 12, 16 ],
                    "textureFacing": "east"
                }
            }
        },
        {   "type": "cube",
            "from": [ 7, 7, 0 ],
            "to": [ 9, 9, 2 ],
            "shade": 1.0,
            "faceData": {
                "down": {
                    "uv": [ 7, 14, 9, 16 ],
                    "textureFacing": "down"
                },
                "up": {
                    "uv": [ 7, 0, 9, 2 ],
                    "textureFacing": "up"
                },
                "north": {
                    "uv": [ 2, 0, 4, 16 ],
                    "textureFacing": "north"
                },
                "south": {
                    "uv": [ 2, 0, 4, 16 ],
                    "textureFacing": "south"
                },
                "west": {
                    "uv": [ 0, 7, 2, 9 ],
                    "textureFacing": "west"
                },
                "east": {
                    "uv": [ 2, 7, 0, 9 ],
                    "textureFacing": "east"
                }
            }
        },
        {   "type": "cube",
            "from": [ 12, 0, 7 ],
            "to": [ 14, 16, 9 ],
            "shade": 1.0,
            "faceData": {
                "down": {
                    "uv": [ 7, 7, 9, 9 ],
                    "textureFacing": "down"
                },
                "up": {
                    "uv": [ 7, 7, 9, 9 ],
                    "textureFacing": "up"
                },
                "north": {
                    "uv": [ 2, 0, 4, 16 ],
                    "textureFacing": "north"
                },
                "south": {
                    "uv": [ 7, 0, 9, 16 ],
                    "textureFacing": "south"
                },
                "west": {
                    "uv": [ 7, 0, 9, 16 ],
                    "textureFacing": "west"
                },
                "east": {
                    "uv": [ 9, 0, 7, 16 ],
                    "textureFacing": "east"
                }
            }
        },
        {   "type": "cube",
            "from": [ 7, 12, 4 ],
            "to": [ 9, 14, 7 ],
            "shade": 1.0,
            "faceData": {
                "down": {
                    "uv": [ 7, 9, 9, 12 ],
                    "textureFacing": "down"
                },
                "up": {
                    "uv": [ 7, 4, 9, 7 ],
                    "textureFacing": "up"
                },
                "north": {
                    "uv": [ 2, 0, 4, 16 ],
                    "textureFacing": "north"
                },
                "south": {
                    "uv": [ 2, 0, 4, 16 ],
                    "textureFacing": "south"
                },
                "west": {
                    "uv": [ 4, 2, 7, 4 ],
                    "textureFacing": "west"
                },
                "east": {
                    "uv": [ 7, 2, 4, 4 ],
                    "textureFacing": "east"
                }
            }
        },
        {   "type": "cube",
            "from": [ 7, 2, 9 ],
            "to": [ 9, 4, 12 ],
            "shade": 1.0,
            "faceData": {
                "down": {
                    "uv": [ 7, 4, 9, 7 ],
                    "textureFacing": "down"
                },
                "up": {
                    "uv": [ 7, 9, 9, 12 ],
                    "textureFacing": "up"
                },
                "north": {
                    "uv": [ 2, 0, 4, 16 ],
                    "textureFacing": "north"
                },
                "south": {
                    "uv": [ 2, 0, 4, 16 ],
                    "textureFacing": "south"
                },
                "west": {
                    "uv": [ 9, 12, 12, 14 ],
                    "textureFacing": "west"
                },
                "east": {
                    "uv": [ 12, 12, 9, 14 ],
                    "textureFacing": "east"
                }
            }
        },
        {   "type": "cube",
            "from": [ 7, 7, 14 ],
            "to": [ 9, 9, 16 ],
            "shade": 1.0,
            "faceData": {
                "down": {
                    "uv": [ 7, 0, 9, 2 ],
                    "textureFacing": "down"
                },
                "up": {
                    "uv": [ 7, 14, 9, 16 ],
                    "textureFacing": "up"
                },
                "north": {
                    "uv": [ 2, 0, 4, 16 ],
                    "textureFacing": "north"
                },
                "south": {
                    "uv": [ 2, 0, 4, 16 ],
                    "textureFacing": "south"
                },
                "west": {
                    "uv": [ 14, 7, 16, 9 ],
                    "textureFacing": "west"
                },
                "east": {
                    "uv": [ 16, 7, 14, 9 ],
                    "textureFacing": "east"
                }
            }
        },
        {   "type": "cube",
            "from": [ 14, 7, 7 ],
            "to": [ 16, 9, 9 ],
            "shade": 1.0,
            "faceData": {
                "down": {
                    "uv": [ 7, 0, 9, 2 ],
                    "textureFacing": "down"
                },
                "up": {
                    "uv": [ 7, 14, 9, 16 ],
                    "textureFacing": "up"
                },
                "north": {
                    "uv": [ 12, 12, 9, 14 ],
                    "textureFacing": "north"
                },
                "south": {
                    "uv": [ 7, 7, 9, 9 ],
                    "textureFacing": "south"
                },
                "west": {
                    "uv": [ 7, 14, 9, 16 ],
                    "textureFacing": "west"
                },
                "east": {
                    "uv": [ 16, 7, 14, 9 ],
                    "textureFacing": "east"
                }
            }
        },
        {   "type": "cube",
            "from": [ 9, 12, 7 ],
            "to": [ 12, 14, 9 ],
            "shade": 1.0,
            "faceData": {
                "down": {
                    "uv": [ 7, 4, 9, 7 ],
                    "textureFacing": "down",
                    "rotation":90
                },
                "up": {
                    "uv": [ 7, 9, 9, 12 ],
                    "textureFacing": "up",
                    "rotation":90
                },
                "north": {
                    "uv": [ 2, 5, 4, 8 ],
                    "textureFacing": "north",
                    "rotation":90
                },
                "south": {
                    "uv": [ 9, 12, 12, 14 ],
                    "textureFacing": "south"
                },
                "west": {
                    "uv": [ 9, 12, 12, 14 ],
                    "textureFacing": "west"
                },
                "east": {
                    "uv": [ 12, 12, 9, 14 ],
                    "textureFacing": "east"
                }
            }
        },
        {   "type": "plane",
            "from": [ 7, 16.005, 0 ],
            "to": [ 9, 16.005, 16 ],
            "facing": "up",
            "twoSided": true,
            "faceData": {
                "uv": [ 7, 0, 9, 16 ],
                "textureFacing": "north",
                "cull": false
            }
        },
        {   "type": "plane",
            "from": [ 9, 16.005, 7 ],
            "to": [ 16, 16.005, 9 ],
            "facing": "up",
            "twoSided": true,
            "faceData": {
                "uv": [ 7, 9, 9, 16 ],
                "textureFacing": "north",
                "cull": false,
                "rotation":90
            }
        },
        {   "type": "plane",
            "from": [ 7, -0.005, 0 ],
            "to": [ 9, -0.005, 16 ],
            "facing": "up",
            "twoSided": true,
            "faceData": {
                "uv": [ 7, 0, 9, 16 ],
                "textureFacing": "north",
                "cull": false
            }
        },
        {   "type": "plane",
            "from": [ 9, -0.005, 7 ],
            "to": [ 16, -0.005, 9 ],
            "facing": "up",
            "twoSided": true,
            "faceData": {
                "uv": [ 7, 9, 9, 16 ],
                "textureFacing": "north",
                "cull": false,
                "rotation": 270
            }
        }
    ]
}
