{
    "__comment": "Fair warning, this format is highly likely to change even more in the future!",
    "elements": [
		{   "__comment": "red_head",
            "type": "cube",
            "from": [ -0.5, 5, 0 ],
            "to": [ 16.5, 9, 8 ],
            "faceData": {
                "down":  { "uv": [ 0, 16, 8, 0 ], "textureFacing": "up", "rotation": 90 },
                "up":    { "uv": [ 0, 16, 8, 0 ], "textureFacing": "up", "rotation": 90 },
                "west":  { "uv": [ 0, 7, 8, 11 ], "textureFacing": "west" },
                "east":  { "uv": [ 8, 7, 0, 11 ], "textureFacing": "east" }
            }
        },
		{   "__comment": "pillow",
            "type": "cube",
            "from": [ -0.5, 5, 8 ],
            "to": [ 16.5, 10, 16 ],
            "faceData": {
                "down":  { "uv": [ 8, 16, 16, 0 ], "textureFacing": "up", "rotation": 90 },
                "up":    { "uv": [ 8, 16, 16, 0 ], "textureFacing": "up", "rotation": 90 },
                "west":  { "uv": [ 8, 7, 16, 11 ], "textureFacing": "west" },
				"north": { "uv": [ 8, 15, 16, 16 ], "textureFacing": "up" },
                "south": { "uv": [ 0, 7, 16, 11 ], "textureFacing": "south" },
                "east":  { "uv": [ 16, 7, 8, 11 ], "textureFacing": "east" }
            }
        },
		{   "__comment": "wood_head",
            "type": "cube",
            "from": [ 0, 3, 0 ],
            "to": [ 16, 5, 16 ],
            "faceData": {
                "down":  { "uv": [ 0, 0, 16, 16 ], "textureFacing": "down" },
                "south": { "uv": [ 0, 11, 16, 13 ], "textureFacing": "south" },
                "west":  { "uv": [ 0, 11, 16, 13 ], "textureFacing": "west" },
                "east":  { "uv": [ 16, 11, 0, 13 ], "textureFacing": "east" }
			}
		},
		{   "__comment": "right_front",
            "type": "cube",
            "from": [ 0, 0, 15 ],
            "to": [ 3, 3, 16 ],
            "faceData": {
                "down":  { "uv": [ 0, 16, 3, 15 ], "textureFacing": "down" },
                "north": { "uv": [ 13, 16, 16, 13 ], "textureFacing": "north" },
                "west":  { "uv": [ 15, 16, 16, 13 ], "textureFacing": "west" },
				"south": { "uv": [ 0, 16, 3, 13 ], "textureFacing": "south" },
                "east":  { "uv": [ 15, 16, 16, 13 ], "textureFacing": "east" }
			}
		},
		{   "__comment": "right_side",
            "type": "cube",
            "from": [ 0, 0, 13 ],
            "to": [ 1, 3, 15 ],
            "faceData": {
                "down":  { "uv": [ 15, 15, 16, 13 ], "textureFacing": "down" },
                "west":  { "uv": [ 13, 16, 15, 13 ], "textureFacing": "west" },
				"north": { "uv": [ 0, 16, 1, 13 ], "textureFacing": "north" },
                "east":  { "uv": [ 13, 16, 15, 13 ], "textureFacing": "east" }
			}
		},
		{   "__comment": "left_front",
            "type": "cube",
            "from": [ 13, 0, 15 ],
            "to": [ 16, 3, 16 ],
            "faceData": {
                "down":  { "uv": [ 0, 16, 3, 15 ], "textureFacing": "down" },
                "north": { "uv": [ 0, 16, 3, 13 ], "textureFacing": "south" },
                "west":  { "uv": [ 15, 16, 16, 13 ], "textureFacing": "west" },
				"south": { "uv": [ 0, 16, 3, 13 ], "textureFacing": "north" },
                "east":  { "uv": [ 15, 16, 16, 13 ], "textureFacing": "east" }
			}
		},
		{   "__comment": "left_side",
            "type": "cube",
            "from": [ 15, 0, 13 ],
            "to": [ 16, 3, 15 ],
            "faceData": {
                "down":  { "uv": [ 15, 15, 16, 13 ], "textureFacing": "down" },
                "west":  { "uv": [ 13, 16, 15, 13 ], "textureFacing": "west" },
				"north": { "uv": [ 0, 16, 1, 13 ], "textureFacing": "north" },
                "east":  { "uv": [ 13, 16, 15, 13 ], "textureFacing": "east", "rotation": 180 }
			}
		}
    ]
}
