{	
    "elements": [
        {   "__comment": "red_foot",
            "type": "cube",
            "from": [ -0.5, 5, -0.5 ],
            "to": [ 16.5, 9, 16 ],
            "faceData": {
                "down":  { "uv": [ 0, 0, 16, 16 ], "textureFacing": "up" },
                "up":    { "uv": [ 16, 0, 0, 16 ], "textureFacing": "up", "rotation": 270, "cull": false },
                "north": { "uv": [ 0, 7, 16, 11 ], "textureFacing": "north" },
                "west":  { "uv": [ 0, 7, 16, 11 ], "textureFacing": "west" },
                "east":  { "uv": [ 16, 7, 0, 11 ], "textureFacing": "east" }
            }
        },
		{   "__comment": "wood_foot",
            "type": "cube",
            "from": [ 0, 3, 0 ],
            "to": [ 16, 5, 16 ],
            "faceData": {
                "down":  { "uv": [ 0, 0, 16, 16 ], "textureFacing": "down" },
                "north": { "uv": [ 0, 11, 16, 13 ], "textureFacing": "north" },
                "west":  { "uv": [ 0, 11, 16, 13 ], "textureFacing": "west" },
                "east":  { "uv": [ 16, 11, 0, 13 ], "textureFacing": "east" }
			}
		},
		{   "__comment": "right_back",
            "type": "cube",
            "from": [ 0, 0, 0 ],
            "to": [ 3, 3, 1 ],
            "faceData": {
                "down":  { "uv": [ 0, 16, 3, 15 ], "textureFacing": "down" },
                "north": { "uv": [ 13, 16, 16, 13 ], "textureFacing": "north" },
                "west":  { "uv": [ 0, 16, 1, 13 ], "textureFacing": "west" },
				"south": { "uv": [ 0, 16, 3, 13 ], "textureFacing": "south" },
                "east":  { "uv": [ 0, 16, 1, 13 ], "textureFacing": "east" }
			}
		},
		{   "__comment": "right_side",
            "type": "cube",
            "from": [ 0, 0, 1 ],
            "to": [ 1, 3, 3 ],
            "faceData": {
                "down":  { "uv": [ 15, 15, 16, 13 ], "textureFacing": "down" },
                "west":  { "uv": [ 1, 16, 3, 13 ], "textureFacing": "west" },
				"south": { "uv": [ 0, 16, 1, 13 ], "textureFacing": "south" },
                "east":  { "uv": [ 0, 16, 2, 13 ], "textureFacing": "east" }
			}
		},
		{   "__comment": "left_back",
            "type": "cube",
            "from": [ 13, 0, 0 ],
            "to": [ 16, 3, 1 ],
            "faceData": {
                "down":  { "uv": [ 0, 16, 3, 15 ], "textureFacing": "down" },
                "north": { "uv": [ 0, 16, 3, 13 ], "textureFacing": "south" },
                "west":  { "uv": [ 0, 16, 1, 13 ], "textureFacing": "west" },
				"south": { "uv": [ 0, 16, 3, 13 ], "textureFacing": "north" },
                "east":  { "uv": [ 0, 16, 1, 13 ], "textureFacing": "east" }
			}
		},
		{   "__comment": "left_side",
            "type": "cube",
            "from": [ 15, 0, 1 ],
            "to": [ 16, 3, 3 ],
            "faceData": {
                "down":  { "uv": [ 15, 15, 16, 13 ], "textureFacing": "down" },
                "west":  { "uv": [ 1, 16, 3, 13 ], "textureFacing": "west" },
				"south": { "uv": [ 0, 16, 1, 13 ], "textureFacing": "south" },
                "east":  { "uv": [ 1, 16, 3, 13 ], "textureFacing": "east", "rotation": 180 }
			}
		}
    ]
}
