{
    "__comment": "Fair warning, this format is highly likely to change even more in the future!",
    "elements": [
        {   "type": "cube",
            "from": [ 7, 0, 7 ],
            "to": [ 9, 2, 9 ],
            "faceData": {
                "down": {
                    "uv": [ 7, 16, 9, 14 ],
                    "textureFacing": "down"
                },
                "up": {
                    "uv": [ 7, 16, 9, 14 ],
                    "textureFacing": "up"
                },
                "north": {
                    "uv": [ 7, 16, 9, 14 ],
                    "textureFacing": "north"
                },
                "south": {
                    "uv": [ 7, 16, 9, 14 ],
                    "textureFacing": "south"
                },
                "west": {
                    "uv": [ 7, 16, 9, 14 ],
                    "textureFacing": "west"
                },
                "east": {
                    "uv": [ 7, 16, 9, 14 ],
                    "textureFacing": "east"
				}
            }
        },
        {   "type": "cube",
            "from": [ 5, 2, 5 ],
            "to": [ 11, 3, 11 ],
            "faceData": {
                "down": {
                    "uv": [ 10, 13, 9, 12 ],
                    "textureFacing": "down",
                    "cull": false
                },
                "up": {
                    "uv": [ 6, 10, 10, 14 ],
                    "textureFacing": "up",
                    "cull": false
                },
                "north": {
                    "uv": [ 5, 13, 10, 13 ],
                    "textureFacing": "north",
                    "cull": false
                },
                "south": {
                    "uv": [ 5, 13, 10, 13 ],
                    "textureFacing": "south",
                    "cull": false
                },
                "west": {
                    "uv": [ 5, 13, 10, 13 ],
                    "textureFacing": "west",
                    "cull": false
                },
                "east": {
                    "uv": [ 5, 13, 10, 13 ],
                    "textureFacing": "east",
                    "cull": false
				}
            }
        },
        {   "type": "cube",
            "from": [ 5, 3, 5 ],
            "to": [ 11, 4, 11 ],
            "faceData": {
                "down": {
                    "uv": [ 10, 13, 9, 12 ],
                    "textureFacing": "down",
                    "cull": false
                },
                "up": {
                    "uv": [ 6, 10, 10, 14 ],
                    "textureFacing": "up",
                    "cull": false
                },
                "north": {
                    "uv": [ 5, 12, 10, 12 ],
                    "textureFacing": "north",
                    "cull": false
                },
                "south": {
                    "uv": [ 5, 12, 10, 12 ],
                    "textureFacing": "south",
                    "cull": false
                },
                "west": {
                    "uv": [ 5, 12, 10, 12 ],
                    "textureFacing": "west",
                    "cull": false
                },
                "east": {
                    "uv": [ 5, 12, 10, 12 ],
                    "textureFacing": "east",
                    "cull": false
									}
            }
        },
        {   "type": "cube",
            "from": [ 5.5, 4, 5.5 ],
            "to": [ 10.5, 5, 10.5 ],
            "faceData": {
                "down": {
                    "uv": [ 10, 13, 9, 12 ],
                    "textureFacing": "down",
                    "cull": false
                },
                "up": {
                    "uv": [ 6, 10, 10, 14 ],
                    "textureFacing": "up",
                    "cull": false
                },
                "north": {
                    "uv": [ 6, 11, 10, 11 ],
                    "textureFacing": "north",
                    "cull": false
                },
                "south": {
                    "uv": [ 6, 11, 10, 11 ],
                    "textureFacing": "south",
                    "cull": false
                },
                "west": {
                    "uv": [ 6, 11, 10, 11 ],
                    "textureFacing": "west",
                    "cull": false
                },
                "east": {
                    "uv": [ 6, 11, 10, 11 ],
                    "textureFacing": "east",
                    "cull": false
                }
            }
        }
    ]
}
