{
    "__comment": "Fair warning, this format is highly likely to change even more in the future!",
    "useAmbientOcclusion": false,
    "elements": [
        {   "__comment": "MAIN BLOCK",
            "type": "cube",
            "from": [1, 0, 1],
            "to": [15, 16, 15],
            "faceData": {
                "down": {
                    "uv": [ 1, 1, 15, 15 ],
                    "textureFacing": "down"
                },
                "up": {
                    "uv": [ 1, 1, 15, 15 ],
                    "textureFacing": "up",
                    "cull": false
                },
                "north": {
                    "uv": [ 1, 0, 15, 16 ],
                    "textureFacing": "north",
                    "cull": false
                },
                "south": {
                    "uv": [ 1, 0, 15, 16 ],
                    "textureFacing": "south",
                    "cull": false
                },
                "west": {
                    "uv": [ 1, 0, 15, 16 ],
                    "textureFacing": "west",
                    "cull": false
                },
                "east": {
                    "uv": [ 1, 0, 15, 16 ],
                    "textureFacing": "east",
                    "cull": false
                }
            }
        },
        {   "__comment": "WEST",
            "type": "cube",
            "from": [0, 3, 1],
            "to": [1, 4, 2],
            "faceData": {
                "down": {
                    "uv": [ 0, 0, 1, 1 ],
                    "textureFacing": "down"
                },
                "up": {
                    "uv": [ 0, 0, 1, 1 ],
                    "textureFacing": "up",
                    "cull": false
                },
                "north": {
                    "uv": [ 0, 0, 1, 1 ],
                    "textureFacing": "north",
                    "cull": false
                },
                "south": {
                    "uv": [ 0, 0, 1, 1 ],
                    "textureFacing": "south",
                    "cull": false
                },
                "west": {
                    "uv": [ 0, 0, 1, 1 ],
                    "textureFacing": "west",
                    "cull": false
                },
                "east": {
                    "uv": [ 0, 0, 1, 1 ],
                    "textureFacing": "east",
                    "cull": false
                }
            }
        },
        {   "type": "cube",
            "from": [0, 9, 1],
            "to": [1, 10, 2],
            "faceData": {
                "down": {
                    "uv": [ 0, 0, 1, 1 ],
                    "textureFacing": "down"
                },
                "up": {
                    "uv": [ 0, 0, 1, 1 ],
                    "textureFacing": "up",
                    "cull": false
                },
                "north": {
                    "uv": [ 0, 0, 1, 1 ],
                    "textureFacing": "north",
                    "cull": false
                },
                "south": {
                    "uv": [ 0, 0, 1, 1 ],
                    "textureFacing": "south",
                    "cull": false
                },
                "west": {
                    "uv": [ 0, 0, 1, 1 ],
                    "textureFacing": "west",
                    "cull": false
                },
                "east": {
                    "uv": [ 0, 0, 1, 1 ],
                    "textureFacing": "east",
                    "cull": false
                }
            }
        },
        {   "type": "cube",
            "from": [0, 13, 1],
            "to": [1, 14, 2],
            "faceData": {
                "down": {
                    "uv": [ 0, 0, 1, 1 ],
                    "textureFacing": "down"
                },
                "up": {
                    "uv": [ 0, 0, 1, 1 ],
                    "textureFacing": "up",
                    "cull": false
                },
                "north": {
                    "uv": [ 0, 0, 1, 1 ],
                    "textureFacing": "north",
                    "cull": false
                },
                "south": {
                    "uv": [ 0, 0, 1, 1 ],
                    "textureFacing": "south",
                    "cull": false
                },
                "west": {
                    "uv": [ 0, 0, 1, 1 ],
                    "textureFacing": "west",
                    "cull": false
                },
                "east": {
                    "uv": [ 0, 0, 1, 1 ],
                    "textureFacing": "east",
                    "cull": false
                }
            }
        },
        {   "type": "cube",
            "from": [0, 1, 7],
            "to": [1, 2, 8],
            "faceData": {
                "down": {
                    "uv": [ 0, 0, 1, 1 ],
                    "textureFacing": "down"
                },
                "up": {
                    "uv": [ 0, 0, 1, 1 ],
                    "textureFacing": "up",
                    "cull": false
                },
                "north": {
                    "uv": [ 0, 0, 1, 1 ],
                    "textureFacing": "north",
                    "cull": false
                },
                "south": {
                    "uv": [ 0, 0, 1, 1 ],
                    "textureFacing": "south",
                    "cull": false
                },
                "west": {
                    "uv": [ 0, 0, 1, 1 ],
                    "textureFacing": "west",
                    "cull": false
                },
                "east": {
                    "uv": [ 0, 0, 1, 1 ],
                    "textureFacing": "east",
                    "cull": false
                }
            }
        },
        {   "type": "cube",
            "from": [0, 3, 8],
            "to": [1, 4, 9],
            "faceData": {
                "down": {
                    "uv": [ 0, 0, 1, 1 ],
                    "textureFacing": "down"
                },
                "up": {
                    "uv": [ 0, 0, 1, 1 ],
                    "textureFacing": "up",
                    "cull": false
                },
                "north": {
                    "uv": [ 0, 0, 1, 1 ],
                    "textureFacing": "north",
                    "cull": false
                },
                "south": {
                    "uv": [ 0, 0, 1, 1 ],
                    "textureFacing": "south",
                    "cull": false
                },
                "west": {
                    "uv": [ 0, 0, 1, 1 ],
                    "textureFacing": "west",
                    "cull": false
                },
                "east": {
                    "uv": [ 0, 0, 1, 1 ],
                    "textureFacing": "east",
                    "cull": false
                }
            }
        },
        {   "type": "cube",
            "from": [0, 6, 7],
            "to": [1, 7, 8],
            "faceData": {
                "down": {
                    "uv": [ 0, 0, 1, 1 ],
                    "textureFacing": "down"
                },
                "up": {
                    "uv": [ 0, 0, 1, 1 ],
                    "textureFacing": "up",
                    "cull": false
                },
                "north": {
                    "uv": [ 0, 0, 1, 1 ],
                    "textureFacing": "north",
                    "cull": false
                },
                "south": {
                    "uv": [ 0, 0, 1, 1 ],
                    "textureFacing": "south",
                    "cull": false
                },
                "west": {
                    "uv": [ 0, 0, 1, 1 ],
                    "textureFacing": "west",
                    "cull": false
                },
                "east": {
                    "uv": [ 0, 0, 1, 1 ],
                    "textureFacing": "east",
                    "cull": false
                }
            }
        },
        {   "type": "cube",
            "from": [0, 8, 8],
            "to": [1, 9, 9],
            "faceData": {
                "down": {
                    "uv": [ 0, 0, 1, 1 ],
                    "textureFacing": "down"
                },
                "up": {
                    "uv": [ 0, 0, 1, 1 ],
                    "textureFacing": "up",
                    "cull": false
                },
                "north": {
                    "uv": [ 0, 0, 1, 1 ],
                    "textureFacing": "north",
                    "cull": false
                },
                "south": {
                    "uv": [ 0, 0, 1, 1 ],
                    "textureFacing": "south",
                    "cull": false
                },
                "west": {
                    "uv": [ 0, 0, 1, 1 ],
                    "textureFacing": "west",
                    "cull": false
                },
                "east": {
                    "uv": [ 0, 0, 1, 1 ],
                    "textureFacing": "east",
                    "cull": false
                }
            }
        },
        {   "type": "cube",
            "from": [0, 12, 8],
            "to": [1, 13, 9],
            "faceData": {
                "down": {
                    "uv": [ 0, 0, 1, 1 ],
                    "textureFacing": "down"
                },
                "up": {
                    "uv": [ 0, 0, 1, 1 ],
                    "textureFacing": "up",
                    "cull": false
                },
                "north": {
                    "uv": [ 0, 0, 1, 1 ],
                    "textureFacing": "north",
                    "cull": false
                },
                "south": {
                    "uv": [ 0, 0, 1, 1 ],
                    "textureFacing": "south",
                    "cull": false
                },
                "west": {
                    "uv": [ 0, 0, 1, 1 ],
                    "textureFacing": "west",
                    "cull": false
                },
                "east": {
                    "uv": [ 0, 0, 1, 1 ],
                    "textureFacing": "east",
                    "cull": false
                }
            }
        },
        {   "type": "cube",
            "from": [0, 14, 7],
            "to": [1, 15, 8],
            "faceData": {
                "down": {
                    "uv": [ 0, 0, 1, 1 ],
                    "textureFacing": "down"
                },
                "up": {
                    "uv": [ 0, 0, 1, 1 ],
                    "textureFacing": "up",
                    "cull": false
                },
                "north": {
                    "uv": [ 0, 0, 1, 1 ],
                    "textureFacing": "north",
                    "cull": false
                },
                "south": {
                    "uv": [ 0, 0, 1, 1 ],
                    "textureFacing": "south",
                    "cull": false
                },
                "west": {
                    "uv": [ 0, 0, 1, 1 ],
                    "textureFacing": "west",
                    "cull": false
                },
                "east": {
                    "uv": [ 0, 0, 1, 1 ],
                    "textureFacing": "east",
                    "cull": false
                }
            }
        },
        {   "type": "cube",
            "from": [0, 5, 14],
            "to": [1, 6, 15],
            "faceData": {
                "down": {
                    "uv": [ 0, 0, 1, 1 ],
                    "textureFacing": "down"
                },
                "up": {
                    "uv": [ 0, 0, 1, 1 ],
                    "textureFacing": "up",
                    "cull": false
                },
                "north": {
                    "uv": [ 0, 0, 1, 1 ],
                    "textureFacing": "north",
                    "cull": false
                },
                "south": {
                    "uv": [ 0, 0, 1, 1 ],
                    "textureFacing": "south",
                    "cull": false
                },
                "west": {
                    "uv": [ 0, 0, 1, 1 ],
                    "textureFacing": "west",
                    "cull": false
                },
                "east": {
                    "uv": [ 0, 0, 1, 1 ],
                    "textureFacing": "east",
                    "cull": false
                }
            }
        },
        {   "type": "cube",
            "from": [0, 9, 14],
            "to": [1, 10, 15],
            "faceData": {
                "down": {
                    "uv": [ 0, 0, 1, 1 ],
                    "textureFacing": "down"
                },
                "up": {
                    "uv": [ 0, 0, 1, 1 ],
                    "textureFacing": "up",
                    "cull": false
                },
                "north": {
                    "uv": [ 0, 0, 1, 1 ],
                    "textureFacing": "north",
                    "cull": false
                },
                "south": {
                    "uv": [ 0, 0, 1, 1 ],
                    "textureFacing": "south",
                    "cull": false
                },
                "west": {
                    "uv": [ 0, 0, 1, 1 ],
                    "textureFacing": "west",
                    "cull": false
                },
                "east": {
                    "uv": [ 0, 0, 1, 1 ],
                    "textureFacing": "east",
                    "cull": false
                }
            }
        },
        {   "type": "cube",
            "from": [0, 13, 14],
            "to": [1, 14, 15],
            "faceData": {
                "down": {
                    "uv": [ 0, 0, 1, 1 ],
                    "textureFacing": "down"
                },
                "up": {
                    "uv": [ 0, 0, 1, 1 ],
                    "textureFacing": "up",
                    "cull": false
                },
                "north": {
                    "uv": [ 0, 0, 1, 1 ],
                    "textureFacing": "north",
                    "cull": false
                },
                "south": {
                    "uv": [ 0, 0, 1, 1 ],
                    "textureFacing": "south",
                    "cull": false
                },
                "west": {
                    "uv": [ 0, 0, 1, 1 ],
                    "textureFacing": "west",
                    "cull": false
                },
                "east": {
                    "uv": [ 0, 0, 1, 1 ],
                    "textureFacing": "east",
                    "cull": false
                }
            }
        },
        {   "__comment": "SOUTH",
            "type": "cube",
            "from": [1, 3, 15],
            "to": [2, 4, 16],
            "faceData": {
                "down": {
                    "uv": [ 0, 0, 1, 1 ],
                    "textureFacing": "down"
                },
                "up": {
                    "uv": [ 0, 0, 1, 1 ],
                    "textureFacing": "up",
                    "cull": false
                },
                "north": {
                    "uv": [ 0, 0, 1, 1 ],
                    "textureFacing": "north",
                    "cull": false
                },
                "south": {
                    "uv": [ 0, 0, 1, 1 ],
                    "textureFacing": "south",
                    "cull": false
                },
                "west": {
                    "uv": [ 0, 0, 1, 1 ],
                    "textureFacing": "west",
                    "cull": false
                },
                "east": {
                    "uv": [ 0, 0, 1, 1 ],
                    "textureFacing": "east",
                    "cull": false
                }
            }
        },
        {   "type": "cube",
            "from": [1, 9, 15],
            "to": [2, 10, 16],
            "faceData": {
                "down": {
                    "uv": [ 0, 0, 1, 1 ],
                    "textureFacing": "down"
                },
                "up": {
                    "uv": [ 0, 0, 1, 1 ],
                    "textureFacing": "up",
                    "cull": false
                },
                "north": {
                    "uv": [ 0, 0, 1, 1 ],
                    "textureFacing": "north",
                    "cull": false
                },
                "south": {
                    "uv": [ 0, 0, 1, 1 ],
                    "textureFacing": "south",
                    "cull": false
                },
                "west": {
                    "uv": [ 0, 0, 1, 1 ],
                    "textureFacing": "west",
                    "cull": false
                },
                "east": {
                    "uv": [ 0, 0, 1, 1 ],
                    "textureFacing": "east",
                    "cull": false
                }
            }
        },
        {   "type": "cube",
            "from": [1, 13, 15],
            "to": [2, 14, 16],
            "faceData": {
                "down": {
                    "uv": [ 0, 0, 1, 1 ],
                    "textureFacing": "down"
                },
                "up": {
                    "uv": [ 0, 0, 1, 1 ],
                    "textureFacing": "up",
                    "cull": false
                },
                "north": {
                    "uv": [ 0, 0, 1, 1 ],
                    "textureFacing": "north",
                    "cull": false
                },
                "south": {
                    "uv": [ 0, 0, 1, 1 ],
                    "textureFacing": "south",
                    "cull": false
                },
                "west": {
                    "uv": [ 0, 0, 1, 1 ],
                    "textureFacing": "west",
                    "cull": false
                },
                "east": {
                    "uv": [ 0, 0, 1, 1 ],
                    "textureFacing": "east",
                    "cull": false
                }
            }
        },
        {   "type": "cube",
            "from": [7, 1, 15],
            "to": [8, 2, 16],
            "faceData": {
                "down": {
                    "uv": [ 0, 0, 1, 1 ],
                    "textureFacing": "down"
                },
                "up": {
                    "uv": [ 0, 0, 1, 1 ],
                    "textureFacing": "up",
                    "cull": false
                },
                "north": {
                    "uv": [ 0, 0, 1, 1 ],
                    "textureFacing": "north",
                    "cull": false
                },
                "south": {
                    "uv": [ 0, 0, 1, 1 ],
                    "textureFacing": "south",
                    "cull": false
                },
                "west": {
                    "uv": [ 0, 0, 1, 1 ],
                    "textureFacing": "west",
                    "cull": false
                },
                "east": {
                    "uv": [ 0, 0, 1, 1 ],
                    "textureFacing": "east",
                    "cull": false
                }
            }
        },
        {   "type": "cube",
            "from": [8, 3, 15],
            "to": [9, 4, 16],
            "faceData": {
                "down": {
                    "uv": [ 0, 0, 1, 1 ],
                    "textureFacing": "down"
                },
                "up": {
                    "uv": [ 0, 0, 1, 1 ],
                    "textureFacing": "up",
                    "cull": false
                },
                "north": {
                    "uv": [ 0, 0, 1, 1 ],
                    "textureFacing": "north",
                    "cull": false
                },
                "south": {
                    "uv": [ 0, 0, 1, 1 ],
                    "textureFacing": "south",
                    "cull": false
                },
                "west": {
                    "uv": [ 0, 0, 1, 1 ],
                    "textureFacing": "west",
                    "cull": false
                },
                "east": {
                    "uv": [ 0, 0, 1, 1 ],
                    "textureFacing": "east",
                    "cull": false
                }
            }
        },
        {   "type": "cube",
            "from": [7, 6, 15],
            "to": [8, 7, 16],
            "faceData": {
                "down": {
                    "uv": [ 0, 0, 1, 1 ],
                    "textureFacing": "down"
                },
                "up": {
                    "uv": [ 0, 0, 1, 1 ],
                    "textureFacing": "up",
                    "cull": false
                },
                "north": {
                    "uv": [ 0, 0, 1, 1 ],
                    "textureFacing": "north",
                    "cull": false
                },
                "south": {
                    "uv": [ 0, 0, 1, 1 ],
                    "textureFacing": "south",
                    "cull": false
                },
                "west": {
                    "uv": [ 0, 0, 1, 1 ],
                    "textureFacing": "west",
                    "cull": false
                },
                "east": {
                    "uv": [ 0, 0, 1, 1 ],
                    "textureFacing": "east",
                    "cull": false
                }
            }
        },
        {   "type": "cube",
            "from": [8, 8, 15],
            "to": [9, 9, 16],
            "faceData": {
                "down": {
                    "uv": [ 0, 0, 1, 1 ],
                    "textureFacing": "down"
                },
                "up": {
                    "uv": [ 0, 0, 1, 1 ],
                    "textureFacing": "up",
                    "cull": false
                },
                "north": {
                    "uv": [ 0, 0, 1, 1 ],
                    "textureFacing": "north",
                    "cull": false
                },
                "south": {
                    "uv": [ 0, 0, 1, 1 ],
                    "textureFacing": "south",
                    "cull": false
                },
                "west": {
                    "uv": [ 0, 0, 1, 1 ],
                    "textureFacing": "west",
                    "cull": false
                },
                "east": {
                    "uv": [ 0, 0, 1, 1 ],
                    "textureFacing": "east",
                    "cull": false
                }
            }
        },
        {   "type": "cube",
            "from": [8, 12, 15],
            "to": [9, 13, 16],
            "faceData": {
                "down": {
                    "uv": [ 0, 0, 1, 1 ],
                    "textureFacing": "down"
                },
                "up": {
                    "uv": [ 0, 0, 1, 1 ],
                    "textureFacing": "up",
                    "cull": false
                },
                "north": {
                    "uv": [ 0, 0, 1, 1 ],
                    "textureFacing": "north",
                    "cull": false
                },
                "south": {
                    "uv": [ 0, 0, 1, 1 ],
                    "textureFacing": "south",
                    "cull": false
                },
                "west": {
                    "uv": [ 0, 0, 1, 1 ],
                    "textureFacing": "west",
                    "cull": false
                },
                "east": {
                    "uv": [ 0, 0, 1, 1 ],
                    "textureFacing": "east",
                    "cull": false
                }
            }
        },
        {   "type": "cube",
            "from": [7, 14, 15],
            "to": [8, 15, 16],
            "faceData": {
                "down": {
                    "uv": [ 0, 0, 1, 1 ],
                    "textureFacing": "down"
                },
                "up": {
                    "uv": [ 0, 0, 1, 1 ],
                    "textureFacing": "up",
                    "cull": false
                },
                "north": {
                    "uv": [ 0, 0, 1, 1 ],
                    "textureFacing": "north",
                    "cull": false
                },
                "south": {
                    "uv": [ 0, 0, 1, 1 ],
                    "textureFacing": "south",
                    "cull": false
                },
                "west": {
                    "uv": [ 0, 0, 1, 1 ],
                    "textureFacing": "west",
                    "cull": false
                },
                "east": {
                    "uv": [ 0, 0, 1, 1 ],
                    "textureFacing": "east",
                    "cull": false
                }
            }
        },
        {   "type": "cube",
            "from": [14, 5, 15],
            "to": [15, 6, 16],
            "faceData": {
                "down": {
                    "uv": [ 0, 0, 1, 1 ],
                    "textureFacing": "down"
                },
                "up": {
                    "uv": [ 0, 0, 1, 1 ],
                    "textureFacing": "up",
                    "cull": false
                },
                "north": {
                    "uv": [ 0, 0, 1, 1 ],
                    "textureFacing": "north",
                    "cull": false
                },
                "south": {
                    "uv": [ 0, 0, 1, 1 ],
                    "textureFacing": "south",
                    "cull": false
                },
                "west": {
                    "uv": [ 0, 0, 1, 1 ],
                    "textureFacing": "west",
                    "cull": false
                },
                "east": {
                    "uv": [ 0, 0, 1, 1 ],
                    "textureFacing": "east",
                    "cull": false
                }
            }
        },
        {   "type": "cube",
            "from": [14, 9, 15],
            "to": [15, 10, 16],
            "faceData": {
                "down": {
                    "uv": [ 0, 0, 1, 1 ],
                    "textureFacing": "down"
                },
                "up": {
                    "uv": [ 0, 0, 1, 1 ],
                    "textureFacing": "up",
                    "cull": false
                },
                "north": {
                    "uv": [ 0, 0, 1, 1 ],
                    "textureFacing": "north",
                    "cull": false
                },
                "south": {
                    "uv": [ 0, 0, 1, 1 ],
                    "textureFacing": "south",
                    "cull": false
                },
                "west": {
                    "uv": [ 0, 0, 1, 1 ],
                    "textureFacing": "west",
                    "cull": false
                },
                "east": {
                    "uv": [ 0, 0, 1, 1 ],
                    "textureFacing": "east",
                    "cull": false
                }
            }
        },
        {   "type": "cube",
            "from": [14, 13, 15],
            "to": [15, 14, 16],
            "faceData": {
                "down": {
                    "uv": [ 0, 0, 1, 1 ],
                    "textureFacing": "down"
                },
                "up": {
                    "uv": [ 0, 0, 1, 1 ],
                    "textureFacing": "up",
                    "cull": false
                },
                "north": {
                    "uv": [ 0, 0, 1, 1 ],
                    "textureFacing": "north",
                    "cull": false
                },
                "south": {
                    "uv": [ 0, 0, 1, 1 ],
                    "textureFacing": "south",
                    "cull": false
                },
                "west": {
                    "uv": [ 0, 0, 1, 1 ],
                    "textureFacing": "west",
                    "cull": false
                },
                "east": {
                    "uv": [ 0, 0, 1, 1 ],
                    "textureFacing": "east",
                    "cull": false
                }
            }
        },
        {   "__comment": "NORTH",
            "type": "cube",
            "from": [14, 3, 0],
            "to": [15, 4, 1],
            "faceData": {
                "down": {
                    "uv": [ 0, 0, 1, 1 ],
                    "textureFacing": "down"
                },
                "up": {
                    "uv": [ 0, 0, 1, 1 ],
                    "textureFacing": "up",
                    "cull": false
                },
                "north": {
                    "uv": [ 0, 0, 1, 1 ],
                    "textureFacing": "north",
                    "cull": false
                },
                "south": {
                    "uv": [ 0, 0, 1, 1 ],
                    "textureFacing": "south",
                    "cull": false
                },
                "west": {
                    "uv": [ 0, 0, 1, 1 ],
                    "textureFacing": "west",
                    "cull": false
                },
                "east": {
                    "uv": [ 0, 0, 1, 1 ],
                    "textureFacing": "east",
                    "cull": false
                }
            }
        },
        {   "type": "cube",
            "from": [14, 9, 0],
            "to": [15, 10, 1],
            "faceData": {
                "down": {
                    "uv": [ 0, 0, 1, 1 ],
                    "textureFacing": "down"
                },
                "up": {
                    "uv": [ 0, 0, 1, 1 ],
                    "textureFacing": "up",
                    "cull": false
                },
                "north": {
                    "uv": [ 0, 0, 1, 1 ],
                    "textureFacing": "north",
                    "cull": false
                },
                "south": {
                    "uv": [ 0, 0, 1, 1 ],
                    "textureFacing": "south",
                    "cull": false
                },
                "west": {
                    "uv": [ 0, 0, 1, 1 ],
                    "textureFacing": "west",
                    "cull": false
                },
                "east": {
                    "uv": [ 0, 0, 1, 1 ],
                    "textureFacing": "east",
                    "cull": false
                }
            }
        },
        {   "type": "cube",
            "from": [14, 13, 0],
            "to": [15, 14, 1],
            "faceData": {
                "down": {
                    "uv": [ 0, 0, 1, 1 ],
                    "textureFacing": "down"
                },
                "up": {
                    "uv": [ 0, 0, 1, 1 ],
                    "textureFacing": "up",
                    "cull": false
                },
                "north": {
                    "uv": [ 0, 0, 1, 1 ],
                    "textureFacing": "north",
                    "cull": false
                },
                "south": {
                    "uv": [ 0, 0, 1, 1 ],
                    "textureFacing": "south",
                    "cull": false
                },
                "west": {
                    "uv": [ 0, 0, 1, 1 ],
                    "textureFacing": "west",
                    "cull": false
                },
                "east": {
                    "uv": [ 0, 0, 1, 1 ],
                    "textureFacing": "east",
                    "cull": false
                }
            }
        },
        {   "type": "cube",
            "from": [8, 1, 0],
            "to": [9, 2, 1],
            "faceData": {
                "down": {
                    "uv": [ 0, 0, 1, 1 ],
                    "textureFacing": "down"
                },
                "up": {
                    "uv": [ 0, 0, 1, 1 ],
                    "textureFacing": "up",
                    "cull": false
                },
                "north": {
                    "uv": [ 0, 0, 1, 1 ],
                    "textureFacing": "north",
                    "cull": false
                },
                "south": {
                    "uv": [ 0, 0, 1, 1 ],
                    "textureFacing": "south",
                    "cull": false
                },
                "west": {
                    "uv": [ 0, 0, 1, 1 ],
                    "textureFacing": "west",
                    "cull": false
                },
                "east": {
                    "uv": [ 0, 0, 1, 1 ],
                    "textureFacing": "east",
                    "cull": false
                }
            }
        },
        {   "type": "cube",
            "from": [7, 3, 0],
            "to": [8, 4, 1],
            "faceData": {
                "down": {
                    "uv": [ 0, 0, 1, 1 ],
                    "textureFacing": "down"
                },
                "up": {
                    "uv": [ 0, 0, 1, 1 ],
                    "textureFacing": "up",
                    "cull": false
                },
                "north": {
                    "uv": [ 0, 0, 1, 1 ],
                    "textureFacing": "north",
                    "cull": false
                },
                "south": {
                    "uv": [ 0, 0, 1, 1 ],
                    "textureFacing": "south",
                    "cull": false
                },
                "west": {
                    "uv": [ 0, 0, 1, 1 ],
                    "textureFacing": "west",
                    "cull": false
                },
                "east": {
                    "uv": [ 0, 0, 1, 1 ],
                    "textureFacing": "east",
                    "cull": false
                }
            }
        },
        {   "type": "cube",
            "from": [8, 6, 0],
            "to": [9, 7, 1],
            "faceData": {
                "down": {
                    "uv": [ 0, 0, 1, 1 ],
                    "textureFacing": "down"
                },
                "up": {
                    "uv": [ 0, 0, 1, 1 ],
                    "textureFacing": "up",
                    "cull": false
                },
                "north": {
                    "uv": [ 0, 0, 1, 1 ],
                    "textureFacing": "north",
                    "cull": false
                },
                "south": {
                    "uv": [ 0, 0, 1, 1 ],
                    "textureFacing": "south",
                    "cull": false
                },
                "west": {
                    "uv": [ 0, 0, 1, 1 ],
                    "textureFacing": "west",
                    "cull": false
                },
                "east": {
                    "uv": [ 0, 0, 1, 1 ],
                    "textureFacing": "east",
                    "cull": false
                }
            }
        },
        {   "type": "cube",
            "from": [7, 8, 0],
            "to": [8, 9, 1],
            "faceData": {
                "down": {
                    "uv": [ 0, 0, 1, 1 ],
                    "textureFacing": "down"
                },
                "up": {
                    "uv": [ 0, 0, 1, 1 ],
                    "textureFacing": "up",
                    "cull": false
                },
                "north": {
                    "uv": [ 0, 0, 1, 1 ],
                    "textureFacing": "north",
                    "cull": false
                },
                "south": {
                    "uv": [ 0, 0, 1, 1 ],
                    "textureFacing": "south",
                    "cull": false
                },
                "west": {
                    "uv": [ 0, 0, 1, 1 ],
                    "textureFacing": "west",
                    "cull": false
                },
                "east": {
                    "uv": [ 0, 0, 1, 1 ],
                    "textureFacing": "east",
                    "cull": false
                }
            }
        },
        {   "type": "cube",
            "from": [7, 12, 0],
            "to": [8, 13, 1],
            "faceData": {
                "down": {
                    "uv": [ 0, 0, 1, 1 ],
                    "textureFacing": "down"
                },
                "up": {
                    "uv": [ 0, 0, 1, 1 ],
                    "textureFacing": "up",
                    "cull": false
                },
                "north": {
                    "uv": [ 0, 0, 1, 1 ],
                    "textureFacing": "north",
                    "cull": false
                },
                "south": {
                    "uv": [ 0, 0, 1, 1 ],
                    "textureFacing": "south",
                    "cull": false
                },
                "west": {
                    "uv": [ 0, 0, 1, 1 ],
                    "textureFacing": "west",
                    "cull": false
                },
                "east": {
                    "uv": [ 0, 0, 1, 1 ],
                    "textureFacing": "east",
                    "cull": false
                }
            }
        },
        {   "type": "cube",
            "from": [8, 14, 0],
            "to": [9, 15, 1],
            "faceData": {
                "down": {
                    "uv": [ 0, 0, 1, 1 ],
                    "textureFacing": "down"
                },
                "up": {
                    "uv": [ 0, 0, 1, 1 ],
                    "textureFacing": "up",
                    "cull": false
                },
                "north": {
                    "uv": [ 0, 0, 1, 1 ],
                    "textureFacing": "north",
                    "cull": false
                },
                "south": {
                    "uv": [ 0, 0, 1, 1 ],
                    "textureFacing": "south",
                    "cull": false
                },
                "west": {
                    "uv": [ 0, 0, 1, 1 ],
                    "textureFacing": "west",
                    "cull": false
                },
                "east": {
                    "uv": [ 0, 0, 1, 1 ],
                    "textureFacing": "east",
                    "cull": false
                }
            }
        },
        {   "type": "cube",
            "from": [1, 5, 0],
            "to": [2, 6, 1],
            "faceData": {
                "down": {
                    "uv": [ 0, 0, 1, 1 ],
                    "textureFacing": "down"
                },
                "up": {
                    "uv": [ 0, 0, 1, 1 ],
                    "textureFacing": "up",
                    "cull": false
                },
                "north": {
                    "uv": [ 0, 0, 1, 1 ],
                    "textureFacing": "north",
                    "cull": false
                },
                "south": {
                    "uv": [ 0, 0, 1, 1 ],
                    "textureFacing": "south",
                    "cull": false
                },
                "west": {
                    "uv": [ 0, 0, 1, 1 ],
                    "textureFacing": "west",
                    "cull": false
                },
                "east": {
                    "uv": [ 0, 0, 1, 1 ],
                    "textureFacing": "east",
                    "cull": false
                }
            }
        },
        {   "type": "cube",
            "from": [1, 9, 0],
            "to": [2, 10, 1],
            "faceData": {
                "down": {
                    "uv": [ 0, 0, 1, 1 ],
                    "textureFacing": "down"
                },
                "up": {
                    "uv": [ 0, 0, 1, 1 ],
                    "textureFacing": "up",
                    "cull": false
                },
                "north": {
                    "uv": [ 0, 0, 1, 1 ],
                    "textureFacing": "north",
                    "cull": false
                },
                "south": {
                    "uv": [ 0, 0, 1, 1 ],
                    "textureFacing": "south",
                    "cull": false
                },
                "west": {
                    "uv": [ 0, 0, 1, 1 ],
                    "textureFacing": "west",
                    "cull": false
                },
                "east": {
                    "uv": [ 0, 0, 1, 1 ],
                    "textureFacing": "east",
                    "cull": false
                }
            }
        },
        {   "type": "cube",
            "from": [1, 13, 0],
            "to": [2, 14, 1],
            "faceData": {
                "down": {
                    "uv": [ 0, 0, 1, 1 ],
                    "textureFacing": "down"
                },
                "up": {
                    "uv": [ 0, 0, 1, 1 ],
                    "textureFacing": "up",
                    "cull": false
                },
                "north": {
                    "uv": [ 0, 0, 1, 1 ],
                    "textureFacing": "north",
                    "cull": false
                },
                "south": {
                    "uv": [ 0, 0, 1, 1 ],
                    "textureFacing": "south",
                    "cull": false
                },
                "west": {
                    "uv": [ 0, 0, 1, 1 ],
                    "textureFacing": "west",
                    "cull": false
                },
                "east": {
                    "uv": [ 0, 0, 1, 1 ],
                    "textureFacing": "east",
                    "cull": false
                }
            }
        },
        {   "__comment": "EAST",
            "type": "cube",
            "from": [15, 3, 14],
            "to": [16, 4, 15],
            "faceData": {
                "down": {
                    "uv": [ 0, 0, 1, 1 ],
                    "textureFacing": "down"
                },
                "up": {
                    "uv": [ 0, 0, 1, 1 ],
                    "textureFacing": "up",
                    "cull": false
                },
                "north": {
                    "uv": [ 0, 0, 1, 1 ],
                    "textureFacing": "north",
                    "cull": false
                },
                "south": {
                    "uv": [ 0, 0, 1, 1 ],
                    "textureFacing": "south",
                    "cull": false
                },
                "west": {
                    "uv": [ 0, 0, 1, 1 ],
                    "textureFacing": "west",
                    "cull": false
                },
                "east": {
                    "uv": [ 0, 0, 1, 1 ],
                    "textureFacing": "east",
                    "cull": false
                }
            }
        },
        {   "type": "cube",
            "from": [15, 9, 14],
            "to": [16, 10, 15],
            "faceData": {
                "down": {
                    "uv": [ 0, 0, 1, 1 ],
                    "textureFacing": "down"
                },
                "up": {
                    "uv": [ 0, 0, 1, 1 ],
                    "textureFacing": "up",
                    "cull": false
                },
                "north": {
                    "uv": [ 0, 0, 1, 1 ],
                    "textureFacing": "north",
                    "cull": false
                },
                "south": {
                    "uv": [ 0, 0, 1, 1 ],
                    "textureFacing": "south",
                    "cull": false
                },
                "west": {
                    "uv": [ 0, 0, 1, 1 ],
                    "textureFacing": "west",
                    "cull": false
                },
                "east": {
                    "uv": [ 0, 0, 1, 1 ],
                    "textureFacing": "east",
                    "cull": false
                }
            }
        },
        {   "type": "cube",
            "from": [15, 13, 14],
            "to": [16, 14, 15],
            "faceData": {
                "down": {
                    "uv": [ 0, 0, 1, 1 ],
                    "textureFacing": "down"
                },
                "up": {
                    "uv": [ 0, 0, 1, 1 ],
                    "textureFacing": "up",
                    "cull": false
                },
                "north": {
                    "uv": [ 0, 0, 1, 1 ],
                    "textureFacing": "north",
                    "cull": false
                },
                "south": {
                    "uv": [ 0, 0, 1, 1 ],
                    "textureFacing": "south",
                    "cull": false
                },
                "west": {
                    "uv": [ 0, 0, 1, 1 ],
                    "textureFacing": "west",
                    "cull": false
                },
                "east": {
                    "uv": [ 0, 0, 1, 1 ],
                    "textureFacing": "east",
                    "cull": false
                }
            }
        },
        {   "type": "cube",
            "from": [15, 1, 8],
            "to": [16, 2, 9],
            "faceData": {
                "down": {
                    "uv": [ 0, 0, 1, 1 ],
                    "textureFacing": "down"
                },
                "up": {
                    "uv": [ 0, 0, 1, 1 ],
                    "textureFacing": "up",
                    "cull": false
                },
                "north": {
                    "uv": [ 0, 0, 1, 1 ],
                    "textureFacing": "north",
                    "cull": false
                },
                "south": {
                    "uv": [ 0, 0, 1, 1 ],
                    "textureFacing": "south",
                    "cull": false
                },
                "west": {
                    "uv": [ 0, 0, 1, 1 ],
                    "textureFacing": "west",
                    "cull": false
                },
                "east": {
                    "uv": [ 0, 0, 1, 1 ],
                    "textureFacing": "east",
                    "cull": false
                }
            }
        },
        {   "type": "cube",
            "from": [15, 3, 7],
            "to": [16, 4, 8],
            "faceData": {
                "down": {
                    "uv": [ 0, 0, 1, 1 ],
                    "textureFacing": "down"
                },
                "up": {
                    "uv": [ 0, 0, 1, 1 ],
                    "textureFacing": "up",
                    "cull": false
                },
                "north": {
                    "uv": [ 0, 0, 1, 1 ],
                    "textureFacing": "north",
                    "cull": false
                },
                "south": {
                    "uv": [ 0, 0, 1, 1 ],
                    "textureFacing": "south",
                    "cull": false
                },
                "west": {
                    "uv": [ 0, 0, 1, 1 ],
                    "textureFacing": "west",
                    "cull": false
                },
                "east": {
                    "uv": [ 0, 0, 1, 1 ],
                    "textureFacing": "east",
                    "cull": false
                }
            }
        },
        {   "type": "cube",
            "from": [15, 6, 8],
            "to": [16, 7, 9],
            "faceData": {
                "down": {
                    "uv": [ 0, 0, 1, 1 ],
                    "textureFacing": "down"
                },
                "up": {
                    "uv": [ 0, 0, 1, 1 ],
                    "textureFacing": "up",
                    "cull": false
                },
                "north": {
                    "uv": [ 0, 0, 1, 1 ],
                    "textureFacing": "north",
                    "cull": false
                },
                "south": {
                    "uv": [ 0, 0, 1, 1 ],
                    "textureFacing": "south",
                    "cull": false
                },
                "west": {
                    "uv": [ 0, 0, 1, 1 ],
                    "textureFacing": "west",
                    "cull": false
                },
                "east": {
                    "uv": [ 0, 0, 1, 1 ],
                    "textureFacing": "east",
                    "cull": false
                }
            }
        },
        {   "type": "cube",
            "from": [15, 8, 7],
            "to": [16, 9, 8],
            "faceData": {
                "down": {
                    "uv": [ 0, 0, 1, 1 ],
                    "textureFacing": "down"
                },
                "up": {
                    "uv": [ 0, 0, 1, 1 ],
                    "textureFacing": "up",
                    "cull": false
                },
                "north": {
                    "uv": [ 0, 0, 1, 1 ],
                    "textureFacing": "north",
                    "cull": false
                },
                "south": {
                    "uv": [ 0, 0, 1, 1 ],
                    "textureFacing": "south",
                    "cull": false
                },
                "west": {
                    "uv": [ 0, 0, 1, 1 ],
                    "textureFacing": "west",
                    "cull": false
                },
                "east": {
                    "uv": [ 0, 0, 1, 1 ],
                    "textureFacing": "east",
                    "cull": false
                }
            }
        },
        {   "type": "cube",
            "from": [15, 12, 7],
            "to": [16, 13, 8],
            "faceData": {
                "down": {
                    "uv": [ 0, 0, 1, 1 ],
                    "textureFacing": "down"
                },
                "up": {
                    "uv": [ 0, 0, 1, 1 ],
                    "textureFacing": "up",
                    "cull": false
                },
                "north": {
                    "uv": [ 0, 0, 1, 1 ],
                    "textureFacing": "north",
                    "cull": false
                },
                "south": {
                    "uv": [ 0, 0, 1, 1 ],
                    "textureFacing": "south",
                    "cull": false
                },
                "west": {
                    "uv": [ 0, 0, 1, 1 ],
                    "textureFacing": "west",
                    "cull": false
                },
                "east": {
                    "uv": [ 0, 0, 1, 1 ],
                    "textureFacing": "east",
                    "cull": false
                }
            }
        },
        {   "type": "cube",
            "from": [15, 14, 8],
            "to": [16, 15, 9],
            "faceData": {
                "down": {
                    "uv": [ 0, 0, 1, 1 ],
                    "textureFacing": "down"
                },
                "up": {
                    "uv": [ 0, 0, 1, 1 ],
                    "textureFacing": "up",
                    "cull": false
                },
                "north": {
                    "uv": [ 0, 0, 1, 1 ],
                    "textureFacing": "north",
                    "cull": false
                },
                "south": {
                    "uv": [ 0, 0, 1, 1 ],
                    "textureFacing": "south",
                    "cull": false
                },
                "west": {
                    "uv": [ 0, 0, 1, 1 ],
                    "textureFacing": "west",
                    "cull": false
                },
                "east": {
                    "uv": [ 0, 0, 1, 1 ],
                    "textureFacing": "east",
                    "cull": false
                }
            }
        },
        {   "type": "cube",
            "from": [15, 5, 1],
            "to": [16, 6, 2],
            "faceData": {
                "down": {
                    "uv": [ 0, 0, 1, 1 ],
                    "textureFacing": "down"
                },
                "up": {
                    "uv": [ 0, 0, 1, 1 ],
                    "textureFacing": "up",
                    "cull": false
                },
                "north": {
                    "uv": [ 0, 0, 1, 1 ],
                    "textureFacing": "north",
                    "cull": false
                },
                "south": {
                    "uv": [ 0, 0, 1, 1 ],
                    "textureFacing": "south",
                    "cull": false
                },
                "west": {
                    "uv": [ 0, 0, 1, 1 ],
                    "textureFacing": "west",
                    "cull": false
                },
                "east": {
                    "uv": [ 0, 0, 1, 1 ],
                    "textureFacing": "east",
                    "cull": false
                }
            }
        },
        {   "type": "cube",
            "from": [15, 9, 1],
            "to": [16, 10, 2],
            "faceData": {
                "down": {
                    "uv": [ 0, 0, 1, 1 ],
                    "textureFacing": "down"
                },
                "up": {
                    "uv": [ 0, 0, 1, 1 ],
                    "textureFacing": "up",
                    "cull": false
                },
                "north": {
                    "uv": [ 0, 0, 1, 1 ],
                    "textureFacing": "north",
                    "cull": false
                },
                "south": {
                    "uv": [ 0, 0, 1, 1 ],
                    "textureFacing": "south",
                    "cull": false
                },
                "west": {
                    "uv": [ 0, 0, 1, 1 ],
                    "textureFacing": "west",
                    "cull": false
                },
                "east": {
                    "uv": [ 0, 0, 1, 1 ],
                    "textureFacing": "east",
                    "cull": false
                }
            }
        },
        {   "type": "cube",
            "from": [15, 13, 1],
            "to": [16, 14, 2],
            "faceData": {
                "down": {
                    "uv": [ 0, 0, 1, 1 ],
                    "textureFacing": "down"
                },
                "up": {
                    "uv": [ 0, 0, 1, 1 ],
                    "textureFacing": "up",
                    "cull": false
                },
                "north": {
                    "uv": [ 0, 0, 1, 1 ],
                    "textureFacing": "north",
                    "cull": false
                },
                "south": {
                    "uv": [ 0, 0, 1, 1 ],
                    "textureFacing": "south",
                    "cull": false
                },
                "west": {
                    "uv": [ 0, 0, 1, 1 ],
                    "textureFacing": "west",
                    "cull": false
                },
                "east": {
                    "uv": [ 0, 0, 1, 1 ],
                    "textureFacing": "east",
                    "cull": false
                }
            }
        },
        {   "__comment": "TOP",
            "type": "cube",
            "from": [7, 16, 3],
            "to": [8, 17, 4],
            "faceData": {
                "down": {
                    "uv": [ 0, 0, 1, 1 ],
                    "textureFacing": "down"
                },
                "up": {
                    "uv": [ 0, 0, 1, 1 ],
                    "textureFacing": "up",
                    "cull": false
                },
                "north": {
                    "uv": [ 0, 0, 1, 1 ],
                    "textureFacing": "north",
                    "cull": false
                },
                "south": {
                    "uv": [ 0, 0, 1, 1 ],
                    "textureFacing": "south",
                    "cull": false
                },
                "west": {
                    "uv": [ 0, 0, 1, 1 ],
                    "textureFacing": "west",
                    "cull": false
                },
                "east": {
                    "uv": [ 0, 0, 1, 1 ],
                    "textureFacing": "east",
                    "cull": false
                }
            }
        },
        {   "type": "cube",
            "from": [11, 16, 3],
            "to": [12, 17, 4],
            "faceData": {
                "down": {
                    "uv": [ 0, 0, 1, 1 ],
                    "textureFacing": "down"
                },
                "up": {
                    "uv": [ 0, 0, 1, 1 ],
                    "textureFacing": "up",
                    "cull": false
                },
                "north": {
                    "uv": [ 0, 0, 1, 1 ],
                    "textureFacing": "north",
                    "cull": false
                },
                "south": {
                    "uv": [ 0, 0, 1, 1 ],
                    "textureFacing": "south",
                    "cull": false
                },
                "west": {
                    "uv": [ 0, 0, 1, 1 ],
                    "textureFacing": "west",
                    "cull": false
                },
                "east": {
                    "uv": [ 0, 0, 1, 1 ],
                    "textureFacing": "east",
                    "cull": false
                }
            }
        },
        {   "type": "cube",
            "from": [4, 16, 5],
            "to": [5, 17, 6],
            "faceData": {
                "down": {
                    "uv": [ 0, 0, 1, 1 ],
                    "textureFacing": "down"
                },
                "up": {
                    "uv": [ 0, 0, 1, 1 ],
                    "textureFacing": "up",
                    "cull": false
                },
                "north": {
                    "uv": [ 0, 0, 1, 1 ],
                    "textureFacing": "north",
                    "cull": false
                },
                "south": {
                    "uv": [ 0, 0, 1, 1 ],
                    "textureFacing": "south",
                    "cull": false
                },
                "west": {
                    "uv": [ 0, 0, 1, 1 ],
                    "textureFacing": "west",
                    "cull": false
                },
                "east": {
                    "uv": [ 0, 0, 1, 1 ],
                    "textureFacing": "east",
                    "cull": false
                }
            }
        },
        {   "type": "cube",
            "from": [9, 16, 6],
            "to": [10, 17, 7],
            "faceData": {
                "down": {
                    "uv": [ 0, 0, 1, 1 ],
                    "textureFacing": "down"
                },
                "up": {
                    "uv": [ 0, 0, 1, 1 ],
                    "textureFacing": "up",
                    "cull": false
                },
                "north": {
                    "uv": [ 0, 0, 1, 1 ],
                    "textureFacing": "north",
                    "cull": false
                },
                "south": {
                    "uv": [ 0, 0, 1, 1 ],
                    "textureFacing": "south",
                    "cull": false
                },
                "west": {
                    "uv": [ 0, 0, 1, 1 ],
                    "textureFacing": "west",
                    "cull": false
                },
                "east": {
                    "uv": [ 0, 0, 1, 1 ],
                    "textureFacing": "east",
                    "cull": false
                }
            }
        },
        {   "type": "cube",
            "from": [4, 16, 8],
            "to": [5, 17, 9],
            "faceData": {
                "down": {
                    "uv": [ 0, 0, 1, 1 ],
                    "textureFacing": "down"
                },
                "up": {
                    "uv": [ 0, 0, 1, 1 ],
                    "textureFacing": "up",
                    "cull": false
                },
                "north": {
                    "uv": [ 0, 0, 1, 1 ],
                    "textureFacing": "north",
                    "cull": false
                },
                "south": {
                    "uv": [ 0, 0, 1, 1 ],
                    "textureFacing": "south",
                    "cull": false
                },
                "west": {
                    "uv": [ 0, 0, 1, 1 ],
                    "textureFacing": "west",
                    "cull": false
                },
                "east": {
                    "uv": [ 0, 0, 1, 1 ],
                    "textureFacing": "east",
                    "cull": false
                }
            }
        },
        {   "type": "cube",
            "from": [12, 16, 8],
            "to": [13, 17, 9],
            "faceData": {
                "down": {
                    "uv": [ 0, 0, 1, 1 ],
                    "textureFacing": "down"
                },
                "up": {
                    "uv": [ 0, 0, 1, 1 ],
                    "textureFacing": "up",
                    "cull": false
                },
                "north": {
                    "uv": [ 0, 0, 1, 1 ],
                    "textureFacing": "north",
                    "cull": false
                },
                "south": {
                    "uv": [ 0, 0, 1, 1 ],
                    "textureFacing": "south",
                    "cull": false
                },
                "west": {
                    "uv": [ 0, 0, 1, 1 ],
                    "textureFacing": "west",
                    "cull": false
                },
                "east": {
                    "uv": [ 0, 0, 1, 1 ],
                    "textureFacing": "east",
                    "cull": false
                }
            }
        },
        {   "type": "cube",
            "from": [7, 16, 9],
            "to": [8, 17, 10],
            "faceData": {
                "down": {
                    "uv": [ 0, 0, 1, 1 ],
                    "textureFacing": "down"
                },
                "up": {
                    "uv": [ 0, 0, 1, 1 ],
                    "textureFacing": "up",
                    "cull": false
                },
                "north": {
                    "uv": [ 0, 0, 1, 1 ],
                    "textureFacing": "north",
                    "cull": false
                },
                "south": {
                    "uv": [ 0, 0, 1, 1 ],
                    "textureFacing": "south",
                    "cull": false
                },
                "west": {
                    "uv": [ 0, 0, 1, 1 ],
                    "textureFacing": "west",
                    "cull": false
                },
                "east": {
                    "uv": [ 0, 0, 1, 1 ],
                    "textureFacing": "east",
                    "cull": false
                }
            }
        },
        {   "type": "cube",
            "from": [9, 16, 11],
            "to": [10, 17, 12],
            "faceData": {
                "down": {
                    "uv": [ 0, 0, 1, 1 ],
                    "textureFacing": "down"
                },
                "up": {
                    "uv": [ 0, 0, 1, 1 ],
                    "textureFacing": "up",
                    "cull": false
                },
                "north": {
                    "uv": [ 0, 0, 1, 1 ],
                    "textureFacing": "north",
                    "cull": false
                },
                "south": {
                    "uv": [ 0, 0, 1, 1 ],
                    "textureFacing": "south",
                    "cull": false
                },
                "west": {
                    "uv": [ 0, 0, 1, 1 ],
                    "textureFacing": "west",
                    "cull": false
                },
                "east": {
                    "uv": [ 0, 0, 1, 1 ],
                    "textureFacing": "east",
                    "cull": false
                }
            }
        },
        {   "type": "cube",
            "from": [11, 16, 11],
            "to": [12, 17, 12],
            "faceData": {
                "down": {
                    "uv": [ 0, 0, 1, 1 ],
                    "textureFacing": "down"
                },
                "up": {
                    "uv": [ 0, 0, 1, 1 ],
                    "textureFacing": "up",
                    "cull": false
                },
                "north": {
                    "uv": [ 0, 0, 1, 1 ],
                    "textureFacing": "north",
                    "cull": false
                },
                "south": {
                    "uv": [ 0, 0, 1, 1 ],
                    "textureFacing": "south",
                    "cull": false
                },
                "west": {
                    "uv": [ 0, 0, 1, 1 ],
                    "textureFacing": "west",
                    "cull": false
                },
                "east": {
                    "uv": [ 0, 0, 1, 1 ],
                    "textureFacing": "east",
                    "cull": false
                }
            }
        },
        {   "type": "cube",
            "from": [5, 16, 12],
            "to": [6, 17, 13],
            "faceData": {
                "down": {
                    "uv": [ 0, 0, 1, 1 ],
                    "textureFacing": "down"
                },
                "up": {
                    "uv": [ 0, 0, 1, 1 ],
                    "textureFacing": "up",
                    "cull": false
                },
                "north": {
                    "uv": [ 0, 0, 1, 1 ],
                    "textureFacing": "north",
                    "cull": false
                },
                "south": {
                    "uv": [ 0, 0, 1, 1 ],
                    "textureFacing": "south",
                    "cull": false
                },
                "west": {
                    "uv": [ 0, 0, 1, 1 ],
                    "textureFacing": "west",
                    "cull": false
                },
                "east": {
                    "uv": [ 0, 0, 1, 1 ],
                    "textureFacing": "east",
                    "cull": false
                }
            }
        }
    ]
}
