{
    "__comment": "Fair warning, this format is highly likely to change even more in the future!",
    "elements": [
        {   "__comment": "TOP",
            "type": "cube",
            "from": [ 13, 5, 1 ],
            "to": [ 15, 8, 15 ],
            "faceData": {
                "down": {
                    "uv": [ 13, 1, 15, 15 ],
                    "textureFacing": "down"
                },
                "up": {
                    "uv": [ 13, 1, 15, 15 ],
                    "textureFacing": "up",
                    "cull": false
                },
                "north": {
                    "uv": [ 15, 8, 13, 11 ],
                    "textureFacing": "north",
                    "cull": false
                },
                "south": {
                    "uv": [ 13, 8, 15, 11 ],
                    "textureFacing": "south",
                    "cull": false
                },
                "west": {
                    "uv": [ 1, 8, 15, 11 ],
                    "textureFacing": "west",
                    "cull": false
                },
                "east": {
                    "uv": [ 1, 8, 15, 13 ],
                    "textureFacing": "east",
                    "cull": false
                }
            }
        },
        {   "__comment": "BOTTOM",
            "type": "cube",
            "from": [ 13, 0, 1.5 ],
            "to": [ 14.5, 5, 14.5 ],
            "faceData": {
                "down": {
                    "uv": [ 13, 2, 14, 14 ],
                    "textureFacing": "down"
                },
                "up": {
                    "uv": [ 13, 2, 14, 14 ],
                    "textureFacing": "up",
                    "cull": false
                },
                "north": {
                    "uv": [ 14.5, 13, 11, 16 ],
                    "textureFacing": "north",
                    "cull": false
                },
                "south": {
                    "uv": [ 13, 11, 14.5, 16 ],
                    "textureFacing": "south",
                    "cull": false
                },
                "west": {
                    "uv": [ 1.5, 11, 14.5, 16 ],
                    "textureFacing": "west",
                    "cull": false
                },
                "east": {
                    "uv": [ 1.5, 11, 14.5, 16 ],
                    "textureFacing": "east",
                    "cull": false
                }
            }
        },
        {   "__comment": "DETAILS",
            "type": "cube",
            "from": [ 13, 4, 13 ],
            "to": [ 15, 5, 15 ],
            "faceData": {
                "down": {
                    "uv": [ 1, 11, 1, 11 ],
                    "textureFacing": "down"
                },
                "up": {
                    "uv": [ 0, 0, 0, 0 ],
                    "textureFacing": "up",
                    "cull": false
                },
                "north": {
                    "uv": [ 1, 11, 2, 11 ],
                    "textureFacing": "north",
                    "cull": false
                },
                "south": {
                    "uv": [ 1, 11, 2, 11 ],
                    "textureFacing": "south",
                    "cull": false
                },
                "west": {
                    "uv": [ 1, 11, 2, 11 ],
                    "textureFacing": "west",
                    "cull": false
                },
                "east": {
                    "uv": [ 1, 11, 2, 11 ],
                    "textureFacing": "east",
                    "cull": false
                }
            }
        },
        {   "__comment": "DETAILS",
            "type": "cube",
            "from": [ 13, 4, 1 ],
            "to": [ 15, 5, 3 ],
            "faceData": {
                "down": {
                    "uv": [ 1, 11, 1, 11 ],
                    "textureFacing": "down"
                },
                "up": {
                    "uv": [ 0, 0, 0, 0 ],
                    "textureFacing": "up",
                    "cull": false
                },
                "north": {
                    "uv": [ 1, 11, 2, 11 ],
                    "textureFacing": "north",
                    "cull": false
                },
                "south": {
                    "uv": [ 1, 11, 2, 11 ],
                    "textureFacing": "south",
                    "cull": false
                },
                "west": {
                    "uv": [ 1, 11, 2, 11 ],
                    "textureFacing": "west",
                    "cull": false
                },
                "east": {
                    "uv": [ 1, 11, 2, 11 ],
                    "textureFacing": "east",
                    "cull": false
                }
            }
        },
        {   "__comment": "DETAILS",
            "type": "cube",
            "from": [ 14, 4, 5 ],
            "to": [ 15, 5, 7 ],
            "faceData": {
                "down": {
                    "uv": [ 1, 11, 1, 11 ],
                    "textureFacing": "down"
                },
                "up": {
                    "uv": [ 0, 0, 0, 0 ],
                    "textureFacing": "up",
                    "cull": false
                },
                "north": {
                    "uv": [ 1, 11, 1, 11 ],
                    "textureFacing": "north",
                    "cull": false
                },
                "south": {
                    "uv": [ 1, 11, 1, 11 ],
                    "textureFacing": "south",
                    "cull": false
                },
                "west": {
                    "uv": [ 1, 11, 2, 11 ],
                    "textureFacing": "west",
                    "cull": false
                },
                "east": {
                    "uv": [ 1, 11, 2, 11 ],
                    "textureFacing": "east",
                    "cull": false
                }
            }
        },
        {   "__comment": "DETAILS",
            "type": "cube",
            "from": [ 14, 4, 9 ],
            "to": [ 15, 5, 11 ],
            "faceData": {
                "down": {
                    "uv": [ 1, 11, 1, 11 ],
                    "textureFacing": "down"
                },
                "up": {
                    "uv": [ 0, 0, 0, 0 ],
                    "textureFacing": "up",
                    "cull": false
                },
                "north": {
                    "uv": [ 1, 11, 1, 11 ],
                    "textureFacing": "north",
                    "cull": false
                },
                "south": {
                    "uv": [ 1, 11, 1, 11 ],
                    "textureFacing": "south",
                    "cull": false
                },
                "west": {
                    "uv": [ 1, 11, 2, 11 ],
                    "textureFacing": "west",
                    "cull": false
                },
                "east": {
                    "uv": [ 1, 11, 2, 11 ],
                    "textureFacing": "east",
                    "cull": false
                }
            }
        }
    ]
}
