{
    "__comment": "Fair warning, this format is highly likely to change even more in the future!",
    "elements": [
        {   "type": "cube",
            "from": [ 0, 0, 0 ],
            "to": [ 16, 16, 16 ],
            "faceData": {
                "down": {
                    "uv": [ 0, 0, 16, 16 ],
                    "textureFacing": "down"
                },
                "up": {
                    "uv": [ 0, 0, 16, 16 ],
                    "textureFacing": "up"
                },
                "north": {
                    "uv": [ 0, 0, 16, 16 ],
                    "textureFacing": "north"
                },
                "south": {
                    "uv": [ 0, 0, 16, 16 ],
                    "textureFacing": "south"
                },
                "west": {
                    "uv": [ 0, 0, 16, 16 ],
                    "textureFacing": "west"
                },
                "east": {
                    "uv": [ 0, 0, 16, 16 ],
                    "textureFacing": "east"
                }
            }
        },
        {   "type": "cube",
            "from": [ 2, 3, -0.3 ],
            "to": [ 3, 13, 1 ],
            "faceData": {
                "down": {
                    "uv": [ 13, 12, 14, 13 ],
                    "textureFacing": "north"
                },
                "up": {
                    "uv": [ 13, 3, 14, 4 ],
                    "textureFacing": "north"
                },
                "north": {
                    "uv": [ 13, 3, 14, 13 ],
                    "textureFacing": "north"
                },
                "south": {
                    "uv": [ 13, 3, 14, 13 ],
                    "textureFacing": "north"
                },
                "west": {
                    "uv": [ 13, 3, 14, 13 ],
                    "textureFacing": "north"
                },
                "east": {
                    "uv": [ 13, 3, 14, 13 ],
                    "textureFacing": "north"
                }
            }
        },
        {   "type": "cube",
            "from": [ 3, 5, -0.3 ],
            "to": [ 4, 11, 1 ],
            "faceData": {
                "down": {
                    "uv": [ 12, 10, 13, 11 ],
                    "textureFacing": "north"
                },
                "up": {
                    "uv": [ 12, 5, 13, 6 ],
                    "textureFacing": "north"
                },
                "north": {
                    "uv": [ 12, 5, 13, 11 ],
                    "textureFacing": "north"
                },
                "south": {
                    "uv": [ 12, 5, 13, 11 ],
                    "textureFacing": "north"
                },
                "west": {
                    "uv": [ 13, 3, 14, 13 ],
                    "textureFacing": "north"
                },
                "east": {
                    "uv": [ 12, 5, 13, 11 ],
                    "textureFacing": "north"
                }
            }
        },
        {   "type": "cube",
            "from": [ 4, 8, -0.3 ],
            "to": [ 5, 13, 1 ],
            "faceData": {
                "down": {
                    "uv": [ 11, 7, 12, 8 ],
                    "textureFacing": "north"
                },
                "up": {
                    "uv": [ 11, 3, 12, 4 ],
                    "textureFacing": "north"
                },
                "north": {
                    "uv": [ 11, 3, 12, 8 ],
                    "textureFacing": "north"
                },
                "south": {
                    "uv": [ 11, 3, 12, 8 ],
                    "textureFacing": "north"
                },
                "west": {
                    "uv": [ 11, 3, 12, 8 ],
                    "textureFacing": "north"
                },
                "east": {
                    "uv": [ 11, 3, 12, 8 ],
                    "textureFacing": "north"
                }
            }
        },
        {   "type": "cube",
            "from": [ 3, 12, -0.3 ],
            "to": [ 4, 13, 1 ],
            "faceData": {
                "down": {
                    "uv": [ 12, 3, 13, 4 ],
                    "textureFacing": "north"
                },
                "up": {
                    "uv": [ 12, 3, 13, 4 ],
                    "textureFacing": "north"
                },
                "north": {
                    "uv": [ 12, 3, 13, 4 ],
                    "textureFacing": "north"
                },
                "south": {
                    "uv": [ 12, 3, 13, 4 ],
                    "textureFacing": "north"
                },
                "west": {
                    "uv": [ 11, 3, 12, 8 ],
                    "textureFacing": "north"
                },
                "east": {
                    "uv": [ 11, 3, 12, 8 ],
                    "textureFacing": "north"
                }
            }
        },





        {   "type": "cube",
            "from": [ -0.3, 3, 13 ],
            "to": [ 1, 13, 14 ],
            "faceData": {
                "down": {
                    "uv": [ 13, 12, 14, 13 ],
                    "textureFacing": "north"
                },
                "up": {
                    "uv": [ 13, 3, 14, 4 ],
                    "textureFacing": "north"
                },
                "north": {
                    "uv": [ 13, 3, 14, 13 ],
                    "textureFacing": "north"
                },
                "south": {
                    "uv": [ 13, 3, 14, 13 ],
                    "textureFacing": "north"
                },
                "west": {
                    "uv": [ 13, 3, 14, 13 ],
                    "textureFacing": "north"
                },
                "east": {
                    "uv": [ 13, 3, 14, 13 ],
                    "textureFacing": "north"
                }
            }
        },
        {   "type": "cube",
            "from": [ -0.3, 5, 12 ],
            "to": [ 1, 11, 13 ],
            "faceData": {
                "down": {
                    "uv": [ 12, 10, 13, 11 ],
                    "textureFacing": "north"
                },
                "up": {
                    "uv": [ 12, 5, 13, 6 ],
                    "textureFacing": "north"
                },
                "north": {
                    "uv": [ 12, 5, 13, 11 ],
                    "textureFacing": "north"
                },
                "south": {
                    "uv": [ 12, 5, 13, 11 ],
                    "textureFacing": "north"
                },
                "west": {
                    "uv": [ 12, 5, 13, 11 ],
                    "textureFacing": "north"
                },
                "east": {
                    "uv": [ 12, 5, 13, 11 ],
                    "textureFacing": "north"
                }
            }
        },
        {   "type": "cube",
            "from": [ -0.3, 8, 11 ],
            "to": [ 1, 13, 12 ],
            "faceData": {
                "down": {
                    "uv": [ 11, 7, 12, 8 ],
                    "textureFacing": "north"
                },
                "up": {
                    "uv": [ 11, 3, 12, 4 ],
                    "textureFacing": "north"
                },
                "north": {
                    "uv": [ 11, 3, 12, 8 ],
                    "textureFacing": "north"
                },
                "south": {
                    "uv": [ 11, 3, 12, 8 ],
                    "textureFacing": "north"
                },
                "west": {
                    "uv": [ 11, 3, 12, 8 ],
                    "textureFacing": "north"
                },
                "east": {
                    "uv": [ 11, 3, 12, 8 ],
                    "textureFacing": "north"
                }
            }
        },
        {   "type": "cube",
            "from": [ -0.3, 12, 12 ],
            "to": [ 1, 13, 13 ],
            "faceData": {
                "down": {
                    "uv": [ 12, 3, 13, 4 ],
                    "textureFacing": "north"
                },
                "up": {
                    "uv": [ 12, 3, 13, 4 ],
                    "textureFacing": "north"
                },
                "north": {
                    "uv": [ 12, 3, 13, 4 ],
                    "textureFacing": "north"
                },
                "south": {
                    "uv": [ 12, 3, 13, 4 ],
                    "textureFacing": "north"
                },
                "west": {
                    "uv": [ 12, 3, 13, 4 ],
                    "textureFacing": "north"
                },
                "east": {
                    "uv": [ 11, 3, 12, 8 ],
                    "textureFacing": "north"
                }
            }
        },










        {   "type": "cube",
            "from": [ 12, 6, -0.3 ],
            "to": [ 13, 11, 1 ],
            "faceData": {
                "down": {
                    "uv": [ 3, 9, 4, 10 ],
                    "textureFacing": "north"
                },
                "up": {
                    "uv": [ 3, 5, 4, 6 ] ,
                    "textureFacing": "north"
                },
                "north": {
                    "uv": [ 3, 5, 4, 10 ],
                    "textureFacing": "north"
                },
                "south": {
                    "uv": [ 3, 5, 4, 10 ],
                    "textureFacing": "north"
                },
                "west": {
                    "uv": [ 3, 5, 4, 10 ],
                    "textureFacing": "north"
                },
                "east": {
                    "uv": [ 3, 5, 4, 10 ],
                    "textureFacing": "north"
                }
            }
        },
        {   "type": "cube",
            "from": [ 11, 5, -0.3 ],
            "to": [ 12, 8, 1 ],
            "faceData": {
                "down": {
                    "uv": [ 4, 10, 5, 11 ],
                    "textureFacing": "north"
                },
                "up": {
                    "uv": [ 4, 8, 5, 9 ],
                    "textureFacing": "north"
                },
                "north": {
                    "uv": [ 4, 8, 5, 11 ],
                    "textureFacing": "north"
                },
                "south": {
                    "uv": [ 4, 8, 5, 11 ],
                    "textureFacing": "north"
                },
                "west": {
                    "uv": [ 4, 8, 5, 11 ],
                    "textureFacing": "north"
                },
                "east": {
                    "uv": [ 4, 8, 5, 11 ],
                    "textureFacing": "north"
                }
            }
        },
        {   "type": "cube",
            "from": [ 13, 6, -0.3 ],
            "to": [ 14, 7, 1 ],
            "faceData": {
                "down": {
                    "uv": [ 2, 9, 3, 10 ],
                    "textureFacing": "north"
                },
                "up": {
                    "uv": [ 2, 9, 3, 10 ],
                    "textureFacing": "north"
                },
                "north": {
                    "uv": [ 2, 9, 3, 10 ],
                    "textureFacing": "north"
                },
                "south": {
                    "uv": [ 2, 9, 3, 10 ],
                    "textureFacing": "north"
                },
                "west": {
                    "uv": [ 2, 9, 3, 10 ],
                    "textureFacing": "north"
                },
                "east": {
                    "uv": [ 2, 9, 3, 10 ],
                    "textureFacing": "north"
                }
            }
        },








        {   "type": "cube",
            "from": [ -0.3, 6, 3 ],
            "to": [ 1, 11, 4 ],
            "faceData": {
                "down": {
                    "uv": [ 3, 9, 4, 10 ],
                    "textureFacing": "north"
                },
                "up": {
                    "uv": [ 3, 5, 4, 6 ] ,
                    "textureFacing": "north"
                },
                "north": {
                    "uv": [ 3, 5, 4, 10 ],
                    "textureFacing": "north"
                },
                "south": {
                    "uv": [ 3, 5, 4, 10 ],
                    "textureFacing": "north"
                },
                "west": {
                    "uv": [ 3, 5, 4, 10 ],
                    "textureFacing": "north"
                },
                "east": {
                    "uv": [ 3, 5, 4, 10 ],
                    "textureFacing": "north"
                }
            }
        },
        {   "type": "cube",
            "from": [ -0.3, 5, 4 ],
            "to": [ 1, 8, 5 ],
            "faceData": {
                "down": {
                    "uv": [ 4, 10, 5, 11 ],
                    "textureFacing": "north"
                },
                "up": {
                    "uv": [ 4, 8, 5, 9 ],
                    "textureFacing": "north"
                },
                "north": {
                    "uv": [ 4, 8, 5, 11 ],
                    "textureFacing": "north"
                },
                "south": {
                    "uv": [ 4, 8, 5, 11 ],
                    "textureFacing": "north"
                },
                "west": {
                    "uv": [ 4, 8, 5, 11 ],
                    "textureFacing": "north"
                },
                "east": {
                    "uv": [ 4, 8, 5, 11 ],
                    "textureFacing": "north"
                }
            }
        },
        {   "type": "cube",
            "from": [ -0.3, 6, 2 ],
            "to": [ 1, 7, 3 ],
            "faceData": {
                "down": {
                    "uv": [ 2, 9, 3, 10 ],
                    "textureFacing": "north"
                },
                "up": {
                    "uv": [ 2, 9, 3, 10 ],
                    "textureFacing": "north"
                },
                "north": {
                    "uv": [ 2, 9, 3, 10 ],
                    "textureFacing": "north"
                },
                "south": {
                    "uv": [ 2, 9, 3, 10 ],
                    "textureFacing": "north"
                },
                "west": {
                    "uv": [ 2, 9, 3, 10 ],
                    "textureFacing": "north"
                },
                "east": {
                    "uv": [ 2, 9, 3, 10 ],
                    "textureFacing": "north"
                }
            }
        },












        {   "type": "cube",
            "from": [ 15, 6, 10 ],
            "to": [ 16.3, 8, 11 ],
            "faceData": {
                "down": {
                    "uv": [ 5, 9, 6, 10 ],
                    "textureFacing": "east"
                },
                "up": {
                    "uv": [ 5, 8, 6, 9 ],
                    "textureFacing": "east"
                },
                "north": {
                    "uv": [ 5, 8, 6, 10 ],
                    "textureFacing": "east"
                },
                "south": {
                    "uv": [ 5, 8, 6, 10 ],
                    "textureFacing": "east"
                },
                "west": {
                    "uv": [ 5, 8, 6, 10 ],
                    "textureFacing": "east"
                },
                "east": {
                    "uv": [ 5, 8, 6, 10 ],
                    "textureFacing": "east"
                }
            }
        },
        {   "type": "cube",
            "from": [ 15, 6, 12 ],
            "to": [ 16.3, 8, 13 ],
            "faceData": {
                "down": {
                    "uv": [ 3, 9, 4, 10 ],
                    "textureFacing": "east"
                },
                "up": {
                    "uv": [ 3, 8, 4, 9 ],
                    "textureFacing": "east"
                },
                "north": {
                    "uv": [ 3, 8, 4, 10 ],
                    "textureFacing": "east"
                },
                "south": {
                    "uv": [ 3, 8, 4, 10 ],
                    "textureFacing": "east"
                },
                "west": {
                    "uv": [ 3, 8, 4, 10 ],
                    "textureFacing": "east"
                },
                "east": {
                    "uv": [ 3, 8, 4, 10 ],
                    "textureFacing": "east"
                }
            }
        },
        {   "type": "cube",
            "from": [ 15, 8, 11 ],
            "to": [ 16.3, 9, 12 ],
            "faceData": {
                "down": {
                    "uv": [ 4, 7, 5, 8 ],
                    "textureFacing": "east"
                },
                "up": {
                    "uv": [ 4, 7, 5, 8 ],
                    "textureFacing": "east"
                },
                "north": {
                    "uv": [ 4, 7, 5, 8 ],
                    "textureFacing": "east"
                },
                "south": {
                    "uv": [ 4, 7, 5, 8 ],
                    "textureFacing": "east"
                },
                "west": {
                    "uv": [ 4, 7, 5, 8 ],
                    "textureFacing": "east"
                },
                "east": {
                    "uv": [ 4, 7, 5, 8 ],
                    "textureFacing": "east"
                }
            }
        },
        {   "type": "cube",
            "from": [ 15, 9, 10 ],
            "to": [ 16.3, 11, 11 ],
            "faceData": {
                "down": {
                    "uv": [ 5, 6, 6, 7 ],
                    "textureFacing": "east"
                },
                "up": {
                    "uv": [ 5, 5, 6, 6 ],
                    "textureFacing": "east"
                },
                "north": {
                    "uv": [ 5, 5, 6, 7 ],
                    "textureFacing": "east"
                },
                "south": {
                    "uv": [ 5, 5, 6, 7 ],
                    "textureFacing": "east"
                },
                "west": {
                    "uv": [ 5, 5, 6, 7 ],
                    "textureFacing": "east"
                },
                "east": {
                    "uv": [ 5, 5, 6, 7 ],
                    "textureFacing": "east"
                }
            }
        },
        {   "type": "cube",
            "from": [ 15, 9, 12 ],
            "to": [ 16.3, 11, 13 ],
            "faceData": {
                "down": {
                    "uv": [ 3, 6, 4, 7 ],
                    "textureFacing": "east"
                },
                "up": {
                    "uv": [ 3, 5, 4, 6 ],
                    "textureFacing": "east"
                },
                "north": {
                    "uv": [ 3, 5, 4, 7 ],
                    "textureFacing": "east"
                },
                "south": {
                    "uv": [ 3, 5, 4, 7 ],
                    "textureFacing": "east"
                },
                "west": {
                    "uv": [ 3, 5, 4, 7 ],
                    "textureFacing": "east"
                },
                "east": {
                    "uv": [ 3, 5, 4, 7 ],
                    "textureFacing": "east"
                }
            }
        },
















        {   "type": "cube",
            "from": [ 5, 6, 15 ],
            "to": [ 6, 8, 16.3 ],
            "faceData": {
                "down": {
                    "uv": [ 5, 9, 6, 10 ],
                    "textureFacing": "east"
                },
                "up": {
                    "uv": [ 5, 8, 6, 9 ],
                    "textureFacing": "east"
                },
                "north": {
                    "uv": [ 5, 8, 6, 10 ],
                    "textureFacing": "east"
                },
                "south": {
                    "uv": [ 5, 8, 6, 10 ],
                    "textureFacing": "east"
                },
                "west": {
                    "uv": [ 5, 8, 6, 10 ],
                    "textureFacing": "east"
                },
                "east": {
                    "uv": [ 5, 8, 6, 10 ],
                    "textureFacing": "east"
                }
            }
        },
        {   "type": "cube",
            "from": [ 3, 6, 15 ],
            "to": [ 4, 8, 16.3 ],
            "faceData": {
                "down": {
                    "uv": [ 3, 9, 4, 10 ],
                    "textureFacing": "east"
                },
                "up": {
                    "uv": [ 3, 8, 4, 9 ],
                    "textureFacing": "east"
                },
                "north": {
                    "uv": [ 3, 8, 4, 10 ],
                    "textureFacing": "east"
                },
                "south": {
                    "uv": [ 3, 8, 4, 10 ],
                    "textureFacing": "east"
                },
                "west": {
                    "uv": [ 3, 8, 4, 10 ],
                    "textureFacing": "east"
                },
                "east": {
                    "uv": [ 3, 8, 4, 10 ],
                    "textureFacing": "east"
                }
            }
        },
        {   "type": "cube",
            "from": [ 4, 8, 15 ],
            "to": [ 5, 9, 16.3 ],
            "faceData": {
                "down": {
                    "uv": [ 4, 7, 5, 8 ],
                    "textureFacing": "east"
                },
                "up": {
                    "uv": [ 4, 7, 5, 8 ],
                    "textureFacing": "east"
                },
                "north": {
                    "uv": [ 4, 7, 5, 8 ],
                    "textureFacing": "east"
                },
                "south": {
                    "uv": [ 4, 7, 5, 8 ],
                    "textureFacing": "east"
                },
                "west": {
                    "uv": [ 4, 7, 5, 8 ],
                    "textureFacing": "east"
                },
                "east": {
                    "uv": [ 4, 7, 5, 8 ],
                    "textureFacing": "east"
                }
            }
        },
        {   "type": "cube",
            "from": [ 5, 9, 15 ],
            "to": [ 6, 11, 16.3 ],
            "faceData": {
                "down": {
                    "uv": [ 5, 6, 6, 7 ],
                    "textureFacing": "east"
                },
                "up": {
                    "uv": [ 5, 5, 6, 6 ],
                    "textureFacing": "east"
                },
                "north": {
                    "uv": [ 5, 5, 6, 7 ],
                    "textureFacing": "east"
                },
                "south": {
                    "uv": [ 5, 5, 6, 7 ],
                    "textureFacing": "east"
                },
                "west": {
                    "uv": [ 5, 5, 6, 7 ],
                    "textureFacing": "east"
                },
                "east": {
                    "uv": [ 5, 5, 6, 7 ],
                    "textureFacing": "east"
                }
            }
        },
        {   "type": "cube",
            "from": [ 3, 9, 15 ],
            "to": [ 4, 11, 16.3 ],
            "faceData": {
                "down": {
                    "uv": [ 3, 6, 4, 7 ],
                    "textureFacing": "east"
                },
                "up": {
                    "uv": [ 3, 5, 4, 6 ],
                    "textureFacing": "east"
                },
                "north": {
                    "uv": [ 3, 5, 4, 7 ],
                    "textureFacing": "east"
                },
                "south": {
                    "uv": [ 3, 5, 4, 7 ],
                    "textureFacing": "east"
                },
                "west": {
                    "uv": [ 3, 5, 4, 7 ],
                    "textureFacing": "east"
                },
                "east": {
                    "uv": [ 3, 5, 4, 7 ],
                    "textureFacing": "east"
                }
            }
        }
    ]
}
