{
"__comment": "made by RottenNugget",
"elements": [ 
{
    "type": "cube",
    "from": [ 0, 0, 0 ],
    "to": [ 16, 6, 16 ],
    "faceData": {
        "down": {
            "uv": [ 0, 0, 16, 16 ],
            "textureFacing": "down",
            "cull": false
        },
        "up": {
            "uv": [ 0, 0, 16, 16 ],
            "textureFacing": "up",
            "cull": false
        },
        "north": {
            "uv": [ 0, 10, 16, 16 ],
            "textureFacing": "north",
            "cull": false
        },
        "south": {
            "uv": [ 0, 10, 16, 16 ],
            "textureFacing": "south",
            "cull": false
        },
        "west": {
            "uv": [ 0, 10, 16, 16 ],
            "textureFacing": "down",
            "cull": false
        },
        "east": {
            "uv": [ 0, 10, 16, 16 ],
            "textureFacing": "east",
            "cull": false
        }
    }
},
{
    "type": "cube",
    "from": [ 1, 1, -0.5 ],
    "to": [ 5, 5, 0 ],
    "faceData": {
        "down": {
            "uv": [ 1, 0.5, 5, 0 ],
            "textureFacing": "down",
            "cull": false
        },
        "up": {
            "uv": [ 1, 0.5, 5, 0 ],
            "textureFacing": "up",
            "cull": false
        },
        "north": {
            "uv": [ 1, 11, 5, 15 ],
            "textureFacing": "north",
            "cull": false
        },
        "south": {
            "uv": [ 1, 11, 5, 15 ],
            "textureFacing": "south",
            "cull": false
        },
        "west": {
            "uv": [ 0.5, 11, 0, 15 ],
            "textureFacing": "down",
            "cull": false
        },
        "east": {
            "uv": [ 0.5, 11, 0, 15 ],
            "textureFacing": "east",
            "cull": false
        }
    }
},
{
    "type": "cube",
    "from": [ 6, 1, -0.5 ],
    "to": [ 10, 5, 0 ],
    "faceData": {
        "down": {
            "uv": [ 6, 0.5, 10, 0 ],
            "textureFacing": "down",
            "cull": false
        },
        "up": {
            "uv": [ 6, 0.5, 10, 0 ],
            "textureFacing": "up",
            "cull": false
        },
        "north": {
            "uv": [ 6, 11, 10, 15 ],
            "textureFacing": "north",
            "cull": false
        },
        "south": {
            "uv": [ 6, 11, 10, 15 ],
            "textureFacing": "south",
            "cull": false
        },
        "west": {
            "uv": [ 0.5, 11, 0, 15 ],
            "textureFacing": "down",
            "cull": false
        },
        "east": {
            "uv": [ 0.5, 11, 0, 15 ],
            "textureFacing": "east",
            "cull": false
        }
    }
},
{
    "type": "cube",
    "from": [ 11, 1, -0.5 ],
    "to": [ 15, 5, 0 ],
    "faceData": {
        "down": {
            "uv": [ 11, 0.5, 15, 0 ],
            "textureFacing": "down",
            "cull": false
        },
        "up": {
            "uv": [ 11, 0.5, 15, 0 ],
            "textureFacing": "up",
            "cull": false
        },
        "north": {
            "uv": [ 11, 11, 15, 15 ],
            "textureFacing": "north",
            "cull": false
        },
        "south": {
            "uv": [ 11, 11, 15, 15 ],
            "textureFacing": "south",
            "cull": false
        },
        "west": {
            "uv": [ 0.5, 11, 0, 15 ],
            "textureFacing": "down",
            "cull": false
        },
        "east": {
            "uv": [ 0.5, 11, 0, 15 ],
            "textureFacing": "east",
            "cull": false
        }
    }
},
{
    "type": "cube",
    "from": [ 1, 1, 16 ],
    "to": [ 5, 5, 16.5 ],
    "faceData": {
        "down": {
            "uv": [ 1, 16, 5, 15.5 ],
            "textureFacing": "down",
            "cull": false
        },
        "up": {
            "uv": [ 1, 16, 5, 15.5 ],
            "textureFacing": "up",
            "cull": false
        },
        "north": {
            "uv": [ 1, 11, 5, 15 ],
            "textureFacing": "north",
            "cull": false
        },
        "south": {
            "uv": [ 1, 11, 5, 15 ],
            "textureFacing": "south",
            "cull": false
        },
        "west": {
            "uv": [ 16, 11, 15.5, 15 ],
            "textureFacing": "down",
            "cull": false
        },
        "east": {
            "uv": [ 16, 11, 15.5, 15 ],
            "textureFacing": "east",
            "cull": false
        }
    }
},
{
    "type": "cube",
    "from": [ 6, 1, 16 ],
    "to": [ 10, 5, 16.5 ],
    "faceData": {
        "down": {
            "uv": [ 6, 16, 10, 15.5 ],
            "textureFacing": "down",
            "cull": false
        },
        "up": {
            "uv": [ 6, 16, 10, 15.5 ],
            "textureFacing": "up",
            "cull": false
        },
        "north": {
            "uv": [ 6, 11, 10, 15 ],
            "textureFacing": "north",
            "cull": false
        },
        "south": {
            "uv": [ 6, 11, 10, 15 ],
            "textureFacing": "south",
            "cull": false
        },
        "west": {
            "uv": [ 16, 11, 15.5, 15 ],
            "textureFacing": "down",
            "cull": false
        },
        "east": {
            "uv": [ 16, 11, 15.5, 15 ],
            "textureFacing": "east",
            "cull": false
        }
    }
},
{
    "type": "cube",
    "from": [ 11, 1, 16 ],
    "to": [ 15, 5, 16.5 ],
    "faceData": {
        "down": {
            "uv": [ 11, 16, 15, 15.5 ],
            "textureFacing": "down",
            "cull": false
        },
        "up": {
            "uv": [ 11, 16, 15, 15.5 ],
            "textureFacing": "up",
            "cull": false
        },
        "north": {
            "uv": [ 11, 11, 15, 15 ],
            "textureFacing": "north",
            "cull": false
        },
        "south": {
            "uv": [ 11, 11, 15, 15 ],
            "textureFacing": "south",
            "cull": false
        },
        "west": {
            "uv": [ 16, 11, 15.5, 15 ],
            "textureFacing": "down",
            "cull": false
        },
        "east": {
            "uv": [ 16, 11, 15.5, 15 ],
            "textureFacing": "east",
            "cull": false
        }
    }
},
{
    "type": "cube",
    "from": [ -0.5, 1, 1 ],
    "to": [ 0, 5, 5 ],
    "faceData": {
        "down": {
            "uv": [ 0.5, 1, 0, 5 ],
            "textureFacing": "down",
            "cull": false
        },
        "up": {
            "uv": [ 0.5, 1, 0, 5 ],
            "textureFacing": "up",
            "cull": false
        },
        "north": {
            "uv": [ 0.5, 11, 0, 15 ],
            "textureFacing": "north",
            "cull": false
        },
        "south": {
            "uv": [ 0.5, 11, 0, 15 ],
            "textureFacing": "south",
            "cull": false
        },
        "west": {
            "uv": [ 1, 11, 5, 15 ],
            "textureFacing": "down",
            "cull": false
        },
        "east": {
            "uv": [ 1, 11, 5, 15 ],
            "textureFacing": "east",
            "cull": false
        }
    }
},
{
    "type": "cube",
    "from": [ -0.5, 1, 6 ],
    "to": [ 0, 5, 10 ],
    "faceData": {
        "down": {
            "uv": [ 0.5, 6, 0, 10 ],
            "textureFacing": "down",
            "cull": false
        },
        "up": {
            "uv": [ 0.5, 6, 0, 10 ],
            "textureFacing": "up",
            "cull": false
        },
        "north": {
            "uv": [ 0.5, 11, 0, 15 ],
            "textureFacing": "north",
            "cull": false
        },
        "south": {
            "uv": [ 0.5, 11, 0, 15 ],
            "textureFacing": "south",
            "cull": false
        },
        "west": {
            "uv": [ 6, 11, 10, 15 ],
            "textureFacing": "down",
            "cull": false
        },
        "east": {
            "uv": [ 6, 11, 10, 15 ],
            "textureFacing": "east",
            "cull": false
        }
    }
},
{
    "type": "cube",
    "from": [ -0.5, 1, 11 ],
    "to": [ 0, 5, 15 ],
    "faceData": {
        "down": {
            "uv": [ 0.5, 11, 0, 15 ],
            "textureFacing": "down",
            "cull": false
        },
        "up": {
            "uv": [ 0.5, 11, 0, 15 ],
            "textureFacing": "up",
            "cull": false
        },
        "north": {
            "uv": [ 0.5, 11, 0, 15 ],
            "textureFacing": "north",
            "cull": false
        },
        "south": {
            "uv": [ 0.5, 11, 0, 15 ],
            "textureFacing": "south",
            "cull": false
        },
        "west": {
            "uv": [ 11, 11, 15, 15 ],
            "textureFacing": "down",
            "cull": false
        },
        "east": {
            "uv": [ 11, 11, 15, 15 ],
            "textureFacing": "east",
            "cull": false
        }
    }
},
{
    "type": "cube",
    "from": [ 16, 1, 1 ],
    "to": [ 16.5, 5, 5 ],
    "faceData": {
        "down": {
            "uv": [ 16, 1, 15.5, 5 ],
            "textureFacing": "down",
            "cull": false
        },
        "up": {
            "uv": [ 16, 1, 15.5, 5 ],
            "textureFacing": "up",
            "cull": false
        },
        "north": {
            "uv": [ 16, 11, 15.5, 15 ],
            "textureFacing": "north",
            "cull": false
        },
        "south": {
            "uv": [ 16, 11, 15.5, 15 ],
            "textureFacing": "south",
            "cull": false
        },
        "west": {
            "uv": [ 1, 11, 5, 15 ],
            "textureFacing": "down",
            "cull": false
        },
        "east": {
            "uv": [ 1, 11, 5, 15 ],
            "textureFacing": "east",
            "cull": false
        }
    }
},
{
    "type": "cube",
    "from": [ 16, 1, 6 ],
    "to": [ 16.5, 5, 10 ],
    "faceData": {
        "down": {
            "uv": [ 16, 6, 15.5, 10 ],
            "textureFacing": "down",
            "cull": false
        },
        "up": {
            "uv": [ 16, 6, 15.5, 10 ],
            "textureFacing": "up",
            "cull": false
        },
        "north": {
            "uv": [ 16, 11, 15.5, 15 ],
            "textureFacing": "north",
            "cull": false
        },
        "south": {
            "uv": [ 16, 11, 15.5, 15 ],
            "textureFacing": "south",
            "cull": false
        },
        "west": {
            "uv": [ 6, 11, 10, 15 ],
            "textureFacing": "down",
            "cull": false
        },
        "east": {
            "uv": [ 6, 11, 10, 15 ],
            "textureFacing": "east",
            "cull": false
        }
    }
},
{
    "type": "cube",
    "from": [ 16, 1, 11 ],
    "to": [ 16.5, 5, 15 ],
    "faceData": {
        "down": {
            "uv": [ 16, 11, 15.5, 15 ],
            "textureFacing": "down",
            "cull": false
        },
        "up": {
            "uv": [ 16, 11, 15.5, 15 ],
            "textureFacing": "up",
            "cull": false
        },
        "north": {
            "uv": [ 16, 11, 15.5, 15 ],
            "textureFacing": "north",
            "cull": false
        },
        "south": {
            "uv": [ 16, 11, 15.5, 15 ],
            "textureFacing": "south",
            "cull": false
        },
        "west": {
            "uv": [ 11, 11, 15, 15 ],
            "textureFacing": "down",
            "cull": false
        },
        "east": {
            "uv": [ 11, 11, 15, 15 ],
            "textureFacing": "east",
            "cull": false
        }
    }
},
{
    "type": "cube",
    "from": [ 1, 6, 2 ],
    "to": [ 2, 7, 4 ],
    "faceData": {
        "down": {
            "uv": [ 1, 2, 2, 4 ],
            "textureFacing": "down",
            "cull": false
        },
        "up": {
            "uv": [ 1, 2, 2, 4 ],
            "textureFacing": "up",
            "cull": false
        },
        "north": {
            "uv": [ 1, 9, 2, 10 ],
            "textureFacing": "north",
            "cull": false
        },
        "south": {
            "uv": [ 1, 9, 2, 10 ],
            "textureFacing": "south",
            "cull": false
        },
        "west": {
            "uv": [ 2, 9, 4, 10 ],
            "textureFacing": "down",
            "cull": false
        },
        "east": {
            "uv": [ 2, 9, 4, 10 ],
            "textureFacing": "east",
            "cull": false
        }
    }
},
{
    "type": "cube",
    "from": [ 4, 6, 2 ],
    "to": [ 5, 7, 4 ],
    "faceData": {
        "down": {
            "uv": [ 4, 2, 5, 4 ],
            "textureFacing": "down",
            "cull": false
        },
        "up": {
            "uv": [ 4, 2, 5, 4 ],
            "textureFacing": "up",
            "cull": false
        },
        "north": {
            "uv": [ 4, 9, 5, 10 ],
            "textureFacing": "north",
            "cull": false
        },
        "south": {
            "uv": [ 4, 9, 5, 10 ],
            "textureFacing": "south",
            "cull": false
        },
        "west": {
            "uv": [ 2, 9, 4, 10 ],
            "textureFacing": "down",
            "cull": false
        },
        "east": {
            "uv": [ 2, 9, 4, 10 ],
            "textureFacing": "east",
            "cull": false
        }
    }
},
{
    "type": "cube",
    "from": [ 2, 6, 1 ],
    "to": [ 4, 7, 5 ],
    "faceData": {
        "down": {
            "uv": [ 2, 1, 4, 5 ],
            "textureFacing": "down",
            "cull": false
        },
        "up": {
            "uv": [ 2, 1, 4, 5 ],
            "textureFacing": "up",
            "cull": false
        },
        "north": {
            "uv": [ 2, 9, 4, 10 ],
            "textureFacing": "north",
            "cull": false
        },
        "south": {
            "uv": [ 2, 9, 4, 10 ],
            "textureFacing": "south",
            "cull": false
        },
        "west": {
            "uv": [ 1, 9, 5, 10 ],
            "textureFacing": "down",
            "cull": false
        },
        "east": {
            "uv": [ 1, 9, 5, 10 ],
            "textureFacing": "east",
            "cull": false
        }
    }
},
{
    "type": "cube",
    "from": [ 7, 6, 1 ],
    "to": [ 9, 7, 5 ],
    "faceData": {
        "down": {
            "uv": [ 7, 1, 9, 5 ],
            "textureFacing": "down",
            "cull": false
        },
        "up": {
            "uv": [ 7, 1, 9, 5 ],
            "textureFacing": "up",
            "cull": false
        },
        "north": {
            "uv": [ 7, 9, 9, 10 ],
            "textureFacing": "north",
            "cull": false
        },
        "south": {
            "uv": [ 7, 9, 9, 10 ],
            "textureFacing": "south",
            "cull": false
        },
        "west": {
            "uv": [ 1, 9, 5, 10 ],
            "textureFacing": "down",
            "cull": false
        },
        "east": {
            "uv": [ 1, 9, 5, 10 ],
            "textureFacing": "east",
            "cull": false
        }
    }
},
{
    "type": "cube",
    "from": [ 6, 6, 2 ],
    "to": [ 7, 7, 4 ],
    "faceData": {
        "down": {
            "uv": [ 6, 2, 7, 4 ],
            "textureFacing": "down",
            "cull": false
        },
        "up": {
            "uv": [ 6, 2, 7, 4 ],
            "textureFacing": "up",
            "cull": false
        },
        "north": {
            "uv": [ 6, 9, 7, 10 ],
            "textureFacing": "north",
            "cull": false
        },
        "south": {
            "uv": [ 6, 9, 7, 10 ],
            "textureFacing": "south",
            "cull": false
        },
        "west": {
            "uv": [ 2, 9, 4, 10 ],
            "textureFacing": "down",
            "cull": false
        },
        "east": {
            "uv": [ 2, 9, 4, 10 ],
            "textureFacing": "east",
            "cull": false
        }
    }
},
{
    "type": "cube",
    "from": [ 9, 6, 2 ],
    "to": [ 10, 7, 4 ],
    "faceData": {
        "down": {
            "uv": [ 9, 2, 10, 4 ],
            "textureFacing": "down",
            "cull": false
        },
        "up": {
            "uv": [ 9, 2, 10, 4 ],
            "textureFacing": "up",
            "cull": false
        },
        "north": {
            "uv": [ 9, 9, 10, 10 ],
            "textureFacing": "north",
            "cull": false
        },
        "south": {
            "uv": [ 9, 9, 10, 10 ],
            "textureFacing": "south",
            "cull": false
        },
        "west": {
            "uv": [ 2, 9, 4, 10 ],
            "textureFacing": "down",
            "cull": false
        },
        "east": {
            "uv": [ 2, 9, 4, 10 ],
            "textureFacing": "east",
            "cull": false
        }
    }
},
{
    "type": "cube",
    "from": [ 12, 6, 1 ],
    "to": [ 14, 7, 5 ],
    "faceData": {
        "down": {
            "uv": [ 12, 1, 14, 5 ],
            "textureFacing": "down",
            "cull": false
        },
        "up": {
            "uv": [ 12, 1, 14, 5 ],
            "textureFacing": "up",
            "cull": false
        },
        "north": {
            "uv": [ 12, 9, 14, 10 ],
            "textureFacing": "north",
            "cull": false
        },
        "south": {
            "uv": [ 12, 9, 14, 10 ],
            "textureFacing": "south",
            "cull": false
        },
        "west": {
            "uv": [ 1, 9, 5, 10 ],
            "textureFacing": "down",
            "cull": false
        },
        "east": {
            "uv": [ 1, 9, 5, 10 ],
            "textureFacing": "east",
            "cull": false
        }
    }
},
{
    "type": "cube",
    "from": [ 11, 6, 2 ],
    "to": [ 12, 7, 4 ],
    "faceData": {
        "down": {
            "uv": [ 11, 2, 12, 4 ],
            "textureFacing": "down",
            "cull": false
        },
        "up": {
            "uv": [ 11, 2, 12, 4 ],
            "textureFacing": "up",
            "cull": false
        },
        "north": {
            "uv": [ 11, 9, 12, 10 ],
            "textureFacing": "north",
            "cull": false
        },
        "south": {
            "uv": [ 11, 9, 12, 10 ],
            "textureFacing": "south",
            "cull": false
        },
        "west": {
            "uv": [ 2, 9, 4, 10 ],
            "textureFacing": "down",
            "cull": false
        },
        "east": {
            "uv": [ 2, 9, 4, 10 ],
            "textureFacing": "east",
            "cull": false
        }
    }
},
{
    "type": "cube",
    "from": [ 14, 6, 2 ],
    "to": [ 15, 7, 4 ],
    "faceData": {
        "down": {
            "uv": [ 14, 2, 15, 4 ],
            "textureFacing": "down",
            "cull": false
        },
        "up": {
            "uv": [ 14, 2, 15, 4 ],
            "textureFacing": "up",
            "cull": false
        },
        "north": {
            "uv": [ 14, 9, 15, 10 ],
            "textureFacing": "north",
            "cull": false
        },
        "south": {
            "uv": [ 14, 9, 15, 10 ],
            "textureFacing": "south",
            "cull": false
        },
        "west": {
            "uv": [ 2, 9, 4, 10 ],
            "textureFacing": "down",
            "cull": false
        },
        "east": {
            "uv": [ 2, 9, 4, 10 ],
            "textureFacing": "east",
            "cull": false
        }
    }
},
{
    "type": "cube",
    "from": [ 2, 6, 6 ],
    "to": [ 4, 7, 10 ],
    "faceData": {
        "down": {
            "uv": [ 2, 6, 4, 10 ],
            "textureFacing": "down",
            "cull": false
        },
        "up": {
            "uv": [ 2, 6, 4, 10 ],
            "textureFacing": "up",
            "cull": false
        },
        "north": {
            "uv": [ 2, 9, 4, 10 ],
            "textureFacing": "north",
            "cull": false
        },
        "south": {
            "uv": [ 2, 9, 4, 10 ],
            "textureFacing": "south",
            "cull": false
        },
        "west": {
            "uv": [ 6, 9, 10, 10 ],
            "textureFacing": "down",
            "cull": false
        },
        "east": {
            "uv": [ 6, 9, 10, 10 ],
            "textureFacing": "east",
            "cull": false
        }
    }
},
{
    "type": "cube",
    "from": [ 1, 6, 7 ],
    "to": [ 2, 7, 9 ],
    "faceData": {
        "down": {
            "uv": [ 1, 7, 2, 9 ],
            "textureFacing": "down",
            "cull": false
        },
        "up": {
            "uv": [ 1, 7, 2, 9 ],
            "textureFacing": "up",
            "cull": false
        },
        "north": {
            "uv": [ 1, 9, 2, 10 ],
            "textureFacing": "north",
            "cull": false
        },
        "south": {
            "uv": [ 1, 9, 2, 10 ],
            "textureFacing": "south",
            "cull": false
        },
        "west": {
            "uv": [ 7, 9, 9, 10 ],
            "textureFacing": "down",
            "cull": false
        },
        "east": {
            "uv": [ 7, 9, 9, 10 ],
            "textureFacing": "east",
            "cull": false
        }
    }
},
{
    "type": "cube",
    "from": [ 4, 6, 7 ],
    "to": [ 5, 7, 9 ],
    "faceData": {
        "down": {
            "uv": [ 4, 7, 5, 9 ],
            "textureFacing": "down",
            "cull": false
        },
        "up": {
            "uv": [ 4, 7, 5, 9 ],
            "textureFacing": "up",
            "cull": false
        },
        "north": {
            "uv": [ 4, 9, 5, 10 ],
            "textureFacing": "north",
            "cull": false
        },
        "south": {
            "uv": [ 4, 9, 5, 10 ],
            "textureFacing": "south",
            "cull": false
        },
        "west": {
            "uv": [ 7, 9, 9, 10 ],
            "textureFacing": "down",
            "cull": false
        },
        "east": {
            "uv": [ 7, 9, 9, 10 ],
            "textureFacing": "east",
            "cull": false
        }
    }
},
{
    "type": "cube",
    "from": [ 7, 6, 6 ],
    "to": [ 9, 7, 10 ],
    "faceData": {
        "down": {
            "uv": [ 7, 6, 9, 10 ],
            "textureFacing": "down",
            "cull": false
        },
        "up": {
            "uv": [ 7, 6, 9, 10 ],
            "textureFacing": "up",
            "cull": false
        },
        "north": {
            "uv": [ 7, 9, 9, 10 ],
            "textureFacing": "north",
            "cull": false
        },
        "south": {
            "uv": [ 7, 9, 9, 10 ],
            "textureFacing": "south",
            "cull": false
        },
        "west": {
            "uv": [ 6, 9, 10, 10 ],
            "textureFacing": "down",
            "cull": false
        },
        "east": {
            "uv": [ 6, 9, 10, 10 ],
            "textureFacing": "east",
            "cull": false
        }
    }
},
{
    "type": "cube",
    "from": [ 6, 6, 7 ],
    "to": [ 7, 7, 9 ],
    "faceData": {
        "down": {
            "uv": [ 6, 7, 7, 9 ],
            "textureFacing": "down",
            "cull": false
        },
        "up": {
            "uv": [ 6, 7, 7, 9 ],
            "textureFacing": "up",
            "cull": false
        },
        "north": {
            "uv": [ 6, 9, 7, 10 ],
            "textureFacing": "north",
            "cull": false
        },
        "south": {
            "uv": [ 6, 9, 7, 10 ],
            "textureFacing": "south",
            "cull": false
        },
        "west": {
            "uv": [ 7, 9, 9, 10 ],
            "textureFacing": "down",
            "cull": false
        },
        "east": {
            "uv": [ 7, 9, 9, 10 ],
            "textureFacing": "east",
            "cull": false
        }
    }
},
{
    "type": "cube",
    "from": [ 9, 6, 7 ],
    "to": [ 10, 7, 9 ],
    "faceData": {
        "down": {
            "uv": [ 9, 7, 10, 9 ],
            "textureFacing": "down",
            "cull": false
        },
        "up": {
            "uv": [ 9, 7, 10, 9 ],
            "textureFacing": "up",
            "cull": false
        },
        "north": {
            "uv": [ 9, 9, 10, 10 ],
            "textureFacing": "north",
            "cull": false
        },
        "south": {
            "uv": [ 9, 9, 10, 10 ],
            "textureFacing": "south",
            "cull": false
        },
        "west": {
            "uv": [ 7, 9, 9, 10 ],
            "textureFacing": "down",
            "cull": false
        },
        "east": {
            "uv": [ 7, 9, 9, 10 ],
            "textureFacing": "east",
            "cull": false
        }
    }
},
{
    "type": "cube",
    "from": [ 12, 6, 6 ],
    "to": [ 14, 7, 10 ],
    "faceData": {
        "down": {
            "uv": [ 12, 6, 14, 10 ],
            "textureFacing": "down",
            "cull": false
        },
        "up": {
            "uv": [ 12, 6, 14, 10 ],
            "textureFacing": "up",
            "cull": false
        },
        "north": {
            "uv": [ 12, 9, 14, 10 ],
            "textureFacing": "north",
            "cull": false
        },
        "south": {
            "uv": [ 12, 9, 14, 10 ],
            "textureFacing": "south",
            "cull": false
        },
        "west": {
            "uv": [ 6, 9, 10, 10 ],
            "textureFacing": "down",
            "cull": false
        },
        "east": {
            "uv": [ 6, 9, 10, 10 ],
            "textureFacing": "east",
            "cull": false
        }
    }
},
{
    "type": "cube",
    "from": [ 11, 6, 7 ],
    "to": [ 12, 7, 9 ],
    "faceData": {
        "down": {
            "uv": [ 11, 7, 12, 9 ],
            "textureFacing": "down",
            "cull": false
        },
        "up": {
            "uv": [ 11, 7, 12, 9 ],
            "textureFacing": "up",
            "cull": false
        },
        "north": {
            "uv": [ 11, 9, 12, 10 ],
            "textureFacing": "north",
            "cull": false
        },
        "south": {
            "uv": [ 11, 9, 12, 10 ],
            "textureFacing": "south",
            "cull": false
        },
        "west": {
            "uv": [ 7, 9, 9, 10 ],
            "textureFacing": "down",
            "cull": false
        },
        "east": {
            "uv": [ 7, 9, 9, 10 ],
            "textureFacing": "east",
            "cull": false
        }
    }
},
{
    "type": "cube",
    "from": [ 14, 6, 7 ],
    "to": [ 15, 7, 9 ],
    "faceData": {
        "down": {
            "uv": [ 14, 7, 15, 9 ],
            "textureFacing": "down",
            "cull": false
        },
        "up": {
            "uv": [ 14, 7, 15, 9 ],
            "textureFacing": "up",
            "cull": false
        },
        "north": {
            "uv": [ 14, 9, 15, 10 ],
            "textureFacing": "north",
            "cull": false
        },
        "south": {
            "uv": [ 14, 9, 15, 10 ],
            "textureFacing": "south",
            "cull": false
        },
        "west": {
            "uv": [ 7, 9, 9, 10 ],
            "textureFacing": "down",
            "cull": false
        },
        "east": {
            "uv": [ 7, 9, 9, 10 ],
            "textureFacing": "east",
            "cull": false
        }
    }
},
{
    "type": "cube",
    "from": [ 2, 6, 11 ],
    "to": [ 4, 7, 15 ],
    "faceData": {
        "down": {
            "uv": [ 2, 11, 4, 15 ],
            "textureFacing": "down",
            "cull": false
        },
        "up": {
            "uv": [ 2, 11, 4, 15 ],
            "textureFacing": "up",
            "cull": false
        },
        "north": {
            "uv": [ 2, 9, 4, 10 ],
            "textureFacing": "north",
            "cull": false
        },
        "south": {
            "uv": [ 2, 9, 4, 10 ],
            "textureFacing": "south",
            "cull": false
        },
        "west": {
            "uv": [ 11, 9, 15, 10 ],
            "textureFacing": "down",
            "cull": false
        },
        "east": {
            "uv": [ 11, 9, 15, 10 ],
            "textureFacing": "east",
            "cull": false
        }
    }
},
{
    "type": "cube",
    "from": [ 7, 6, 11 ],
    "to": [ 9, 7, 15 ],
    "faceData": {
        "down": {
            "uv": [ 7, 11, 9, 15 ],
            "textureFacing": "down",
            "cull": false
        },
        "up": {
            "uv": [ 7, 11, 9, 15 ],
            "textureFacing": "up",
            "cull": false
        },
        "north": {
            "uv": [ 7, 9, 9, 10 ],
            "textureFacing": "north",
            "cull": false
        },
        "south": {
            "uv": [ 7, 9, 9, 10 ],
            "textureFacing": "south",
            "cull": false
        },
        "west": {
            "uv": [ 11, 9, 15, 10 ],
            "textureFacing": "down",
            "cull": false
        },
        "east": {
            "uv": [ 11, 9, 15, 10 ],
            "textureFacing": "east",
            "cull": false
        }
    }
},
{
    "type": "cube",
    "from": [ 12, 6, 11 ],
    "to": [ 14, 7, 15 ],
    "faceData": {
        "down": {
            "uv": [ 12, 11, 14, 15 ],
            "textureFacing": "down",
            "cull": false
        },
        "up": {
            "uv": [ 12, 11, 14, 15 ],
            "textureFacing": "up",
            "cull": false
        },
        "north": {
            "uv": [ 12, 9, 14, 10 ],
            "textureFacing": "north",
            "cull": false
        },
        "south": {
            "uv": [ 12, 9, 14, 10 ],
            "textureFacing": "south",
            "cull": false
        },
        "west": {
            "uv": [ 11, 9, 15, 10 ],
            "textureFacing": "down",
            "cull": false
        },
        "east": {
            "uv": [ 11, 9, 15, 10 ],
            "textureFacing": "east",
            "cull": false
        }
    }
},
{
    "type": "cube",
    "from": [ 1, 6, 12 ],
    "to": [ 2, 7, 14 ],
    "faceData": {
        "down": {
            "uv": [ 1, 12, 2, 14 ],
            "textureFacing": "down",
            "cull": false
        },
        "up": {
            "uv": [ 1, 12, 2, 14 ],
            "textureFacing": "up",
            "cull": false
        },
        "north": {
            "uv": [ 1, 9, 2, 10 ],
            "textureFacing": "north",
            "cull": false
        },
        "south": {
            "uv": [ 1, 9, 2, 10 ],
            "textureFacing": "south",
            "cull": false
        },
        "west": {
            "uv": [ 12, 9, 14, 10 ],
            "textureFacing": "down",
            "cull": false
        },
        "east": {
            "uv": [ 12, 9, 14, 10 ],
            "textureFacing": "east",
            "cull": false
        }
    }
},
{
    "type": "cube",
    "from": [ 4, 6, 12 ],
    "to": [ 5, 7, 14 ],
    "faceData": {
        "down": {
            "uv": [ 4, 12, 5, 14 ],
            "textureFacing": "down",
            "cull": false
        },
        "up": {
            "uv": [ 4, 12, 5, 14 ],
            "textureFacing": "up",
            "cull": false
        },
        "north": {
            "uv": [ 4, 9, 5, 10 ],
            "textureFacing": "north",
            "cull": false
        },
        "south": {
            "uv": [ 4, 9, 5, 10 ],
            "textureFacing": "south",
            "cull": false
        },
        "west": {
            "uv": [ 12, 9, 14, 10 ],
            "textureFacing": "down",
            "cull": false
        },
        "east": {
            "uv": [ 12, 9, 14, 10 ],
            "textureFacing": "east",
            "cull": false
        }
    }
},
{
    "type": "cube",
    "from": [ 6, 6, 12 ],
    "to": [ 7, 7, 14 ],
    "faceData": {
        "down": {
            "uv": [ 6, 12, 7, 14 ],
            "textureFacing": "down",
            "cull": false
        },
        "up": {
            "uv": [ 6, 12, 7, 14 ],
            "textureFacing": "up",
            "cull": false
        },
        "north": {
            "uv": [ 6, 9, 7, 10 ],
            "textureFacing": "north",
            "cull": false
        },
        "south": {
            "uv": [ 6, 9, 7, 10 ],
            "textureFacing": "south",
            "cull": false
        },
        "west": {
            "uv": [ 12, 9, 14, 10 ],
            "textureFacing": "down",
            "cull": false
        },
        "east": {
            "uv": [ 12, 9, 14, 10 ],
            "textureFacing": "east",
            "cull": false
        }
    }
},
{
    "type": "cube",
    "from": [ 9, 6, 12 ],
    "to": [ 10, 7, 14 ],
    "faceData": {
        "down": {
            "uv": [ 9, 12, 10, 14 ],
            "textureFacing": "down",
            "cull": false
        },
        "up": {
            "uv": [ 9, 12, 10, 14 ],
            "textureFacing": "up",
            "cull": false
        },
        "north": {
            "uv": [ 9, 9, 10, 10 ],
            "textureFacing": "north",
            "cull": false
        },
        "south": {
            "uv": [ 9, 9, 10, 10 ],
            "textureFacing": "south",
            "cull": false
        },
        "west": {
            "uv": [ 12, 9, 14, 10 ],
            "textureFacing": "down",
            "cull": false
        },
        "east": {
            "uv": [ 12, 9, 14, 10 ],
            "textureFacing": "east",
            "cull": false
        }
    }
},
{
    "type": "cube",
    "from": [ 11, 6, 12 ],
    "to": [ 12, 7, 14 ],
    "faceData": {
        "down": {
            "uv": [ 11, 12, 12, 14 ],
            "textureFacing": "down",
            "cull": false
        },
        "up": {
            "uv": [ 11, 12, 12, 14 ],
            "textureFacing": "up",
            "cull": false
        },
        "north": {
            "uv": [ 11, 9, 12, 10 ],
            "textureFacing": "north",
            "cull": false
        },
        "south": {
            "uv": [ 11, 9, 12, 10 ],
            "textureFacing": "south",
            "cull": false
        },
        "west": {
            "uv": [ 12, 9, 14, 10 ],
            "textureFacing": "down",
            "cull": false
        },
        "east": {
            "uv": [ 12, 9, 14, 10 ],
            "textureFacing": "east",
            "cull": false
        }
    }
},
{
    "type": "cube",
    "from": [ 14, 6, 12 ],
    "to": [ 15, 7, 14 ],
    "faceData": {
        "down": {
            "uv": [ 14, 12, 15, 14 ],
            "textureFacing": "down",
            "cull": false
        },
        "up": {
            "uv": [ 14, 12, 15, 14 ],
            "textureFacing": "up",
            "cull": false
        },
        "north": {
            "uv": [ 14, 9, 15, 10 ],
            "textureFacing": "north",
            "cull": false
        },
        "south": {
            "uv": [ 14, 9, 15, 10 ],
            "textureFacing": "south",
            "cull": false
        },
        "west": {
            "uv": [ 12, 9, 14, 10 ],
            "textureFacing": "down",
            "cull": false
        },
        "east": {
            "uv": [ 12, 9, 14, 10 ],
            "textureFacing": "east",
            "cull": false
        }
    }
}
]
}