{
    "__comment": "Fair warning, this format is highly likely to change even more in the future!",
    "useAmbientOcclusion": false,
    "elements": [
        {   "__comment": "BOTTOM",
            "type": "cube",
            "from": [ 0, 0, 0 ],
            "to": [ 3, 5, 16 ],
            "faceData": {
                "down": {
                    "uv": [ 13, 0, 16, 16 ],
                    "textureFacing": "down"
                },
                "up": {
                    "uv": [ 13, 0, 16, 16 ],
                    "textureFacing": "up"
                },
                "north": {
                    "uv": [ 0, 11, 3, 16 ],
                    "textureFacing": "north",
                    "cull": false
                },
                "south": {
                    "uv": [ 0, 11, 3, 16 ],
                    "textureFacing": "south",
                    "cull": false
                },
                "west": {
                    "uv": [ 0, 11, 16, 16 ],
                    "textureFacing": "west"
                },
                "east": {
                    "uv": [ 16, 11, 0, 16 ],
                    "textureFacing": "east",
                    "cull": false
                }
            }
        },
        {   "__comment": "LEFT",
            "type": "cube",
            "from": [ 0, 5, 0 ],
            "to": [ 3, 16, 3 ],
            "faceData": {
                "down": {
                    "uv": [ 13, 0, 16, 16 ],
                    "textureFacing": "down"
                },
                "up": {
                    "uv": [ 13, 0, 16, 3 ],
                    "textureFacing": "up"
                },
                "north": {
                    "uv": [ 0, 0, 3, 11 ],
                    "textureFacing": "north",
                    "cull": false
                },
                "south": {
                    "uv": [ 0, 0, 3, 11 ],
                    "textureFacing": "south",
                    "cull": false
                },
                "west": {
                    "uv": [ 0, 0, 3, 11 ],
                    "textureFacing": "west"
                },
                "east": {
                    "uv": [ 3, 0, 0, 11 ],
                    "textureFacing": "east",
                    "cull": false
                }
            }
        },
        {   "__comment": "RIGHT",
            "type": "cube",
            "from": [ 0, 5, 13 ],
            "to": [ 3, 16, 16 ],
            "faceData": {
                "down": {
                    "uv": [ 13, 0, 16, 16 ],
                    "textureFacing": "down"
                },
                "up": {
                    "uv": [ 13, 13, 16, 16 ],
                    "textureFacing": "up"
                },
                "north": {
                    "uv": [ 13, 0, 16, 11 ],
                    "textureFacing": "north",
                    "cull": false
                },
                "south": {
                    "uv": [ 13, 0, 16, 11 ],
                    "textureFacing": "south",
                    "cull": false
                },
                "west": {
                    "uv": [ 13, 0, 16, 11 ],
                    "textureFacing": "west"
                },
                "east": {
                    "uv": [ 16, 0, 13, 11 ],
                    "textureFacing": "east",
                    "cull": false
                }
            }
        },
        {   "__comment": "TOP",
            "type": "cube",
            "from": [ 0, 13, 3 ],
            "to": [ 3, 16, 13 ],
            "faceData": {
                "down": {
                    "uv": [ 13, 3, 16, 13 ],
                    "textureFacing": "down"
                },
                "up": {
                    "uv": [ 13, 3, 16, 13 ],
                    "textureFacing": "up"
                },
                "north": {
                    "uv": [ 13, 0, 16, 3 ],
                    "textureFacing": "north",
                    "cull": false
                },
                "south": {
                    "uv": [ 13, 0, 16, 3 ],
                    "textureFacing": "south",
                    "cull": false
                },
                "west": {
                    "uv": [ 3, 0, 13, 3 ],
                    "textureFacing": "west"
                },
                "east": {
                    "uv": [ 13, 0, 3, 3 ],
                    "textureFacing": "east",
                    "cull": false
                }
            }
        },
        {   "__comment": "HORIZONTAL",
            "type": "cube",
            "from": [ 0, 8, 3 ],
            "to": [ 3, 10, 13 ],
            "faceData": {
                "down": {
                    "uv": [ 13, 3, 16, 13 ],
                    "textureFacing": "down"
                },
                "up": {
                    "uv": [ 13, 3, 16, 13 ],
                    "textureFacing": "up"
                },
                "north": {
                    "uv": [ 13, 0, 16, 3 ],
                    "textureFacing": "north",
                    "cull": false
                },
                "south": {
                    "uv": [ 3, 6, 13, 8 ],
                    "textureFacing": "south",
                    "cull": false
                },
                "west": {
                    "uv": [ 3, 6, 13, 8 ],
                    "textureFacing": "west"
                },
                "east": {
                    "uv": [ 13, 6, 3, 8 ],
                    "textureFacing": "east",
                    "cull": false
                }
            }
        },
        {   "__comment": "VERTICAL_TOP",
            "type": "cube",
            "from": [ 0, 10, 7 ],
            "to": [ 3, 13, 9 ],
            "faceData": {
                "down": {
                    "uv": [ 13, 3, 16, 13 ],
                    "textureFacing": "down"
                },
                "up": {
                    "uv": [ 13, 3, 16, 13 ],
                    "textureFacing": "up"
                },
                "north": {
                    "uv": [ 7, 3, 9, 6 ],
                    "textureFacing": "north",
                    "cull": false
                },
                "south": {
                    "uv": [ 7, 3, 9, 6 ],
                    "textureFacing": "south",
                    "cull": false
                },
                "west": {
                    "uv": [ 7, 3, 9, 6 ],
                    "textureFacing": "west"
                },
                "east": {
                    "uv": [ 9, 3, 7, 6 ],
                    "textureFacing": "east",
                    "cull": false
                }
            }
        },
        {   "__comment": "VERTICAL_TOP",
            "type": "cube",
            "from": [ 0, 5, 7 ],
            "to": [ 3, 8, 9 ],
            "faceData": {
                "down": {
                    "uv": [ 13, 3, 16, 13 ],
                    "textureFacing": "down"
                },
                "up": {
                    "uv": [ 13, 3, 16, 13 ],
                    "textureFacing": "up"
                },
                "north": {
                    "uv": [ 7, 8, 9, 11 ],
                    "textureFacing": "north",
                    "cull": false
                },
                "south": {
                    "uv": [ 7, 8, 9, 11 ],
                    "textureFacing": "south",
                    "cull": false
                },
                "west": {
                    "uv": [ 7, 8, 9, 11 ],
                    "textureFacing": "west"
                },
                "east": {
                    "uv": [ 9, 8, 7, 11 ],
                    "textureFacing": "east",
                    "cull": false
                }
            }
        }
    ]
}
