{
    "useAmbientOcclusion": false,
    "inventoryRender3D": false,
    "elements": [
        {   "type": "cube",
            "from": [ 2, 9, 0 ],
            "to": [ 4, 9.5, 16 ],
            "rotation": [ 45, 0, 0 ],
            "origin": [ 8, 9, 8 ],
            "rescaleRotation": true,
            "faceData": {
                "down": {
                    "uv": [ 2, 0, 4, 16 ],
                    "textureFacing": "down",
                    "cull": false
                },
                "up": {
                    "uv": [ 2, 0, 4, 16 ],
                    "textureFacing": "up",
                    "cull": false
                },
                "north": {
                    "uv": [ 2, 0, 4, 16 ],
                    "textureFacing": "north",
                    "cull": false
                },
                "south": {
                    "uv": [ 2, 0, 4, 16 ],
                    "textureFacing": "south",
                    "cull": false
                },
                "east": {
                    "uv": [ 2, 0, 3, 16 ],
                    "textureFacing": "east",
                    "cull": false
                },
                "west": {
                    "uv": [ 2, 0, 3, 16 ],
                    "textureFacing": "west",
                    "cull": false
                }
            }
        },
        {   "type": "cube",
            "from": [ 12, 9, 0 ],
            "to": [ 14, 9.5, 16 ],
            "rotation": [ 45, 0, 0 ],
            "origin": [ 8, 9, 8 ],
            "rescaleRotation": true,
            "faceData": {
                "down": {
                    "uv": [ 12, 0, 14, 16 ],
                    "textureFacing": "down",
                    "cull": false
                },
                "up": {
                    "uv": [ 12, 0, 14, 16 ],
                    "textureFacing": "up",
                    "cull": false
                },
                "north": {
                    "uv": [ 2, 0, 4, 16 ],
                    "textureFacing": "north",
                    "cull": false
                },
                "south": {
                    "uv": [ 2, 0, 4, 16 ],
                    "textureFacing": "south",
                    "cull": false
                },
                "east": {
                    "uv": [ 2, 0, 3, 16 ],
                    "textureFacing": "east",
                    "cull": false
                },
                "west": {
                    "uv": [ 2, 0, 3, 16 ],
                    "textureFacing": "west",
                    "cull": false
                }
            }
        },
        {   "type": "cube",
            "from": [ 4, 9, 0 ],
            "to": [ 5, 9.5, 16 ],
            "rotation": [ 45, 0, 0 ],
            "origin": [ 8, 9, 8 ],
            "rescaleRotation": true,
            "faceData": {
                "down": {
                    "uv": [ 4, 0, 5, 16 ],
                    "textureFacing": "down",
                    "cull": false
                },
                "up": {
                    "uv": [ 4, 0, 5, 16 ],
                    "textureFacing": "up",
                    "cull": false
                },
                "north": {
                    "uv": [ 4, 0, 5, 1 ],
                    "textureFacing": "north",
                    "cull": false
                },
                "south": {
                    "uv": [ 4, 0, 5, 1 ],
                    "textureFacing": "south",
                    "cull": false
                },
                "east": {
                    "uv": [ 4, 0, 4.5, 16 ],
                    "textureFacing": "east",
                    "rotation": 90,
                    "cull": false
                },
                "west": {
                    "uv": [ 4, 0, 4.5, 16 ],
                    "textureFacing": "west",
                    "rotation": 90,
                    "cull": false
                }
            }
        },
        {   "type": "cube",
            "from": [ 11, 9, 0 ],
            "to": [ 12, 9.5, 16 ],
            "rotation": [ 45, 0, 0 ],
            "origin": [ 8, 9, 8 ],
            "rescaleRotation": true,
            "faceData": {
                "down": {
                    "uv": [ 4, 0, 5, 16 ],
                    "textureFacing": "down",
                    "cull": false
                },
                "up": {
                    "uv": [ 4, 0, 5, 16 ],
                    "textureFacing": "up",
                    "cull": false
                },
                "north": {
                    "uv": [ 4, 0, 5, 1 ],
                    "textureFacing": "north",
                    "cull": false
                },
                "south": {
                    "uv": [ 4, 0, 5, 1 ],
                    "textureFacing": "south",
                    "cull": false
                },
                "east": {
                    "uv": [ 4, 0, 4.5, 16 ],
                    "textureFacing": "east",
                    "rotation": 90,
                    "cull": false
                },
                "west": {
                    "uv": [ 4, 0, 4.5, 16 ],
                    "textureFacing": "west",
                    "rotation": 270,
                    "cull": false
                }
            }
        },
        {   "type": "cube",
            "from": [ 1, 8, 1 ],
            "to": [ 15, 9, 3 ],
            "rotation": [ 45, 0, 0 ],
            "origin": [ 8, 9, 8 ],
            "rescaleRotation": true,
            "faceData": {
                "down": {
                    "uv": [ 5, 1, 11, 3 ],
                    "textureFacing": "down",
                    "cull": false
                },
                "up": {
                    "uv": [ 1, 1, 15, 3 ],
                    "textureFacing": "up",
                    "cull": false
                },
                "north": {
                    "uv": [ 6, 1, 10, 3 ],
                    "textureFacing": "north",
                    "cull": false
                },
                "south": {
                    "uv": [ 6, 1, 10, 3 ],
                    "textureFacing": "south",
                    "cull": false
                },
                "east": {
                    "uv": [ 14, 1, 15, 3 ],
                    "textureFacing": "east",
                    "cull": false
                },
                "west": {
                    "uv": [ 14, 1, 15, 3 ],
                    "textureFacing": "west",
                    "cull": false
                }
            }
        },
        {   "type": "cube",
            "from": [ 1, 8, 5 ],
            "to": [ 15, 9, 7 ],
            "rotation": [ 45, 0, 0 ],
            "origin": [ 8, 9, 8 ],
            "rescaleRotation": true,
            "faceData": {
                "down": {
                    "uv": [ 5, 5, 11, 7 ],
                    "textureFacing": "down",
                    "cull": false
                },
                "up": {
                    "uv": [ 1, 5, 15, 7 ],
                    "textureFacing": "up",
                    "cull": false
                },
                "north": {
                    "uv": [ 6, 5, 10, 7 ],
                    "textureFacing": "north",
                    "cull": false
                },
                "south": {
                    "uv": [ 6, 5, 10, 7 ],
                    "textureFacing": "south",
                    "cull": false
                },
                "east": {
                    "uv": [ 14, 5, 15, 7 ],
                    "textureFacing": "east",
                    "cull": false
                },
                "west": {
                    "uv": [ 14, 1, 15, 3 ],
                    "textureFacing": "west",
                    "cull": false
                }
            }
        },
        {   "type": "cube",
            "from": [ 1, 8, 9 ],
            "to": [ 15, 9, 11 ],
            "rotation": [ 45, 0, 0 ],
            "origin": [ 8, 9, 8 ],
            "rescaleRotation": true,
            "faceData": {
                "down": {
                    "uv": [ 5, 9, 11, 11 ],
                    "textureFacing": "down",
                    "cull": false
                },
                "up": {
                    "uv": [ 1, 9, 15, 11 ],
                    "textureFacing": "up",
                    "cull": false
                },
                "north": {
                    "uv": [ 6, 9, 10, 11 ],
                    "textureFacing": "north",
                    "cull": false
                },
                "south": {
                    "uv": [ 6, 9, 10, 11 ],
                    "textureFacing": "south",
                    "cull": false
                },
                "east": {
                    "uv": [ 14, 9, 15, 11 ],
                    "textureFacing": "east",
                    "cull": false
                },
                "west": {
                    "uv": [ 14, 9, 15, 11 ],
                    "textureFacing": "west",
                    "cull": false
                }
            }
        },
        {   "type": "cube",
            "from": [ 1, 8, 13 ],
            "to": [ 15, 9, 15 ],
            "rotation": [ 45, 0, 0 ],
            "origin": [ 8, 9, 8 ],
            "rescaleRotation": true,
            "faceData": {
                "down": {
                    "uv": [ 5, 13, 11, 15 ],
                    "textureFacing": "down",
                    "cull": false
                },
                "up": {
                    "uv": [ 1, 13, 15, 15 ],
                    "textureFacing": "up",
                    "cull": false
                },
                "north": {
                    "uv": [ 6, 13, 10, 15 ],
                    "textureFacing": "north",
                    "cull": false
                },
                "south": {
                    "uv": [ 6, 13, 10, 15 ],
                    "textureFacing": "south",
                    "cull": false
                },
                "east": {
                    "uv": [ 14, 13, 15, 15 ],
                    "textureFacing": "east",
                    "cull": false
                },
                "west": {
                    "uv": [ 14, 13, 15, 15 ],
                    "textureFacing": "west",
                    "cull": false
                }
            }
        },
        {   "type": "cube",
            "from": [ 7, 8.25, 3 ],
            "to": [ 9, 8.75, 13 ],
            "rotation": [ 45, 0, 0 ],
            "origin": [ 8, 9, 8 ],
            "rescaleRotation": true,
            "faceData": {
                "down": {
                    "uv": [ 7, 3, 9, 13 ],
                    "textureFacing": "down",
                    "cull": false
                },
                "up": {
                    "uv": [ 7, 3, 9, 13 ],
                    "textureFacing": "up",
                    "cull": false
                },
                "north": {
                    "uv": [ 7, 7, 9, 9 ],
                    "textureFacing": "north",
                    "cull": false
                },
                "south": {
                    "uv": [ 7, 7, 9, 9 ],
                    "textureFacing": "south",
                    "cull": false
                },
                "east": {
                    "uv": [ 7, 7, 9, 9 ],
                    "textureFacing": "east",
                    "cull": false
                },
                "west": {
                    "uv": [ 7, 7, 9, 9 ],
                    "textureFacing": "west",
                    "cull": false
                }
            }
        }
    ]
}
