{
    "__comment": "Fair warning, this format is highly likely to change even more in the future!",
    "elements": [
        {   "type": "cube",
            "from": [ 0, 1, 0 ],
            "to": [ 16, 15, 16 ],
            "faceData": {
                "down": {
                    "uv": [ 0, 0, 16, 16 ],
                    "textureFacing": "down"
                },
                "up": {
                    "uv": [ 0, 0, 16, 16 ],
                    "textureFacing": "up"
                },
                "north": {
                    "uv": [ 1, 1, 15, 15 ],
                    "textureFacing": "north"
                },
                "south": {
                    "uv": [ 1, 1, 15, 15 ],
                    "textureFacing": "south"
                },
                "west": {
                    "uv": [ 1, 1, 15, 15 ],
                    "textureFacing": "west"
                },
                "east": {
                    "uv": [ 1, 1, 15, 15 ],
                    "textureFacing": "east"
                }
            }
        },
		{   "type": "cube",
            "from": [ -0.5, 0, -0.5 ],
            "to": [ 16.5, 3, 16.5 ],
            "faceData": {
                "down": {
                    "uv": [ 0, 0, 16, 16 ],
                    "textureFacing": "down"
                },
                "up": {
                    "uv": [ 0, 0, 16, 16 ],
                    "textureFacing": "up"
                },
                "north": {
                    "uv": [ 0, 0, 16, 3 ],
                    "textureFacing": "north"
                },
                "south": {
                    "uv": [ 0, 0, 16, 3 ],
                    "textureFacing": "south"
                },
                "west": {
                    "uv": [ 0, 0, 16, 3 ],
                    "textureFacing": "west"
                },
                "east": {
                    "uv": [ 0, 0, 16, 3 ],
                    "textureFacing": "east"
                }
            }
        },
		{   "type": "cube",
            "from": [ -0.5, 5, -0.5 ],
            "to": [ 16.5, 11, 16.5],
            "faceData": {
                "down": {
                    "uv": [ 0, 0, 16, 16 ],
                    "textureFacing": "down"
                },
                "up": {
                    "uv": [ 0, 0, 16, 16 ],
                    "textureFacing": "up"
                },
                "north": {
                    "uv": [ 0, 5, 16, 11 ],
                    "textureFacing": "north"
                },
                "south": {
                    "uv": [ 0, 5, 16, 11 ],
                    "textureFacing": "south"
                },
                "west": {
                    "uv": [ 0, 5, 16, 11 ],
                    "textureFacing": "west"
                },
                "east": {
                    "uv": [ 0, 5, 16, 11 ],
                    "textureFacing": "east"
                }
            }
        },
		{   "type": "cube",
            "from": [ -0.5, 13, -0.5 ],
            "to": [ 16.5, 16, 16.5 ],
            "faceData": {
                "down": {
                    "uv": [ 0, 0, 16, 16 ],
                    "textureFacing": "down"
                },
                "up": {
                    "uv": [ 0, 0, 16, 16 ],
                    "textureFacing": "up"
                },
                "north": {
                    "uv": [ 0, 13, 16, 16 ],
                    "textureFacing": "north"
                },
                "south": {
                    "uv": [ 0, 13, 16, 16 ],
                    "textureFacing": "south"
                },
                "west": {
                    "uv": [ 0, 13, 16, 16 ],
                    "textureFacing": "west"
                },
                "east": {
                    "uv": [ 0, 13, 16, 16 ],
                    "textureFacing": "east"
                }
            }
        }
    ]
}
