{
    "__comment": "Fair warning, this format is highly likely to change even more in the future!",
    "elements": [
        {   "type": "cube",
            "from": [ 0, 0, 1 ],
            "to": [ 16, 16, 15 ],
            "faceData": {
                "down": {
                    "uv": [ 0, 1, 16, 15 ],
                    "rotation": 180,
                    "textureFacing": "north"
                },
                "up": {
                    "uv": [ 0, 1, 16, 15 ],
                    "textureFacing": "south"
                },
                "north": {
                    "uv": [ 0, 0, 16, 16 ],
                    "textureFacing": "down"
                },
                "south": {
                    "uv": [ 0, 0, 16, 16 ],
                    "textureFacing": "up"
                },
                "west": {
                    "uv": [ 0, 1, 16, 15 ],
                    "rotation": 270,
                    "textureFacing": "west"
                },
                "east": {
                    "uv": [ 0, 1, 16, 15 ],
                    "rotation": 90,
                    "textureFacing": "east"
                }
            }
        },
		{   "type": "cube",
            "from": [ -0.5, -0.5, 0 ],
            "to": [ 16.5, 16.5, 3 ],
            "faceData": {
                "down": {
                    "uv": [ 0, 0, 16, 3 ],
                    "rotation": 180,
                    "textureFacing": "north"
                },
                "up": {
                    "uv": [ 0, 0, 16, 3 ],
                    "textureFacing": "south"
                },
                "north": {
                    "uv": [ 0, 0, 16, 16 ],
                    "textureFacing": "down"
                },
                "south": {
                    "uv": [ 0, 0, 16, 16 ],
                    "textureFacing": "up"
                },
                "west": {
                    "uv": [ 0, 0, 16, 3 ],
                    "rotation": 270,
                    "textureFacing": "west"
                },
                "east": {
                    "uv": [ 0, 0, 16, 3 ],
                    "rotation": 90,
                    "textureFacing": "east"
                }
            }
        },
		{   "type": "cube",
            "from": [ -0.5, -0.5, 5 ],
            "to": [ 16.5, 16.5, 11 ],
            "faceData": {
                "down": {
                    "uv": [ 0, 5, 16, 11 ],
                    "rotation": 180,
                    "textureFacing": "north"
                },
                "up": {
                    "uv": [ 0, 5, 16, 11 ],
                    "textureFacing": "south"
                },
                "north": {
                    "uv": [ 0, 0, 16, 16 ],
                    "textureFacing": "down"
                },
                "south": {
                    "uv": [ 0, 0, 16, 16 ],
                    "textureFacing": "up"
                },
                "west": {
                    "uv": [ 0, 5, 16, 11 ],
                    "rotation": 270,
                    "textureFacing": "west"
                },
                "east": {
                    "uv": [ 0, 5, 16, 11 ],
                    "rotation": 90,
                    "textureFacing": "east"
                }
            }
        },
		{   "type": "cube",
            "from": [ -0.5, -0.5, 13 ],
            "to": [ 16.5, 16.5, 16 ],
            "faceData": {
                "down": {
                    "uv": [ 0, 13, 16, 16 ],
                    "rotation": 180,
                    "textureFacing": "north"
                },
                "up": {
                    "uv": [ 0, 13, 16, 16 ],
                    "textureFacing": "south"
                },
                "north": {
                    "uv": [ 0, 0, 16, 16 ],
                    "textureFacing": "down"
                },
                "south": {
                    "uv": [ 0, 0, 16, 16 ],
                    "textureFacing": "up"
                },
                "west": {
                    "uv": [ 0, 13, 16, 16 ],
                    "rotation": 270,
                    "textureFacing": "west"
                },
                "east": {
                    "uv": [ 0, 13, 16, 16 ],
                    "rotation": 90,
                    "textureFacing": "east"
                }
            }
        }
    ]
}
