{
    "__comment": "Fair warning, this format is highly likely to change even more in the future!",
    "elements": [
        {   "type": "cube",
            "from": [ 0, 0, 0 ],
            "to": [ 16, 13, 16 ],
            "faceData": {
                "down": {
                    "uv": [ 0, 0, 16, 16 ],
                    "textureFacing": "down"
                },
                "up": {
                    "uv": [ 0, 0, 16, 0 ],
                    "textureFacing": "up"
                },
                "north": {
                    "uv": [ 0, 3, 16, 16 ],
                    "textureFacing": "north"
                },
                "south": {
                    "uv": [ 0, 3, 16, 16 ],
                    "textureFacing": "south"
                },
                "west": {
                    "uv": [ 0, 3, 16, 16 ],
                    "textureFacing": "west"
                },
                "east": {
                    "uv": [ 0, 3, 16, 16 ],
                    "textureFacing": "east"
                }
            }
        },
{   "type": "cube",

"__comment": "top western",
            "from": [ 0, 13, 0 ],
            "to": [ 7, 16, 16 ],
            "faceData": {
                "down": {
                    "uv": [ 0, 0, 7, 16 ],
                    "textureFacing": "down"
                },
                "up": {
                    "uv": [ 0, 0, 7, 16 ],
                    "textureFacing": "up"
                },
                "north": {
                    "uv": [ 9, 0, 16, 3 ],
                    "textureFacing": "north"
                },
                "south": {
                    "uv": [ 16, 16, 9, 13 ],
                    "textureFacing": "south"
                },
                "west": {
                    "uv": [ 0, 0, 16, 3 ],
                    "textureFacing": "west"
                },
                "east": {
                    "uv": [ 0, 0, 0, 0 ],
                    "textureFacing": "east"
                }
            }
        },

{   "type": "cube",

"__comment": "top eastern",
            "from": [ 16, 13, 16 ],
            "to": [ 9, 16, 0 ],
            "faceData": {
                "down": {
                    "uv": [ 0, 0, 16, 16 ],
                    "textureFacing": "down"
                },
                "up": {
                    "uv": [ 16, 16, 9, 0 ],
                    "textureFacing": "up"
                },
                "north": {
                    "uv": [ 7, 16, 0, 13 ],
                    "textureFacing": "north"
                },
                "south": {
                    "uv": [ 0, 0, 7, 3 ],
                    "textureFacing": "south"
                },
                "west": {
                    "uv": [ 0, 0, 16, 3 ],
                    "textureFacing": "west"
                },
                "east": {
                    "uv": [ 0, 0, 0, 0 ],
                    "textureFacing": "east"
                }
            }
        },
{   "type": "cube",

"__comment": "top southern",
            "from": [ 9, 13, 16 ],
            "to": [ 7, 16, 13 ],
            "faceData": {
                "down": {
                    "uv": [ 0, 0, 16, 16 ],
                    "textureFacing": "down"
                },
                "up": {
                    "uv": [ 7, 0, 9, 3 ],
                    "textureFacing": "up"
                },
                "north": {
                    "uv": [ 9, 16, 7, 13 ],
                    "textureFacing": "north"
                },
                "south": {
                    "uv": [ 0, 0, 0, 0 ],
                    "textureFacing": "south"
                },
                "west": {
                    "uv": [ 0, 3, 16, 16 ],
                    "textureFacing": "west"
                },
                "east": {
                    "uv": [ 0, 3, 16, 16 ],
                    "textureFacing": "east"
                }
            }
        },
{   "type": "cube",

"__comment": "top northern",
            "from": [ 7, 13, 0 ],
            "to": [ 9, 16, 3 ],
            "faceData": {
                "down": {
                    "uv": [ 0, 0, 16, 16 ],
                    "textureFacing": "down"
                },
                "up": {
                    "uv": [ 7, 16, 9, 13 ],
                    "textureFacing": "up"
                },
                "north": {
                    "uv": [ 7, 0, 9, 3 ],
                    "textureFacing": "north"
                },
                "south": {
                    "uv": [ 0, 0, 0, 0 ],
                    "textureFacing": "south"
                },
                "west": {
                    "uv": [ 0, 3, 16, 16 ],
                    "textureFacing": "west"
                },
                "east": {
                    "uv": [ 0, 3, 16, 16 ],
                    "textureFacing": "east"
                }
            }
        }
    ]
}
