{
"__comment": "Fair warning, this format is highly likely to change even more in the future!",
"useAmbientOcclusion": false,
"inventoryRender3D": false,
"elements": [ 
{
    "type": "cube",
    "from": [ 1, 1, 14 ],
    "to": [ 15, 3, 14.5 ],
    "faceData": {
        "down": {
            "uv": [ 1, 14, 15, 14.5 ],
            "textureFacing": "down",
            "cull": false
        },
        "up": {
            "uv": [ 1, 14, 15, 14.5 ],
            "textureFacing": "up",
            "cull": false
        },
        "north": {
            "uv": [ 1, 13, 15, 15 ],
            "textureFacing": "north",
            "cull": false
        },
        "south": {
            "uv": [ 1, 13, 15, 15 ],
            "textureFacing": "south",
            "cull": false
        },
        "west": {
            "uv": [ 14, 13, 14.5, 15 ],
            "textureFacing": "west",
            "cull": false
        },
        "east": {
            "uv": [ 14, 13, 14.5, 15 ],
            "textureFacing": "east",
            "cull": false
        }
    }
},
{
    "type": "cube",
    "from": [ 1, 5, 14 ],
    "to": [ 15, 7, 14.5 ],
    "faceData": {
        "down": {
            "uv": [ 1, 14, 15, 14.5 ],
            "textureFacing": "down",
            "cull": false
        },
        "up": {
            "uv": [ 1, 14, 15, 14.5 ],
            "textureFacing": "up",
            "cull": false
        },
        "north": {
            "uv": [ 1, 9, 15, 11 ],
            "textureFacing": "north",
            "cull": false
        },
        "south": {
            "uv": [ 1, 9, 15, 11 ],
            "textureFacing": "south",
            "cull": false
        },
        "west": {
            "uv": [ 14, 9, 14.5, 11 ],
            "textureFacing": "west",
            "cull": false
        },
        "east": {
            "uv": [ 14, 9, 14.5, 11 ],
            "textureFacing": "east",
            "cull": false
        }
    }
},
{
    "type": "cube",
    "from": [ 1, 9, 14 ],
    "to": [ 15, 11, 14.5 ],
    "faceData": {
        "down": {
            "uv": [ 1, 14, 15, 14.5 ],
            "textureFacing": "down",
            "cull": false
        },
        "up": {
            "uv": [ 1, 14, 15, 14.5 ],
            "textureFacing": "up",
            "cull": false
        },
        "north": {
            "uv": [ 1, 5, 15, 7 ],
            "textureFacing": "north",
            "cull": false
        },
        "south": {
            "uv": [ 1, 5, 15, 7 ],
            "textureFacing": "south",
            "cull": false
        },
        "west": {
            "uv": [ 14, 5, 14.5, 7 ],
            "textureFacing": "west",
            "cull": false
        },
        "east": {
            "uv": [ 14, 5, 14.5, 7 ],
            "textureFacing": "east",
            "cull": false
        }
    }
},
{
    "type": "cube",
    "from": [ 1, 13, 14 ],
    "to": [ 15, 15, 14.5 ],
    "faceData": {
        "down": {
            "uv": [ 1, 1, 15, 2 ],
            "textureFacing": "down",
            "cull": false
        },
        "up": {
            "uv": [ 1, 1, 15, 2 ],
            "textureFacing": "up",
            "cull": false
        },
        "north": {
            "uv": [ 1, 1, 15, 3 ],
            "textureFacing": "north",
            "cull": false
        },
        "south": {
            "uv": [ 1, 1, 15, 3 ],
            "textureFacing": "south",
            "cull": false
        },
        "west": {
            "uv": [ 1, 1, 2, 3 ],
            "textureFacing": "west",
            "cull": false
        },
        "east": {
            "uv": [ 14, 1, 15, 3 ],
            "textureFacing": "east",
            "cull": false
        }
    }
},
{
    "type": "cube",
    "from": [ 12, 0, 14.5 ],
    "to": [ 14, 16, 16 ],
    "faceData": {
        "down": {
            "uv": [ 12, 14.5, 14, 16 ],
            "textureFacing": "down",
            "cull": false
        },
        "up": {
            "uv": [ 12, 14.5, 14, 16 ],
            "textureFacing": "up",
            "cull": false
        },
        "north": {
            "uv": [ 12, 0, 14, 16 ],
            "textureFacing": "north",
            "cull": false
        },
        "south": {
            "uv": [ 12, 0, 14, 16 ],
            "textureFacing": "south",
            "cull": false
        },
        "west": {
            "uv": [ 12, 0, 14, 16 ],
            "textureFacing": "west",
            "cull": false
        },
        "east": {
            "uv": [ 12, 0, 14, 16 ],
            "textureFacing": "east",
            "cull": false
        }
    }
},
{
    "type": "cube",
    "from": [ 2, 0, 14.5 ],
    "to": [ 4, 16, 16 ],
    "faceData": {
        "down": {
            "uv": [ 2, 14.5, 4, 16 ],
            "textureFacing": "down",
            "cull": false
        },
        "up": {
            "uv": [ 2, 0, 4, 1.5 ],
            "textureFacing": "up",
            "cull": false
        },
        "north": {
            "uv": [ 2, 0, 4, 16 ],
            "textureFacing": "north",
            "cull": false
        },
        "south": {
            "uv": [ 2, 0, 4, 16 ],
            "textureFacing": "south",
            "cull": false
        },
        "west": {
            "uv": [ 12, 0, 14, 16 ],
            "textureFacing": "west",
            "cull": false
        },
        "east": {
            "uv": [ 2, 0, 4, 16 ],
            "textureFacing": "east",
            "cull": false
        }
    }
}
]
}