{
"__comment": "3D Poppy by ninja5953",
"randomOffsetX": true,
"randomOffsetZ": true,
"elements": [ 
{
    "type": "cube",
    "from": [ 6.5, 7, 6 ],
    "to": [ 9.5, 8, 7 ],
    "faceData": {
        "down": {
            "uv": [ 5, 8, 8, 9 ],
            "textureFacing": "down",
            "cull": false
        },
        "up": {
            "uv": [ 8, 6, 11, 7 ],
            "textureFacing": "up",
            "cull": false
        },
        "north": {
            "uv": [ 5, 8, 8, 9 ],
            "textureFacing": "north",
            "cull": false
        },
        "south": {
            "uv": [ 8, 6, 11, 7 ],
            "textureFacing": "south",
            "cull": false
        },
        "west": {
            "uv": [ 6, 8, 7, 9 ],
            "textureFacing": "down",
            "cull": false
        },
        "east": {
            "uv": [ 6, 8, 7, 9 ],
            "textureFacing": "east",
            "cull": false
        }
    }
},
{
    "type": "cube",
    "from": [ 10, 8.5, 8.5 ],
    "to": [ 11, 9.5, 9.5 ],
    "faceData": {
        "down": {
            "uv": [ 9, 8, 10, 9 ],
            "textureFacing": "down",
            "cull": false
        },
        "up": {
            "uv": [ 10, 7, 11, 8 ],
            "textureFacing": "up",
            "cull": false
        },
        "north": {
            "uv": [ 9, 6, 10, 7 ],
            "textureFacing": "north",
            "cull": false
        },
        "south": {
            "uv": [ 10, 6, 11, 7 ],
            "textureFacing": "south",
            "cull": false
        },
        "west": {
            "uv": [ 8.5, 5.5, 9.5, 6.5 ],
            "textureFacing": "down",
            "cull": false
        },
        "east": {
            "uv": [ 8.5, 5.5, 9.5, 6.5 ],
            "textureFacing": "east",
            "cull": false
        }
    }
},
{
    "type": "cube",
    "from": [ 6, 8.5, 8.5 ],
    "to": [ 7, 9.5, 9.5 ],
    "faceData": {
        "down": {
            "uv": [ 6, 8.5, 7, 9.5 ],
            "textureFacing": "down",
            "cull": false
        },
        "up": {
            "uv": [ 6, 8.5, 7, 9.5 ],
            "textureFacing": "up",
            "cull": false
        },
        "north": {
            "uv": [ 5, 7, 6, 8 ],
            "textureFacing": "north",
            "cull": false
        },
        "south": {
            "uv": [ 6, 6, 7, 7 ],
            "textureFacing": "south",
            "cull": false
        },
        "west": {
            "uv": [ 8.5, 5.5, 9.5, 6.5 ],
            "textureFacing": "down",
            "cull": false
        },
        "east": {
            "uv": [ 8.5, 5.5, 9.5, 6.5 ],
            "textureFacing": "east",
            "cull": false
        }
    }
},
{
    "type": "cube",
    "from": [ 9.5, 8, 7.5 ],
    "to": [ 10.5, 9, 8.5 ],
    "faceData": {
        "down": {
            "uv": [ 9.5, 7, 10.5, 8 ],
            "textureFacing": "down",
            "cull": false
        },
        "up": {
            "uv": [ 9.5, 7, 10.5, 8 ],
            "textureFacing": "up",
            "cull": false
        },
        "north": {
            "uv": [ 9, 7, 10, 8 ],
            "textureFacing": "north",
            "cull": false
        },
        "south": {
            "uv": [ 9, 7, 10, 8 ],
            "textureFacing": "south",
            "cull": false
        },
        "west": {
            "uv": [ 7, 7.5, 8, 8.5 ],
            "textureFacing": "down",
            "cull": false
        },
        "east": {
            "uv": [ 7, 7.5, 8, 8.5 ],
            "textureFacing": "east",
            "cull": false
        }
    }
},
{
    "type": "cube",
    "from": [ 5.5, 7.5, 6.5 ],
    "to": [ 6.5, 8.5, 7.5 ],
    "faceData": {
        "down": {
            "uv": [ 5, 7, 6, 8 ],
            "textureFacing": "down",
            "cull": false
        },
        "up": {
            "uv": [ 6, 8, 7, 9 ],
            "textureFacing": "up",
            "cull": false
        },
        "north": {
            "uv": [ 5.5, 8, 6.5, 9 ],
            "textureFacing": "north",
            "cull": false
        },
        "south": {
            "uv": [ 5.5, 8, 6.5, 9 ],
            "textureFacing": "south",
            "cull": false
        },
        "west": {
            "uv": [ 6.5, 8, 7.5, 9 ],
            "textureFacing": "down",
            "cull": false
        },
        "east": {
            "uv": [ 6.5, 8, 7.5, 9 ],
            "textureFacing": "east",
            "cull": false
        }
    }
},
{
    "type": "cube",
    "from": [ 9, 7.5, 7 ],
    "to": [ 10, 8.5, 8 ],
    "faceData": {
        "down": {
            "uv": [ 9, 7, 10, 8 ],
            "textureFacing": "down",
            "cull": false
        },
        "up": {
            "uv": [ 9, 7, 10, 8 ],
            "textureFacing": "up",
            "cull": false
        },
        "north": {
            "uv": [ 9, 7.5, 10, 8.5 ],
            "textureFacing": "north",
            "cull": false
        },
        "south": {
            "uv": [ 9, 7.5, 10, 8.5 ],
            "textureFacing": "south",
            "cull": false
        },
        "west": {
            "uv": [ 7, 7.5, 8, 8.5 ],
            "textureFacing": "down",
            "cull": false
        },
        "east": {
            "uv": [ 7, 7.5, 8, 8.5 ],
            "textureFacing": "east",
            "cull": false
        }
    }
},
{
    "type": "cube",
    "from": [ 5.5, 8, 7.5 ],
    "to": [ 6.5, 9, 8.5 ],
    "faceData": {
        "down": {
            "uv": [ 5.5, 7.5, 6.5, 8.5 ],
            "textureFacing": "down",
            "cull": false
        },
        "up": {
            "uv": [ 5.5, 7.5, 6.5, 8.5 ],
            "textureFacing": "up",
            "cull": false
        },
        "north": {
            "uv": [ 5.5, 7, 6.5, 8 ],
            "textureFacing": "north",
            "cull": false
        },
        "south": {
            "uv": [ 5.5, 7, 6.5, 8 ],
            "textureFacing": "south",
            "cull": false
        },
        "west": {
            "uv": [ 7.5, 7, 8.5, 8 ],
            "textureFacing": "down",
            "cull": false
        },
        "east": {
            "uv": [ 7.5, 7, 8.5, 8 ],
            "textureFacing": "east",
            "cull": false
        }
    }
},
{
    "type": "cube",
    "from": [ 7, 9, 9 ],
    "to": [ 10, 10, 10 ],
    "faceData": {
        "down": {
            "uv": [ 7, 8, 10, 9 ],
            "textureFacing": "down",
            "cull": false
        },
        "up": {
            "uv": [ 7, 8, 10, 9 ],
            "textureFacing": "up",
            "cull": false
        },
        "north": {
            "uv": [ 7, 6, 10, 7 ],
            "textureFacing": "north",
            "cull": false
        },
        "south": {
            "uv": [ 7, 6, 10, 7 ],
            "textureFacing": "south",
            "cull": false
        },
        "west": {
            "uv": [ 9, 6, 10, 7 ],
            "textureFacing": "down",
            "cull": false
        },
        "east": {
            "uv": [ 10, 6, 11, 7 ],
            "textureFacing": "east",
            "cull": false
        }
    }
},
{
    "type": "cube",
    "from": [ 6, 8, 8 ],
    "to": [ 10, 9, 9 ],
    "faceData": {
        "down": {
            "uv": [ 6, 8, 10, 9 ],
            "textureFacing": "down",
            "cull": false
        },
        "up": {
            "uv": [ 6, 8, 10, 9 ],
            "textureFacing": "up",
            "cull": false
        },
        "north": {
            "uv": [ 6, 7, 10, 8 ],
            "textureFacing": "north",
            "cull": false
        },
        "south": {
            "uv": [ 6, 7, 10, 8 ],
            "textureFacing": "south",
            "cull": false
        },
        "west": {
            "uv": [ 8, 7, 9, 8 ],
            "textureFacing": "down",
            "cull": false
        },
        "east": {
            "uv": [ 8, 7, 9, 8 ],
            "textureFacing": "east",
            "cull": false
        }
    }
},
{
    "type": "cube",
    "from": [ 6, 7, 7 ],
    "to": [ 9, 8, 8 ],
    "faceData": {
        "down": {
            "uv": [ 6, 7, 9, 8 ],
            "textureFacing": "down",
            "cull": false
        },
        "up": {
            "uv": [ 6, 7, 9, 8 ],
            "textureFacing": "up",
            "cull": false
        },
        "north": {
            "uv": [ 6, 8, 9, 9 ],
            "textureFacing": "north",
            "cull": false
        },
        "south": {
            "uv": [ 6, 8, 9, 9 ],
            "textureFacing": "south",
            "cull": false
        },
        "west": {
            "uv": [ 7, 8, 8, 9 ],
            "textureFacing": "down",
            "cull": false
        },
        "east": {
            "uv": [ 7, 8, 8, 9 ],
            "textureFacing": "east",
            "cull": false
        }
    }
},
{
    "type": "cube",
    "from": [ 10, 2, 10 ],
    "to": [ 12, 3, 12 ],
    "faceData": {
        "down": {
            "uv": [ 8, 14, 10, 16 ],
            "textureFacing": "down",
            "cull": false
        },
        "up": {
            "uv": [ 8, 14, 10, 16 ],
            "textureFacing": "up",
            "cull": false
        },
        "north": {
            "uv": [ 10, 13, 12, 14 ],
            "textureFacing": "north",
            "cull": false
        },
        "south": {
            "uv": [ 10, 13, 12, 14 ],
            "textureFacing": "south",
            "cull": false
        },
        "west": {
            "uv": [ 10, 13, 12, 14 ],
            "textureFacing": "down",
            "cull": false
        },
        "east": {
            "uv": [ 10, 13, 12, 14 ],
            "textureFacing": "east",
            "cull": false
        }
    }
},
{
    "type": "cube",
    "from": [ 9, 0, 9 ],
    "to": [ 10, 2, 10 ],
    "faceData": {
        "down": {
            "uv": [ 8, 9, 9, 10 ],
            "textureFacing": "down",
            "cull": false
        },
        "up": {
            "uv": [ 8, 9, 9, 10 ],
            "textureFacing": "up",
            "cull": false
        },
        "north": {
            "uv": [ 9, 14, 10, 16 ],
            "textureFacing": "north",
            "cull": false
        },
        "south": {
            "uv": [ 9, 14, 10, 16 ],
            "textureFacing": "south",
            "cull": false
        },
        "west": {
            "uv": [ 9, 14, 10, 16 ],
            "textureFacing": "down",
            "cull": false
        },
        "east": {
            "uv": [ 9, 14, 10, 16 ],
            "textureFacing": "east",
            "cull": false
        }
    }
},
{
    "type": "cube",
    "from": [ 6, 1, 8 ],
    "to": [ 7, 2, 9 ],
    "faceData": {
        "down": {
            "uv": [ 8, 11, 9, 12 ],
            "textureFacing": "down",
            "cull": false
        },
        "up": {
            "uv": [ 8, 11, 9, 12 ],
            "textureFacing": "up",
            "cull": false
        },
        "north": {
            "uv": [ 6, 14, 7, 15 ],
            "textureFacing": "north",
            "cull": false
        },
        "south": {
            "uv": [ 6, 14, 7, 15 ],
            "textureFacing": "south",
            "cull": false
        },
        "west": {
            "uv": [ 8, 14, 9, 15 ],
            "textureFacing": "down",
            "cull": false
        },
        "east": {
            "uv": [ 8, 14, 9, 15 ],
            "textureFacing": "east",
            "cull": false
        }
    }
},
{
    "type": "cube",
    "from": [ 5, 2, 7.5 ],
    "to": [ 7, 3, 9.5 ],
    "faceData": {
        "down": {
            "uv": [ 8, 14, 10, 16 ],
            "textureFacing": "down",
            "cull": false
        },
        "up": {
            "uv": [ 8, 14, 10, 16 ],
            "textureFacing": "up",
            "cull": false
        },
        "north": {
            "uv": [ 5, 13, 7, 14 ],
            "textureFacing": "north",
            "cull": false
        },
        "south": {
            "uv": [ 5, 13, 7, 14 ],
            "textureFacing": "south",
            "cull": false
        },
        "west": {
            "uv": [ 5, 13, 7, 14 ],
            "textureFacing": "down",
            "cull": false
        },
        "east": {
            "uv": [ 5, 13, 7, 14 ],
            "textureFacing": "east",
            "cull": false
        }
    }
},
{
    "type": "cube",
    "from": [ 7, 0, 8 ],
    "to": [ 8, 1, 9 ],
    "faceData": {
        "down": {
            "uv": [ 7, 9, 8, 10 ],
            "textureFacing": "down",
            "cull": false
        },
        "up": {
            "uv": [ 8, 11, 9, 12 ],
            "textureFacing": "up",
            "cull": false
        },
        "north": {
            "uv": [ 7, 15, 8, 16 ],
            "textureFacing": "north",
            "cull": false
        },
        "south": {
            "uv": [ 7, 15, 8, 16 ],
            "textureFacing": "south",
            "cull": false
        },
        "west": {
            "uv": [ 8, 15, 9, 16 ],
            "textureFacing": "down",
            "cull": false
        },
        "east": {
            "uv": [ 8, 15, 9, 16 ],
            "textureFacing": "east",
            "cull": false
        }
    }
},
{
    "type": "cube",
    "from": [ 8, 0, 8 ],
    "to": [ 9, 8, 9 ],
    "faceData": {
        "down": {
            "uv": [ 8, 9, 9, 10 ],
            "textureFacing": "down",
            "cull": false
        },
        "up": {
            "uv": [ 8, 9, 9, 10 ],
            "textureFacing": "up",
            "cull": false
        },
        "north": {
            "uv": [ 8, 9, 9, 16 ],
            "textureFacing": "north",
            "cull": false
        },
        "south": {
            "uv": [ 8, 9, 9, 16 ],
            "textureFacing": "south",
            "cull": false
        },
        "west": {
            "uv": [ 8, 9, 9, 16 ],
            "textureFacing": "down",
            "cull": false
        },
        "east": {
            "uv": [ 8, 9, 9, 16 ],
            "textureFacing": "east",
            "cull": false
        }
    }
}
]
}