{
	"__comment": "Fair warning, this format is highly likely to change even more in the future!",
	"elements": [
		{
			"type": "cube",
			"from": [ 0, 15.1, 0 ],
			"to": [ 16, 16, 16 ],
			"faceData": {
				"down": {
					"uv": [ 8, 8, 16, 16 ],
					"textureFacing": "south",
					"cull": false
				},
				"up": {
					"uv": [ 0, 0, 16, 16 ],
					"textureFacing": "up"
				}
			}
		},
		{
			"type": "cube",
			"from": [ 0, 0, 0 ],
			"to": [ 16, 0.9, 16 ],
			"faceData": {
				"down": {
					"uv": [ 0, 0, 16, 16 ],
					"textureFacing": "down"
				},
				"up": {
					"uv": [ 8, 8, 16, 16 ],
					"textureFacing": "south",
					"cull": false
				}
			}
		},
		{
			"type": "cube",
			"from": [ 0, 0, 0 ],
			"to": [ 0.9, 16, 16 ],
			"faceData": {
				"west": {
					"uv": [ 0, 0, 16, 16 ],
					"textureFacing": "east"
				},
				"east": {
					"uv": [ 8, 8, 16, 16 ],
					"textureFacing": "south",
					"cull": false
				}
			}
		},
		{
			"type": "cube",
			"from": [ 15.1, 0, 0 ],
			"to": [ 16, 16, 16 ],
			"faceData": {
				"west": {
					"uv": [ 8, 8, 16, 16 ],
					"textureFacing": "south",
					"cull": false
				},
				"east": {
					"uv": [ 0, 0, 16, 16 ],
					"textureFacing": "west"
				}
			}
		},
		{
			"type": "cube",
			"from": [ 0, 0, 15.1 ],
			"to": [ 16, 16, 16 ],
			"faceData": {
				"north": {
					"uv": [ 8, 8, 16, 16 ],
					"textureFacing": "south",
					"cull": false
				},
				"south": {
					"uv": [ 0, 0, 16, 16 ],
					"textureFacing": "north"
				}
			}
		},
		{
			"type": "cube",
			"from": [ 13, 0, 0 ],
			"to": [ 16, 4, 1 ],
			"faceData": {
				"north": {
					"uv": [ 0, 6, 1.5, 8 ],
					"textureFacing": "south"
				},
				"west": {
					"uv": [ 2, 2, 2.5, 2.5 ],
					"textureFacing": "south"
				},
				"up": {
					"uv": [ 2, 2, 2.5, 2.5 ],
					"textureFacing": "south"
				}
			}
		},
		{
			"type": "cube",
			"from": [ 0, 0, 0 ],
			"to": [ 4, 3, 1 ],
			"faceData": {
				"north": {
					"uv": [ 6, 6.5, 8, 8 ],
					"textureFacing": "south"
				},
				"east": {
					"uv": [ 2, 2, 2.5, 2.5 ],
					"textureFacing": "south"
				},
				"up": {
					"uv": [ 2, 2, 2.5, 2.5 ],
					"textureFacing": "south"
				}
			}
		},
		{
			"type": "cube",
			"from": [ 3, 3, 0 ],
			"to": [ 4, 4, 1 ],
			"faceData": {
				"north": {
					"uv": [ 6, 6, 6.5, 6.5 ],
					"textureFacing": "south"
				},
				"west": {
					"uv": [ 2, 2, 2.5, 2.5 ],
					"textureFacing": "south"
				},
				"east": {
					"uv": [ 2, 2, 2.5, 2.5 ],
					"textureFacing": "south"
				},
				"up": {
					"uv": [ 2, 2, 2.5, 2.5 ],
					"textureFacing": "south"
				}
			}
		},
		{
			"type": "cube",
			"from": [ 4, 0, 0 ],
			"to": [ 13, 2, 1 ],
			"faceData": {
				"north": {
					"uv": [ 1.5, 7, 6, 8 ],
					"textureFacing": "south"
				},
				"up": {
					"uv": [ 2, 2, 2.5, 2.5 ],
					"textureFacing": "south"
				}
			}
		},
		{
			"type": "cube",
			"from": [ 5, 2, 0 ],
			"to": [ 9, 3, 1 ],
			"faceData": {
				"north": {
					"uv": [ 3.5, 6.5, 5.5, 7 ],
					"textureFacing": "south"
				},
				"west": {
					"uv": [ 2, 2, 2.5, 2.5 ],
					"textureFacing": "south"
				},
				"east": {
					"uv": [ 2, 2, 2.5, 2.5 ],
					"textureFacing": "south"
				},
				"up": {
					"uv": [ 2, 2, 2.5, 2.5 ],
					"textureFacing": "south"
				}
			}
		},
		{
			"type": "cube",
			"from": [ 7, 3, 0 ],
			"to": [ 8, 4, 1 ],
			"faceData": {
				"north": {
					"uv": [ 4, 6, 4.5, 6.5 ],
					"textureFacing": "south"
				},
				"west": {
					"uv": [ 2, 2, 2.5, 2.5 ],
					"textureFacing": "south"
				},
				"east": {
					"uv": [ 2, 2, 2.5, 2.5 ],
					"textureFacing": "south"
				},
				"up": {
					"uv": [ 2, 2, 2.5, 2.5 ],
					"textureFacing": "south"
				}
			}
		},
		{
			"type": "cube",
			"from": [ 10, 2, 0 ],
			"to": [ 12, 3, 1 ],
			"faceData": {
				"north": {
					"uv": [ 6.5, 2, 7, 3 ],
					"textureFacing": "south"
				},
				"up": {
					"uv": [ 2, 2, 2.5, 2.5 ],
					"textureFacing": "south"
				},
				"west": {
					"uv": [ 2, 2, 2.5, 2.5 ],
					"textureFacing": "south"
				},
				"east": {
					"uv": [ 2, 2, 2.5, 2.5 ],
					"textureFacing": "south"
				}
			}
		},
		{
			"type": "cube",
			"from": [ 10, 3, 0 ],
			"to": [ 11, 4, 1 ],
			"faceData": {
				"north": {
					"uv": [ 2.5, 6, 3, 6.5 ],
					"textureFacing": "south"
				},
				"west": {
					"uv": [ 2, 2, 2.5, 2.5 ],
					"textureFacing": "south"
				},
				"east": {
					"uv": [ 2, 2, 2.5, 2.5 ],
					"textureFacing": "south"
				},
				"up": {
					"uv": [ 2, 2, 2.5, 2.5 ],
					"textureFacing": "south"
				}
			}
		},
		{
			"type": "cube",
			"from": [ 14, 4, 0 ],
			"to": [ 16, 16, 1 ],
			"faceData": {
				"north": {
					"uv": [ 0, 0, 1, 6 ],
					"textureFacing": "south"
				},
				"west": {
					"uv": [ 2, 2, 2.5, 2.5 ],
					"textureFacing": "south"
				}
			}
		},
		{
			"type": "cube",
			"from": [ 0, 14, 0 ],
			"to": [ 14, 16, 1 ],
			"faceData": {
				"north": {
					"uv": [ 1, 0, 8, 1 ],
					"textureFacing": "south"
				},
				"down": {
					"uv": [ 2, 2, 2.5, 2.5 ],
					"textureFacing": "south"
				}
			}
		},
		{
			"type": "cube",
			"from": [ 0, 5, 0 ],
			"to": [ 2, 14, 1 ],
			"faceData": {
				"north": {
					"uv": [ 7, 1, 8, 5.5 ],
					"textureFacing": "south"
				},
				"down": {
					"uv": [ 2, 2, 2.5, 2.5 ],
					"textureFacing": "south"
				},
				"east": {
					"uv": [ 2, 2, 2.5, 2.5 ],
					"textureFacing": "south"
				}
			}
		},
		{
			"type": "cube",
			"from": [ 0, 3, 0 ],
			"to": [ 1, 5, 1 ],
			"faceData": {
				"north": {
					"uv": [ 7.5, 6.5, 8, 7.5 ],
					"textureFacing": "south"
				},
				"east": {
					"uv": [ 2, 2, 2.5, 2.5 ],
					"textureFacing": "south"
				}
			}
		},
		{
			"type": "cube",
			"from": [ 2, 12, 0 ],
			"to": [ 4, 14, 1 ],
			"faceData": {
				"north": {
					"uv": [ 6, 1, 7, 2 ],
					"textureFacing": "south"
				},
				"down": {
					"uv": [ 2, 2, 2.5, 2.5 ],
					"textureFacing": "south"
				},
				"east": {
					"uv": [ 2, 2, 2.5, 2.5 ],
					"textureFacing": "south"
				}
			}
		},
		{
			"type": "cube",
			"from": [ 2, 10, 0 ],
			"to": [ 3, 12, 1 ],
			"faceData": {
				"north": {
					"uv": [ 6.5, 2, 7, 3 ],
					"textureFacing": "south"
				},
				"down": {
					"uv": [ 2, 2, 2.5, 2.5 ],
					"textureFacing": "south"
				},
				"east": {
					"uv": [ 2, 2, 2.5, 2.5 ],
					"textureFacing": "south"
				}
			}
		},
		{
			"type": "cube",
			"from": [ 4, 13, 0 ],
			"to": [ 5, 14, 1 ],
			"faceData": {
				"north": {
					"uv": [ 5.5, 1, 6, 1.5 ],
					"textureFacing": "south"
				},
				"down": {
					"uv": [ 2, 2, 2.5, 2.5 ],
					"textureFacing": "south"
				},
				"east": {
					"uv": [ 2, 2, 2.5, 2.5 ],
					"textureFacing": "south"
				}
			}
		},
		{
			"type": "cube",
			"from": [ 2, 7, 0 ],
			"to": [ 13, 8, 1 ],
			"faceData": {
				"north": {
					"uv": [ 1.5, 4, 7, 4.5 ],
					"textureFacing": "south"
				},
				"down": {
					"uv": [ 2, 2, 2.5, 2.5 ],
					"textureFacing": "south"
				},
				"up": {
					"uv": [ 2, 2, 2.5, 2.5 ],
					"textureFacing": "south"
				}
			}
		},
		{
			"type": "cube",
			"from": [ 13, 6, 0 ],
			"to": [ 14, 14, 1 ],
			"faceData": {
				"north": {
					"uv": [ 1, 1, 1.5, 5 ],
					"textureFacing": "south"
				},
				"down": {
					"uv": [ 2, 2, 2.5, 2.5 ],
					"textureFacing": "south"
				},
				"west": {
					"uv": [ 2, 2, 2.5, 2.5 ],
					"textureFacing": "south"
				}
			}
		},
		{
			"type": "cube",
			"from": [ 6, 8, 0 ],
			"to": [ 10, 9, 1 ],
			"faceData": {
				"north": {
					"uv": [ 3, 3.5, 5, 4 ],
					"textureFacing": "south"
				},
				"up": {
					"uv": [ 2, 2, 2.5, 2.5 ],
					"textureFacing": "south"
				},
				"west": {
					"uv": [ 2, 2, 2.5, 2.5 ],
					"textureFacing": "south"
				},
				"east": {
					"uv": [ 2, 2, 2.5, 2.5 ],
					"textureFacing": "south"
				}
			}
		},
		{
			"type": "cube",
			"from": [ 7, 9, 0 ],
			"to": [ 9, 13, 1 ],
			"faceData": {
				"north": {
					"uv": [ 3.5, 1.5, 4.5, 3.5 ],
					"textureFacing": "south"
				},
				"east": {
					"uv": [ 2, 2, 2.5, 2.5 ],
					"textureFacing": "south"
				},
				"west": {
					"uv": [ 2, 2, 2.5, 2.5 ],
					"textureFacing": "south"
				}
			}
		},
		{
			"type": "cube",
			"from": [ 6, 13, 0 ],
			"to": [ 10, 14, 1 ],
			"faceData": {
				"north": {
					"uv": [ 3, 1, 5, 1.5 ],
					"textureFacing": "south"
				},
				"down": {
					"uv": [ 2, 2, 2.5, 2.5 ],
					"textureFacing": "south"
				},
				"east": {
					"uv": [ 2, 2, 2.5, 2.5 ],
					"textureFacing": "south"
				},
				"west": {
					"uv": [ 2, 2, 2.5, 2.5 ],
					"textureFacing": "south"
				}
			}
		},
		{
			"type": "cube",
			"from": [ 3, 6, 0 ],
			"to": [ 4, 7, 1 ],
			"faceData": {
				"north": {
					"uv": [ 6, 4.5, 6.5, 5 ],
					"textureFacing": "south"
				},
				"east": {
					"uv": [ 2, 2, 2.5, 2.5 ],
					"textureFacing": "south"
				},
				"down": {
					"uv": [ 2, 2, 2.5, 2.5 ],
					"textureFacing": "south"
				},
				"west": {
					"uv": [ 2, 2, 2.5, 2.5 ],
					"textureFacing": "south"
				}
			}
		},
		{
			"type": "cube",
			"from": [ 5, 6, 0 ],
			"to": [ 7, 7, 1 ],
			"faceData": {
				"north": {
					"uv": [ 4.5, 4.5, 5.5, 5 ],
					"textureFacing": "south"
				},
				"down": {
					"uv": [ 2, 2, 2.5, 2.5 ],
					"textureFacing": "south"
				},
				"east": {
					"uv": [ 2, 2, 2.5, 2.5 ],
					"textureFacing": "south"
				},
				"west": {
					"uv": [ 2, 2, 2.5, 2.5 ],
					"textureFacing": "south"
				}
			}
		},
		{
			"type": "cube",
			"from": [ 8, 6, 0 ],
			"to": [ 10, 7, 1 ],
			"faceData": {
				"north": {
					"uv": [ 3, 4.5, 4, 5 ],
					"textureFacing": "south"
				},
				"down": {
					"uv": [ 2, 2, 2.5, 2.5 ],
					"textureFacing": "south"
				},
				"west": {
					"uv": [ 2, 2, 2.5, 2.5 ],
					"textureFacing": "south"
				},
				"east": {
					"uv": [ 2, 2, 2.5, 2.5 ],
					"textureFacing": "south"
				}
			}
		},
		{
			"type": "cube",
			"from": [ 11, 6, 0 ],
			"to": [ 12, 7, 1 ],
			"faceData": {
				"north": {
					"uv": [ 2, 4.5, 2.5, 5 ],
					"textureFacing": "south"
				},
				"east": {
					"uv": [ 2, 2, 2.5, 2.5 ],
					"textureFacing": "south"
				},
				"west": {
					"uv": [ 2, 2, 2.5, 2.5 ],
					"textureFacing": "south"
				},
				"down": {
					"uv": [ 2, 2, 2.5, 2.5 ],
					"textureFacing": "south"
				}
			}
		},
		{
			"type": "cube",
			"from": [ 13, 6, 0 ],
			"to": [ 14, 7, 1 ],
			"faceData": {
				"west": {
					"uv": [ 2, 2, 2.5, 2.5 ],
					"textureFacing": "south"
				},
				"down": {
					"uv": [ 2, 2, 2.5, 2.5 ],
					"textureFacing": "south"
				}
			}
		},
		{
			"type": "cube",
			"from": [ 12, 8, 0 ],
			"to": [ 13, 9, 1 ],
			"faceData": {
				"north": {
					"uv": [ 1.5, 3.5, 2, 4 ],
					"textureFacing": "south"
				},
				"down": {
					"uv": [ 2, 2, 2.5, 2.5 ],
					"textureFacing": "south"
				},
				"up": {
					"uv": [ 2, 2, 2.5, 2.5 ],
					"textureFacing": "south"
				},
				"west": {
					"uv": [ 2, 2, 2.5, 2.5 ],
					"textureFacing": "south"
				}
			}
		},
		{
			"type": "cube",
			"from": [ 13, 8, 0 ],
			"to": [ 14, 14, 1 ],
			"faceData": {
				"north": {
					"uv": [ 1, 1, 1.5, 4 ],
					"textureFacing": "south"
				},
				"down": {
					"uv": [ 2, 2, 2.5, 2.5 ],
					"textureFacing": "south"
				},
				"west": {
					"uv": [ 2, 2, 2.5, 2.5 ],
					"textureFacing": "south"
				}
			}
		},
		{
			"type": "cube",
			"from": [ 12, 12, 0 ],
			"to": [ 13, 14, 1 ],
			"faceData": {
				"north": {
					"uv": [ 1.5, 1, 2, 2 ],
					"textureFacing": "south"
				},
				"down": {
					"uv": [ 2, 2, 2.5, 2.5 ],
					"textureFacing": "south"
				},
				"west": {
					"uv": [ 2, 2, 2.5, 2.5 ],
					"textureFacing": "south"
				}
			}
		},
		{
			"type": "cube",
			"from": [ 7, 0, 7 ],
			"to": [ 9, 5, 9 ],
			"faceData": {
				"north": {
					"uv": [ 15, 0, 16, 2.5 ],
					"textureFacing": "south"
				},
				"south": {
					"uv": [ 15, 0, 16, 2.5 ],
					"textureFacing": "south"
				},
				"east": {
					"uv": [ 15, 0, 16, 2.5 ],
					"textureFacing": "south"
				},
				"west": {
					"uv": [ 15, 0, 16, 2.5 ],
					"textureFacing": "south"
				},
				"up": {
					"uv": [ 15, 0, 16, 1 ],
					"textureFacing": "south"
				}
			}
		}
	]
}