{
    "useAmbientOcclusion": false,
    "inventoryRender3D": false,
    "elements": [
        {   "type": "cube",
            "from": [ 2, 1, 0 ],
            "to": [ 4, 1.5, 16 ],
            "faceData": {
                "down": {
                    "uv": [ 2, 0, 4, 16 ],
                    "textureFacing": "down",
                    "cull": false
                },
                "up": {
                    "uv": [ 2, 0, 4, 16 ],
                    "textureFacing": "up",
                    "cull": false
                },
                "north": {
                    "uv": [ 2, 0, 4, 16 ],
                    "textureFacing": "north",
                    "cull": false
                },
                "south": {
                    "uv": [ 2, 0, 4, 16 ],
                    "textureFacing": "south",
                    "cull": false
                },
                "east": {
                    "uv": [ 3, 0, 4, 16 ],
                    "textureFacing": "east",
                    "cull": false
                },
                "west": {
                    "uv": [ 2, 0, 3, 16 ],
                    "textureFacing": "west",
                    "cull": false
                }
            }
        },
        {   "type": "cube",
            "from": [ 12, 1, 0 ],
            "to": [ 14, 1.5, 16 ],
            "faceData": {
                "down": {
                    "uv": [ 12, 0, 14, 16 ],
                    "textureFacing": "down",
                    "cull": false
                },
                "up": {
                    "uv": [ 12, 0, 14, 16 ],
                    "textureFacing": "up",
                    "cull": false
                },
                "north": {
                    "uv": [ 2, 0, 4, 16 ],
                    "textureFacing": "north",
                    "cull": false
                },
                "south": {
                    "uv": [ 2, 0, 4, 16 ],
                    "textureFacing": "south",
                    "cull": false
                },
                "east": {
                    "uv": [ 2, 0, 3, 16 ],
                    "textureFacing": "east",
                    "cull": false
                },
                "west": {
                    "uv": [ 3, 0, 4, 16 ],
                    "textureFacing": "west",
                    "cull": false
                }
            }
        },
        {   "type": "cube",
            "from": [ 1, 0, 1 ],
            "to": [ 15, 1, 3 ],
            "faceData": {
                "down": {
                    "uv": [ 4, 1, 12, 3 ],
                    "textureFacing": "down",
                    "cull": false
                },
                "up": {
                    "uv": [ 4, 1, 12, 3 ],
                    "textureFacing": "up",
                    "cull": false
                },
                "north": {
                    "uv": [ 4, 1, 12, 3 ],
                    "textureFacing": "north",
                    "cull": false
                },
                "south": {
                    "uv": [ 4, 1, 12, 3 ],
                    "textureFacing": "south",
                    "cull": false
                },
                "east": {
                    "uv": [ 14, 1, 15, 3 ],
                    "textureFacing": "east",
                    "cull": false
                },
                "west": {
                    "uv": [ 14, 1, 15, 3 ],
                    "textureFacing": "west",
                    "cull": false
                }
            }
        },
        {   "type": "cube",
            "from": [ 1, 0, 5 ],
            "to": [ 15, 1, 7 ],
            "faceData": {
                "down": {
                    "uv": [ 4, 5, 12, 7 ],
                    "textureFacing": "down",
                    "cull": false
                },
                "up": {
                    "uv": [ 4, 5, 12, 7 ],
                    "textureFacing": "up",
                    "cull": false
                },
                "north": {
                    "uv": [ 4, 5, 12, 7 ],
                    "textureFacing": "north",
                    "cull": false
                },
                "south": {
                    "uv": [ 4, 5, 12, 7 ],
                    "textureFacing": "south",
                    "cull": false
                },
                "east": {
                    "uv": [ 14, 5, 15, 7 ],
                    "textureFacing": "east",
                    "cull": false
                },
                "west": {
                    "uv": [ 14, 1, 15, 3 ],
                    "textureFacing": "west",
                    "cull": false
                }
            }
        },
        {   "type": "cube",
            "from": [ 1, 0, 9 ],
            "to": [ 15, 1, 11 ],
            "faceData": {
                "down": {
                    "uv": [ 4, 9, 12, 11 ],
                    "textureFacing": "down",
                    "cull": false
                },
                "up": {
                    "uv": [ 4, 9, 12, 11 ],
                    "textureFacing": "up",
                    "cull": false
                },
                "north": {
                    "uv": [ 4, 9, 12, 11 ],
                    "textureFacing": "north",
                    "cull": false
                },
                "south": {
                    "uv": [ 4, 9, 12, 11 ],
                    "textureFacing": "south",
                    "cull": false
                },
                "east": {
                    "uv": [ 14, 9, 15, 11 ],
                    "textureFacing": "east",
                    "cull": false
                },
                "west": {
                    "uv": [ 14, 9, 15, 11 ],
                    "textureFacing": "west",
                    "cull": false
                }
            }
        },
        {   "type": "cube",
            "from": [ 1, 0, 13 ],
            "to": [ 15, 1, 15 ],
            "faceData": {
                "down": {
                    "uv": [ 4, 13, 12, 15 ],
                    "textureFacing": "down",
                    "cull": false
                },
                "up": {
                    "uv": [ 4, 13, 12, 15 ],
                    "textureFacing": "up",
                    "cull": false
                },
                "north": {
                    "uv": [ 4, 13, 12, 15 ],
                    "textureFacing": "north",
                    "cull": false
                },
                "south": {
                    "uv": [ 4, 13, 12, 15 ],
                    "textureFacing": "south",
                    "cull": false
                },
                "east": {
                    "uv": [ 14, 13, 15, 15 ],
                    "textureFacing": "east",
                    "cull": false
                },
                "west": {
                    "uv": [ 14, 13, 15, 15 ],
                    "textureFacing": "west",
                    "cull": false
                }
            }
        }
    ]
}
