{
    "__comment": "Fair warning, this format is highly likely to change even more in the future!",
    "elements": [
        {   "type": "cube",
            "from": [ 7, 0, 7 ],
            "to": [ 9, 1, 9 ],
            "faceData": {
                "down": {
                    "uv": [ 7, 16, 9, 16 ],
                    "textureFacing": "down"
                },
                "up": {
                    "uv": [ 7, 16, 9, 16 ],
                    "textureFacing": "up"
                },
                "north": {
                    "uv": [ 7, 16, 9, 16 ],
                    "textureFacing": "north"
                },
                "south": {
                    "uv": [ 7, 16, 9, 16 ],
                    "textureFacing": "south"
                },
                "west": {
                    "uv": [ 7, 16, 9, 16 ],
                    "textureFacing": "west"
                },
                "east": {
                    "uv": [ 7, 16, 9, 16 ],
                    "textureFacing": "east"
				}
            }
        },
        {   "type": "cube",
            "from": [ 5, 1, 5 ],
            "to": [ 11, 2, 11 ],
            "faceData": {
                "down": {
                    "uv": [ 6, 13, 9, 15 ],
                    "textureFacing": "down",
                    "cull": false
                },
                "up": {
                    "uv": [ 6, 13, 9, 15 ],
                    "textureFacing": "up",
                    "cull": false
                },
                "north": {
                    "uv": [ 5, 15, 11, 15 ],
                    "textureFacing": "north",
                    "cull": false
                },
                "south": {
                    "uv": [ 5, 15, 11, 15 ],
                    "textureFacing": "south",
                    "cull": false
                },
                "west": {
                    "uv": [ 5, 15, 11, 15 ],
                    "textureFacing": "west",
                    "cull": false
                },
                "east": {
                    "uv": [ 5, 15, 11, 15 ],
                    "textureFacing": "east",
                    "cull": false
				}
            }
        },
        {   "type": "cube",
            "from": [ 4.5, 2, 4.5 ],
            "to": [ 11.5, 3, 11.5 ],
            "faceData": {
                "down": {
                    "uv": [ 6, 13, 9, 15 ],
                    "textureFacing": "down",
                    "cull": false
                },
                "up": {
                    "uv": [ 6, 13, 9, 15 ],
                    "textureFacing": "up",
                    "cull": false
                },
                "north": {
                    "uv": [ 4, 14, 11, 14 ],
                    "textureFacing": "north",
                    "cull": false
                },
                "south": {
                    "uv": [ 4, 14, 11, 14 ],
                    "textureFacing": "south",
                    "cull": false
                },
                "west": {
                    "uv": [ 4, 14, 11, 14 ],
                    "textureFacing": "west",
                    "cull": false
                },
                "east": {
                    "uv": [ 4, 14, 11, 14 ],
                    "textureFacing": "east",
                    "cull": false
				}
            }
        },
        {   "type": "cube",
            "from": [ 4.5, 3, 4.5 ],
            "to": [ 11.5, 4, 11.5 ],
            "faceData": {
                "down": {
                    "uv": [ 10, 15, 6, 13 ],
                    "textureFacing": "down",
                    "cull": false
                },
                "up": {
                    "uv": [ 10, 15, 6, 13 ],
                    "textureFacing": "up",
                    "cull": false
                },
                "north": {
                    "uv": [ 5, 13, 11, 13 ],
                    "textureFacing": "north",
                    "cull": false
                },
                "south": {
                    "uv": [ 5, 13, 11, 13 ],
                    "textureFacing": "south",
                    "cull": false
                },
                "west": {
                    "uv": [ 5, 13, 11, 13 ],
                    "textureFacing": "west",
                    "cull": false
                },
                "east": {
                    "uv": [ 5, 13, 11, 13 ],
                    "textureFacing": "east",
                    "cull": false
				}
            }
        },
        {   "type": "cube",
            "from": [ 5, 4, 5 ],
            "to": [ 11, 5, 11 ],
            "faceData": {
                "down": {
                    "uv": [ 5, 12, 9, 15 ],
                    "textureFacing": "down",
                    "cull": false
                },
                "up": {
                    "uv": [ 5, 12, 9, 15 ],
                    "textureFacing": "up",
                    "cull": false
                },
                "north": {
                    "uv": [ 5, 12, 11, 12 ],
                    "textureFacing": "north",
                    "cull": false
                },
                "south": {
                    "uv": [ 5, 12, 11, 12 ],
                    "textureFacing": "south",
                    "cull": false
                },
                "west": {
                    "uv": [ 5, 12, 11, 12 ],
                    "textureFacing": "west",
                    "cull": false
                },
                "east": {
                    "uv": [ 5, 12, 11, 12 ],
                    "textureFacing": "east",
                    "cull": false
				}
            }
        },
        {   "type": "cube",
            "from": [ 6, 5, 6 ],
            "to": [ 10, 6, 10 ],
            "faceData": {
                "down": {
                    "uv": [ 6, 11, 9, 14 ],
                    "textureFacing": "down",
                    "cull": false
                },
                "up": {
                    "uv": [ 6, 11, 9, 14 ],
                    "textureFacing": "up",
                    "cull": false
                },
                "north": {
                    "uv": [ 6, 10, 9, 11 ],
                    "textureFacing": "north",
                    "cull": false
                },
                "south": {
                    "uv": [ 6, 10, 9, 11 ],
                    "textureFacing": "south",
                    "cull": false
                },
                "west": {
                    "uv": [ 6, 10, 9, 11 ],
                    "textureFacing": "west",
                    "cull": false
                },
                "east": {
                    "uv": [ 6, 10, 9, 11 ],
                    "textureFacing": "east",
                    "cull": false
                }
            }
        }
    ]
}
