{
"__comment": "",
"elements": [ 
{
    "type": "cube",
    "from": [ 9.5, 4.5, 7 ],
    "to": [ 10, 9.5, 8 ],
    "faceData": {
        "down": {
            "uv": [ 9, 8, 9.5, 9 ],
            "textureFacing": "down",
            "cull": false
        },
        "up": {
            "uv": [ 9, 9, 9.5, 10 ],
            "textureFacing": "up",
            "cull": false
        },
        "north": {
            "uv": [ 9, 7, 9.5, 12 ],
            "textureFacing": "north",
            "cull": false
        },
        "south": {
            "uv": [ 9, 8, 9.5, 13 ],
            "textureFacing": "south",
            "cull": false
        },
        "west": {
            "uv": [ 9, 7, 10, 12 ],
            "textureFacing": "down",
            "cull": false
        },
        "east": {
            "uv": [ 9, 7, 10, 12 ],
            "textureFacing": "east",
            "cull": false
        }
    }
},
{
    "type": "cube",
    "from": [ 9, 3, 7 ],
    "to": [ 9.5, 8.5, 8.5 ],
    "faceData": {
        "down": {
            "uv": [ 6, 12, 6.5, 13.5 ],
            "textureFacing": "down",
            "cull": false
        },
        "up": {
            "uv": [ 6, 11, 6.5, 12.5 ],
            "textureFacing": "up",
            "cull": false
        },
        "north": {
            "uv": [ 9, 7, 9.5, 12.5 ],
            "textureFacing": "north",
            "cull": false
        },
        "south": {
            "uv": [ 9, 7, 9.5, 12.5 ],
            "textureFacing": "south",
            "cull": false
        },
        "west": {
            "uv": [ 7, 10, 9, 15 ],
            "textureFacing": "down",
            "cull": false
        },
        "east": {
            "uv": [ 7, 10, 9, 15 ],
            "textureFacing": "east",
            "cull": false
        }
    }
},
{
    "type": "cube",
    "from": [ 8.5, 2, 6.5 ],
    "to": [ 9, 7, 9 ],
    "faceData": {
        "down": {
            "uv": [ 7, 7, 7.5, 9.5 ],
            "textureFacing": "down",
            "cull": false
        },
        "up": {
            "uv": [ 7, 7, 7.5, 9.5 ],
            "textureFacing": "up",
            "cull": false
        },
        "north": {
            "uv": [ 7, 9, 7.5, 14 ],
            "textureFacing": "north",
            "cull": false
        },
        "south": {
            "uv": [ 7, 9, 7.5, 14 ],
            "textureFacing": "south",
            "cull": false
        },
        "west": {
            "uv": [ 7, 10, 9, 15 ],
            "textureFacing": "down",
            "cull": false
        },
        "east": {
            "uv": [ 7, 10, 9, 15 ],
            "textureFacing": "east",
            "cull": false
        }
    }
},
{
    "type": "cube",
    "from": [ 8, 1, 6.5 ],
    "to": [ 8.5, 5.5, 8.5 ],
    "faceData": {
        "down": {
            "uv": [ 7.5, 7.5, 8, 9.5 ],
            "textureFacing": "down",
            "cull": false
        },
        "up": {
            "uv": [ 7.5, 7.5, 8, 9.5 ],
            "textureFacing": "up",
            "cull": false
        },
        "north": {
            "uv": [ 7.5, 10.5, 8, 15 ],
            "textureFacing": "north",
            "cull": false
        },
        "south": {
            "uv": [ 7.5, 10.5, 8, 15 ],
            "textureFacing": "south",
            "cull": false
        },
        "west": {
            "uv": [ 7, 10, 9, 14.5 ],
            "textureFacing": "down",
            "cull": false
        },
        "east": {
            "uv": [ 7, 10, 9, 14.5 ],
            "textureFacing": "east",
            "cull": false
        }
    }
},
{
    "type": "cube",
    "from": [ 5, 5, 6.5 ],
    "to": [ 5.5, 11, 8.5 ],
    "faceData": {
        "down": {
            "uv": [ 4, 8, 4.5, 9.5 ],
            "textureFacing": "down",
            "cull": false
        },
        "up": {
            "uv": [ 4, 9, 4.5, 10.5 ],
            "textureFacing": "up",
            "cull": false
        },
        "north": {
            "uv": [ 5, 7, 5.5, 13 ],
            "textureFacing": "north",
            "cull": false
        },
        "south": {
            "uv": [ 5, 7, 5.5, 13 ],
            "textureFacing": "south",
            "cull": false
        },
        "west": {
            "uv": [ 9, 9, 10, 15 ],
            "textureFacing": "down",
            "cull": false
        },
        "east": {
            "uv": [ 9, 9, 10, 15 ],
            "textureFacing": "east",
            "cull": false
        }
    }
},
{
    "type": "cube",
    "from": [ 5.5, 2.5, 6 ],
    "to": [ 6, 8, 9 ],
    "faceData": {
        "down": {
            "uv": [ 4, 8, 4.5, 10 ],
            "textureFacing": "down",
            "cull": false
        },
        "up": {
            "uv": [ 4, 8, 4.5, 10 ],
            "textureFacing": "up",
            "cull": false
        },
        "north": {
            "uv": [ 5, 7, 5.5, 12.5 ],
            "textureFacing": "north",
            "cull": false
        },
        "south": {
            "uv": [ 5, 7, 5.5, 12.5 ],
            "textureFacing": "south",
            "cull": false
        },
        "west": {
            "uv": [ 7, 10, 9, 15 ],
            "textureFacing": "down",
            "cull": false
        },
        "east": {
            "uv": [ 7, 10, 9, 15 ],
            "textureFacing": "east",
            "cull": false
        }
    }
},
{
    "type": "cube",
    "from": [ 6, 1.5, 6.5 ],
    "to": [ 6.5, 6, 9 ],
    "faceData": {
        "down": {
            "uv": [ 4, 8, 4.5, 10.5 ],
            "textureFacing": "down",
            "cull": false
        },
        "up": {
            "uv": [ 4, 8, 4.5, 10.5 ],
            "textureFacing": "up",
            "cull": false
        },
        "north": {
            "uv": [ 5, 8, 5.5, 12.5 ],
            "textureFacing": "north",
            "cull": false
        },
        "south": {
            "uv": [ 5, 8, 5.5, 12.5 ],
            "textureFacing": "south",
            "cull": false
        },
        "west": {
            "uv": [ 7, 10, 9, 15 ],
            "textureFacing": "down",
            "cull": false
        },
        "east": {
            "uv": [ 7, 10, 9, 15 ],
            "textureFacing": "east",
            "cull": false
        }
    }
},
{
    "type": "cube",
    "from": [ 6.5, 1, 7 ],
    "to": [ 7, 6, 8.5 ],
    "faceData": {
        "down": {
            "uv": [ 4, 8, 4.5, 10 ],
            "textureFacing": "down",
            "cull": false
        },
        "up": {
            "uv": [ 4, 8, 4.5, 10 ],
            "textureFacing": "up",
            "cull": false
        },
        "north": {
            "uv": [ 7, 10, 7.5, 15 ],
            "textureFacing": "north",
            "cull": false
        },
        "south": {
            "uv": [ 7, 10, 7.5, 15 ],
            "textureFacing": "south",
            "cull": false
        },
        "west": {
            "uv": [ 7, 10, 9, 15 ],
            "textureFacing": "down",
            "cull": false
        },
        "east": {
            "uv": [ 7, 10, 9, 15 ],
            "textureFacing": "east",
            "cull": false
        }
    }
},
{
    "type": "cube",
    "from": [ 8, 12, 6 ],
    "to": [ 9, 13, 7 ],
    "faceData": {
        "down": {
            "uv": [ 8, 3, 9, 4 ],
            "textureFacing": "down",
            "cull": false
        },
        "up": {
            "uv": [ 8, 3, 9, 4 ],
            "textureFacing": "up",
            "cull": false
        },
        "north": {
            "uv": [ 8, 3, 9, 4 ],
            "textureFacing": "north",
            "cull": false
        },
        "south": {
            "uv": [ 8, 3, 9, 4 ],
            "textureFacing": "south",
            "cull": false
        },
        "west": {
            "uv": [ 6, 3, 7, 4 ],
            "textureFacing": "down",
            "cull": false
        },
        "east": {
            "uv": [ 6, 3, 7, 4 ],
            "textureFacing": "east",
            "cull": false
        }
    }
},
{
    "type": "cube",
    "from": [ 6, 12, 8 ],
    "to": [ 7, 13, 9 ],
    "faceData": {
        "down": {
            "uv": [ 6, 3, 7, 4 ],
            "textureFacing": "down",
            "cull": false
        },
        "up": {
            "uv": [ 6, 3, 7, 4 ],
            "textureFacing": "up",
            "cull": false
        },
        "north": {
            "uv": [ 6, 3, 7, 4 ],
            "textureFacing": "north",
            "cull": false
        },
        "south": {
            "uv": [ 6, 3, 7, 4 ],
            "textureFacing": "south",
            "cull": false
        },
        "west": {
            "uv": [ 8, 3, 9, 4 ],
            "textureFacing": "down",
            "cull": false
        },
        "east": {
            "uv": [ 8, 3, 9, 4 ],
            "textureFacing": "east",
            "cull": false
        }
    }
},
{
    "type": "cube",
    "from": [ 8, 12, 8 ],
    "to": [ 9, 13, 9 ],
    "faceData": {
        "down": {
            "uv": [ 8, 3, 9, 4 ],
            "textureFacing": "down",
            "cull": false
        },
        "up": {
            "uv": [ 8, 3, 9, 4 ],
            "textureFacing": "up",
            "cull": false
        },
        "north": {
            "uv": [ 8, 3, 9, 4 ],
            "textureFacing": "north",
            "cull": false
        },
        "south": {
            "uv": [ 8, 3, 9, 4 ],
            "textureFacing": "south",
            "cull": false
        },
        "west": {
            "uv": [ 8, 3, 9, 4 ],
            "textureFacing": "down",
            "cull": false
        },
        "east": {
            "uv": [ 8, 3, 9, 4 ],
            "textureFacing": "east",
            "cull": false
        }
    }
},
{
    "type": "cube",
    "from": [ 6, 12, 6 ],
    "to": [ 7, 13, 7 ],
    "faceData": {
        "down": {
            "uv": [ 6, 3, 7, 4 ],
            "textureFacing": "down",
            "cull": false
        },
        "up": {
            "uv": [ 6, 3, 7, 4 ],
            "textureFacing": "up",
            "cull": false
        },
        "north": {
            "uv": [ 6, 3, 7, 4 ],
            "textureFacing": "north",
            "cull": false
        },
        "south": {
            "uv": [ 6, 3, 7, 4 ],
            "textureFacing": "south",
            "cull": false
        },
        "west": {
            "uv": [ 6, 3, 7, 4 ],
            "textureFacing": "down",
            "cull": false
        },
        "east": {
            "uv": [ 6, 3, 7, 4 ],
            "textureFacing": "east",
            "cull": false
        }
    }
},
{
    "type": "cube",
    "from": [ 6, 9.5, 6 ],
    "to": [ 9, 12, 9 ],
    "faceData": {
        "down": {
            "uv": [ 6, 4, 9, 6 ],
            "textureFacing": "down",
            "cull": false
        },
        "up": {
            "uv": [ 6, 4, 9, 6 ],
            "textureFacing": "up",
            "cull": false
        },
        "north": {
            "uv": [ 6, 4, 9, 6 ],
            "textureFacing": "north",
            "cull": false
        },
        "south": {
            "uv": [ 6, 4, 9, 6 ],
            "textureFacing": "south",
            "cull": false
        },
        "west": {
            "uv": [ 6, 4, 9, 6 ],
            "textureFacing": "down",
            "cull": false
        },
        "east": {
            "uv": [ 6, 4, 9, 6 ],
            "textureFacing": "east",
            "cull": false
        }
    }
},
{
    "type": "cube",
    "from": [ 7, 0, 7 ],
    "to": [ 8, 10, 8 ],
    "faceData": {
        "down": {
            "uv": [ 7, 15, 8, 16 ],
            "textureFacing": "down",
            "cull": false
        },
        "up": {
            "uv": [ 7, 7, 8, 8 ],
            "textureFacing": "up",
            "cull": false
        },
        "north": {
            "uv": [ 7, 7, 8, 16 ],
            "textureFacing": "north",
            "cull": false
        },
        "south": {
            "uv": [ 7, 7, 8, 16 ],
            "textureFacing": "south",
            "cull": false
        },
        "west": {
            "uv": [ 7, 7, 8, 16 ],
            "textureFacing": "down",
            "cull": false
        },
        "east": {
            "uv": [ 7, 7, 8, 16 ],
            "textureFacing": "east",
            "cull": false
        }
    }
}
]
}