{
    "__comment": "Fair warning, this format is highly likely to change even more in the future!",
    "elements": [
        {   "type": "cube",
            "from": [ 1, 1, 1 ],
            "to": [ 15, 15, 15 ],
            "faceData": {
                "down": {
                    "uv": [ 1, 1, 15, 15 ],
                    "textureFacing": "down"
                },
                "up": {
                    "uv": [ 1, 1, 15, 15 ],
                    "textureFacing": "up"
                },
                "north": {
                    "uv": [ 1, 1, 15, 15 ],
                    "textureFacing": "north"
                },
                "south": {
                    "uv": [ 1, 1, 15, 15 ],
                    "textureFacing": "south"
                },
                "west": {
                    "uv": [ 1, 1, 15, 15 ],
                    "textureFacing": "west"
                },
                "east": {
                    "uv": [ 1, 1, 15, 15 ],
                    "textureFacing": "east"
                }
            }
        },
        {   "type": "cube",
            "from": [ 0, 0, 0 ],
            "to": [ 1, 16, 1 ],
            "faceData": {
                "down": {
                    "uv": [ 0, 0, 1, 1 ],
                    "textureFacing": "down"
                },
                "up": {
                    "uv": [ 0, 0, 1, 1 ],
                    "textureFacing": "up"
                },
                "north": {
                    "uv": [ 0, 0, 1, 16 ],
                    "textureFacing": "north"
                },
                "south": {
                    "uv": [ 0, 0, 1, 16 ],
                    "textureFacing": "south"
                },
                "west": {
                    "uv": [ 0, 0, 1, 16 ],
                    "textureFacing": "west"
                },
                "east": {
                    "uv": [ 0, 0, 1, 16 ],
                    "textureFacing": "east"
                }
            }
        },
        {   "type": "cube",
            "from": [ 0, 0, 15 ],
            "to": [ 1, 16, 16 ],
            "faceData": {
                "down": {
                    "uv": [ 0, 0, 1, 1 ],
                    "textureFacing": "down"
                },
                "up": {
                    "uv": [ 0, 0, 1, 1 ],
                    "textureFacing": "up"
                },
                "north": {
                    "uv": [ 0, 0, 1, 16 ],
                    "textureFacing": "north"
                },
                "south": {
                    "uv": [ 0, 0, 1, 16 ],
                    "textureFacing": "south"
                },
                "west": {
                    "uv": [ 0, 0, 1, 16 ],
                    "textureFacing": "west"
                },
                "east": {
                    "uv": [ 0, 0, 1, 16 ],
                    "textureFacing": "east"
                }
            }
        },
        {   "type": "cube",
            "from": [ 15, 0, 0 ],
            "to": [ 16, 16, 1 ],
            "faceData": {
                "down": {
                    "uv": [ 0, 0, 1, 1 ],
                    "textureFacing": "down"
                },
                "up": {
                    "uv": [ 0, 0, 1, 1 ],
                    "textureFacing": "up"
                },
                "north": {
                    "uv": [ 0, 0, 1, 16 ],
                    "textureFacing": "north"
                },
                "south": {
                    "uv": [ 0, 0, 1, 16 ],
                    "textureFacing": "south"
                },
                "west": {
                    "uv": [ 0, 0, 1, 16 ],
                    "textureFacing": "west"
                },
                "east": {
                    "uv": [ 0, 0, 1, 16 ],
                    "textureFacing": "east"
                }
            }
        },
        {   "type": "cube",
            "from": [ 15, 0, 15 ],
            "to": [ 16, 16, 16 ],
            "faceData": {
                "down": {
                    "uv": [ 0, 0, 1, 1 ],
                    "textureFacing": "down"
                },
                "up": {
                    "uv": [ 0, 0, 1, 1 ],
                    "textureFacing": "up"
                },
                "north": {
                    "uv": [ 0, 0, 1, 16 ],
                    "textureFacing": "north"
                },
                "south": {
                    "uv": [ 0, 0, 1, 16 ],
                    "textureFacing": "south"
                },
                "west": {
                    "uv": [ 0, 0, 1, 16 ],
                    "textureFacing": "west"
                },
                "east": {
                    "uv": [ 0, 0, 1, 16 ],
                    "textureFacing": "east"
                }
            }
        },
        {   "type": "cube",
            "from": [ 0, 15, 0 ],
            "to": [ 16, 16, 1 ],
            "faceData": {
                "down": {
                    "uv": [ 0, 0, 16, 1 ],
                    "textureFacing": "down"
                },
                "up": {
                    "uv": [ 0, 0, 16, 1 ],
                    "textureFacing": "up"
                },
                "north": {
                    "uv": [ 0, 0, 16, 1 ],
                    "textureFacing": "north"
                },
                "south": {
                    "uv": [ 0, 0, 16, 1 ],
                    "textureFacing": "south"
                },
                "west": {
                    "uv": [ 0, 0, 1, 1 ],
                    "textureFacing": "west"
                },
                "east": {
                    "uv": [ 0, 0, 1, 1 ],
                    "textureFacing": "east"
                }
            }
        },
        {   "type": "cube",
            "from": [ 0, 15, 15 ],
            "to": [ 16, 16, 16 ],
            "faceData": {
                "down": {
                    "uv": [ 0, 0, 16, 1 ],
                    "textureFacing": "down"
                },
                "up": {
                    "uv": [ 0, 0, 16, 1 ],
                    "textureFacing": "up"
                },
                "north": {
                    "uv": [ 0, 0, 16, 1 ],
                    "textureFacing": "north"
                },
                "south": {
                    "uv": [ 0, 0, 16, 1 ],
                    "textureFacing": "south"
                },
                "west": {
                    "uv": [ 0, 0, 1, 1 ],
                    "textureFacing": "west"
                },
                "east": {
                    "uv": [ 0, 0, 1, 1 ],
                    "textureFacing": "east"
                }
            }
        },
        {   "type": "cube",
            "from": [ 0, 15, 0 ],
            "to": [ 1, 16, 16 ],
            "faceData": {
                "down": {
                    "uv": [ 0, 0, 1, 16 ],
                    "textureFacing": "down"
                },
                "up": {
                    "uv": [ 0, 0, 1, 16 ],
                    "textureFacing": "up"
                },
                "north": {
                    "uv": [ 0, 0, 1, 1 ],
                    "textureFacing": "north"
                },
                "south": {
                    "uv": [ 0, 0, 1, 1 ],
                    "textureFacing": "south"
                },
                "west": {
                    "uv": [ 0, 0, 16, 1 ],
                    "textureFacing": "west"
                },
                "east": {
                    "uv": [ 0, 0, 16, 1 ],
                    "textureFacing": "east"
                }
            }
        },
        {   "type": "cube",
            "from": [ 15, 15, 0 ],
            "to": [ 16, 16, 16 ],
            "faceData": {
                "down": {
                    "uv": [ 0, 0, 1, 16 ],
                    "textureFacing": "down"
                },
                "up": {
                    "uv": [ 0, 0, 1, 16 ],
                    "textureFacing": "up"
                },
                "north": {
                    "uv": [ 0, 0, 1, 1 ],
                    "textureFacing": "north"
                },
                "south": {
                    "uv": [ 0, 0, 1, 1 ],
                    "textureFacing": "south"
                },
                "west": {
                    "uv": [ 0, 0, 16, 1 ],
                    "textureFacing": "west"
                },
                "east": {
                    "uv": [ 0, 0, 16, 1 ],
                    "textureFacing": "east"
                }
            }
        },
        {   "type": "cube",
            "from": [ 0, 0, 0 ],
            "to": [ 16, 1, 1 ],
            "faceData": {
                "down": {
                    "uv": [ 0, 0, 16, 1 ],
                    "textureFacing": "down"
                },
                "up": {
                    "uv": [ 0, 0, 16, 1 ],
                    "textureFacing": "up"
                },
                "north": {
                    "uv": [ 0, 0, 16, 1 ],
                    "textureFacing": "north"
                },
                "south": {
                    "uv": [ 0, 0, 16, 1 ],
                    "textureFacing": "south"
                },
                "west": {
                    "uv": [ 0, 0, 1, 1 ],
                    "textureFacing": "west"
                },
                "east": {
                    "uv": [ 0, 0, 1, 1 ],
                    "textureFacing": "east"
                }
            }
        },
        {   "type": "cube",
            "from": [ 0, 0, 15 ],
            "to": [ 16, 1, 16 ],
            "faceData": {
                "down": {
                    "uv": [ 0, 0, 16, 1 ],
                    "textureFacing": "down"
                },
                "up": {
                    "uv": [ 0, 0, 16, 1 ],
                    "textureFacing": "up"
                },
                "north": {
                    "uv": [ 0, 0, 16, 1 ],
                    "textureFacing": "north"
                },
                "south": {
                    "uv": [ 0, 0, 16, 1 ],
                    "textureFacing": "south"
                },
                "west": {
                    "uv": [ 0, 0, 1, 1 ],
                    "textureFacing": "west"
                },
                "east": {
                    "uv": [ 0, 0, 1, 1 ],
                    "textureFacing": "east"
                }
            }
        },
        {   "type": "cube",
            "from": [ 0, 0, 0 ],
            "to": [ 1, 1, 16 ],
            "faceData": {
                "down": {
                    "uv": [ 0, 0, 1, 16 ],
                    "textureFacing": "down"
                },
                "up": {
                    "uv": [ 0, 0, 1, 16 ],
                    "textureFacing": "up"
                },
                "north": {
                    "uv": [ 0, 0, 1, 1 ],
                    "textureFacing": "north"
                },
                "south": {
                    "uv": [ 0, 0, 1, 1 ],
                    "textureFacing": "south"
                },
                "west": {
                    "uv": [ 0, 0, 16, 1 ],
                    "textureFacing": "west"
                },
                "east": {
                    "uv": [ 0, 0, 16, 1 ],
                    "textureFacing": "east"
                }
            }
        },
        {   "type": "cube",
            "from": [ 15, 0, 0 ],
            "to": [ 16, 1, 16 ],
            "faceData": {
                "down": {
                    "uv": [ 0, 0, 1, 16 ],
                    "textureFacing": "down"
                },
                "up": {
                    "uv": [ 0, 0, 1, 16 ],
                    "textureFacing": "up"
                },
                "north": {
                    "uv": [ 0, 0, 1, 1 ],
                    "textureFacing": "north"
                },
                "south": {
                    "uv": [ 0, 0, 1, 1 ],
                    "textureFacing": "south"
                },
                "west": {
                    "uv": [ 0, 0, 16, 1 ],
                    "textureFacing": "west"
                },
                "east": {
                    "uv": [ 0, 0, 16, 1 ],
                    "textureFacing": "east"
                }
            }
        },
        {   "type": "cube",
            "from": [ 12, 12, 7 ],
            "to": [ 16, 16, 9 ],
            "faceData": {
                "down": {
                    "uv": [ 16, 7, 12, 9 ],
                    "textureFacing": "down"
                },
                "up": {
                    "uv": [ 12, 7, 16, 9 ],
                    "textureFacing": "up"
                },
                "north": {
                    "uv": [ 0, 7, 4, 8 ],
                    "textureFacing": "north"
                },
                "south": {
                    "uv": [ 7, 0, 8, 4 ],
                    "textureFacing": "south"
                },
                "west": {
                    "uv": [ 7, 4, 9, 0 ],
                    "textureFacing": "west"
                },
                "east": {
                    "uv": [ 7, 0, 9, 4 ],
                    "textureFacing": "east"
                }
            }
        },
        {   "type": "cube",
            "from": [ 0, 12, 7 ],
            "to": [ 4, 16, 9 ],
            "faceData": {
                "down": {
                    "uv": [ 4, 9, 0, 7 ],
                    "textureFacing": "down"
                },
                "up": {
                    "uv": [ 0, 7, 4, 9 ],
                    "textureFacing": "up"
                },
                "north": {
                    "uv": [ 12, 0, 16, 4 ],
                    "textureFacing": "north"
                },
                "south": {
                    "uv": [ 8, 4, 9, 0 ],
                    "textureFacing": "south"
                },
                "west": {
                    "uv": [ 7, 0, 9, 4 ],
                    "textureFacing": "west"
                },
                "east": {
                    "uv": [ 9, 4, 7, 0 ],
                    "textureFacing": "east"
                }
            }
        },
        {   "type": "cube",
            "from": [ 7, 12, 0 ],
            "to": [ 9, 16, 4 ],
            "faceData": {
                "down": {
                    "uv": [ 9, 0, 7, 4 ],
                    "textureFacing": "down"
                },
                "up": {
                    "uv": [ 7, 0, 9, 4 ],
                    "textureFacing": "up"
                },
                "north": {
                    "uv": [ 7, 0, 9, 4 ],
                    "textureFacing": "north"
                },
                "south": {
                    "uv": [ 7, 4, 9, 0 ],
                    "textureFacing": "south"
                },
                "west": {
                    "uv": [ 0, 7, 4, 8 ],
                    "textureFacing": "west"
                },
                "east": {
                    "uv": [ 7, 0, 8, 4 ],
                    "textureFacing": "east"
                }
            }
        },
        {   "type": "cube",
            "from": [ 7, 12, 12 ],
            "to": [ 9, 16, 16 ],
            "faceData": {
                "down": {
                    "uv": [ 7, 12, 9, 16 ],
                    "textureFacing": "down"
                },
                "up": {
                    "uv": [ 7, 12, 9, 16 ],
                    "textureFacing": "up"
                },
                "north": {
                    "uv": [ 7, 0, 9, 4 ],
                    "textureFacing": "north"
                },
                "south": {
                    "uv": [ 7, 0, 9, 4 ],
                    "textureFacing": "south"
                },
                "west": {
                    "uv": [ 12, 0, 16, 4 ],
                    "textureFacing": "west"
                },
                "east": {
                    "uv": [ 0, 8, 4, 9 ],
                    "textureFacing": "east"
                }
            }
        },
        {   "type": "cube",
            "from": [ 7, 0, 12 ],
            "to": [ 9, 4, 16 ],
            "faceData": {
                "down": {
                    "uv": [ 7, 0, 9, 4 ],
                    "textureFacing": "down"
                },
                "up": {
                    "uv": [ 7, 0, 9, 4 ],
                    "textureFacing": "up"
                },
                "north": {
                    "uv": [ 9, 16, 7, 12 ],
                    "textureFacing": "north"
                },
                "south": {
                    "uv": [ 7, 12, 9, 16 ],
                    "textureFacing": "south"
                },
                "west": {
                    "uv": [ 12, 12, 16, 16 ],
                    "textureFacing": "west"
                },
                "east": {
                    "uv": [ 12, 8, 16, 9 ],
                    "textureFacing": "east"
                }
            }
        },
        {   "type": "cube",
            "from": [ 7, 0, 0 ],
            "to": [ 9, 4, 4 ],
            "faceData": {
                "down": {
                    "uv": [ 7, 12, 9, 16 ],
                    "textureFacing": "down"
                },
                "up": {
                    "uv": [ 9, 12, 7, 16 ],
                    "textureFacing": "up"
                },
                "north": {
                    "uv": [ 7, 12, 9, 16 ],
                    "textureFacing": "north"
                },
                "south": {
                    "uv": [ 7, 16, 9, 12 ],
                    "textureFacing": "south"
                },
                "west": {
                    "uv": [ 12, 7, 16, 8 ],
                    "textureFacing": "west"
                },
                "east": {
                    "uv": [ 7, 12, 8, 16 ],
                    "textureFacing": "east"
                }
            }
        },
        {   "type": "cube",
            "from": [ 0, 0, 7 ],
            "to": [ 4, 4, 9 ],
            "faceData": {
                "down": {
                    "uv": [ 16, 7, 12, 9 ],
                    "textureFacing": "down"
                },
                "up": {
                    "uv": [ 12, 7, 16, 9 ],
                    "textureFacing": "up"
                },
                "north": {
                    "uv": [ 7, 12, 8, 16 ],
                    "textureFacing": "north"
                },
                "south": {
                    "uv": [ 0, 7, 4, 8 ],
                    "textureFacing": "south"
                },
                "west": {
                    "uv": [ 7, 12, 9, 16 ],
                    "textureFacing": "west"
                },
                "east": {
                    "uv": [ 9, 16, 7, 12 ],
                    "textureFacing": "east"
                }
            }
        },
        {   "type": "cube",
            "from": [ 0, 7, 0 ],
            "to": [ 4, 9, 4 ],
            "faceData": {
                "down": {
                    "uv": [ 1, 8, 4, 9 ],
                    "textureFacing": "down"
                },
                "up": {
                    "uv": [ 0, 0, 4, 4 ],
                    "textureFacing": "up"
                },
                "north": {
                    "uv": [ 12, 7, 16, 9 ],
                    "textureFacing": "north"
                },
                "south": {
                    "uv": [ 12, 7, 16, 9 ],
                    "textureFacing": "south"
                },
                "west": {
                    "uv": [ 0, 7, 4, 9 ],
                    "textureFacing": "west"
                },
                "east": {
                    "uv": [ 0, 7, 4, 9 ],
                    "textureFacing": "east"
                }
            }
        },
        {   "type": "cube",
            "from": [ 12, 7, 0 ],
            "to": [ 16, 9, 4 ],
            "faceData": {
                "down": {
                    "uv": [ 1, 8, 4, 9 ],
                    "textureFacing": "down"
                },
                "up": {
                    "uv": [ 12, 0, 16, 4 ],
                    "textureFacing": "up"
                },
                "north": {
                    "uv": [ 0, 7, 4, 9 ],
                    "textureFacing": "north"
                },
                "south": {
                    "uv": [ 0, 7, 4, 9 ],
                    "textureFacing": "south"
                },
                "west": {
                    "uv": [ 12, 7, 16, 9 ],
                    "textureFacing": "west"
                },
                "east": {
                    "uv": [ 12, 7, 16, 9 ],
                    "textureFacing": "east"
                }
            }
        },
        {   "type": "cube",
            "from": [ 12, 7, 12 ],
            "to": [ 16, 9, 16 ],
            "faceData": {
                "down": {
                    "uv": [ 1, 8, 4, 9 ],
                    "textureFacing": "down"
                },
                "up": {
                    "uv": [ 12, 12, 16, 16 ],
                    "textureFacing": "up"
                },
                "north": {
                    "uv": [ 12, 7, 16, 9 ],
                    "textureFacing": "north"
                },
                "south": {
                    "uv": [ 12, 7, 16, 9 ],
                    "textureFacing": "south"
                },
                "west": {
                    "uv": [ 0, 7, 4, 9 ],
                    "textureFacing": "west"
                },
                "east": {
                    "uv": [ 0, 7, 4, 9 ],
                    "textureFacing": "east"
                }
            }
        },
        {   "type": "cube",
            "from": [ 0, 7, 12 ],
            "to": [ 4, 9, 16 ],
            "faceData": {
                "down": {
                    "uv": [ 1, 8, 4, 9 ],
                    "textureFacing": "down"
                },
                "up": {
                    "uv": [ 0, 12, 4, 16 ],
                    "textureFacing": "up"
                },
                "north": {
                    "uv": [ 0, 7, 4, 9 ],
                    "textureFacing": "north"
                },
                "south": {
                    "uv": [ 0, 7, 4, 9 ],
                    "textureFacing": "south"
                },
                "west": {
                    "uv": [ 12, 7, 16, 9 ],
                    "textureFacing": "west"
                },
                "east": {
                    "uv": [ 12, 7, 16, 9 ],
                    "textureFacing": "east"
                }
            }
        },
        {   "type": "cube",
            "from": [ 12, 0, 7 ],
            "to": [ 16, 4, 9 ],
            "faceData": {
                "down": {
                    "uv": [ 4, 7, 0, 9 ],
                    "textureFacing": "down"
                },
                "up": {
                    "uv": [ 0, 9, 4, 7 ],
                    "textureFacing": "up"
                },
                "north": {
                    "uv": [ 0, 8, 4, 9 ],
                    "textureFacing": "north"
                },
                "south": {
                    "uv": [ 12, 12, 16, 16 ],
                    "textureFacing": "south"
                },
                "west": {
                    "uv": [ 9, 16, 7, 12 ],
                    "textureFacing": "west"
                },
                "east": {
                    "uv": [ 7, 12, 9, 16 ],
                    "textureFacing": "east"
                }
            }
        },
        {   "__comment": "X_AXIS",
            "type": "cube",
            "from": [ 0, 4, 6 ],
            "to": [ 16, 5, 7 ],
            "faceData": {
                "down": {
                    "uv": [ 4, 6, 5, 7 ],
                    "textureFacing": "down"
                },
                "up": {
                    "uv": [ 4, 6, 5, 7 ],
                    "textureFacing": "up"
                },
                "north": {
                    "uv": [ 4, 6, 5, 7 ],
                    "textureFacing": "north"
                },
                "south": {
                    "uv": [ 4, 6, 5, 7 ],
                    "textureFacing": "south"
                },
                "west": {
                    "uv": [ 4, 6, 5, 7 ],
                    "textureFacing": "west"
                },
                "east": {
                    "uv": [ 4, 6, 5, 7 ],
                    "textureFacing": "east"
                }
            }
        },
        {   "type": "cube",
            "from": [ 0, 5, 5 ],
            "to": [ 16, 6, 6 ],
            "faceData": {
                "down": {
                    "uv": [ 4, 6, 5, 7 ],
                    "textureFacing": "down"
                },
                "up": {
                    "uv": [ 4, 6, 5, 7 ],
                    "textureFacing": "up"
                },
                "north": {
                    "uv": [ 4, 6, 5, 7 ],
                    "textureFacing": "north"
                },
                "south": {
                    "uv": [ 4, 6, 5, 7 ],
                    "textureFacing": "south"
                },
                "west": {
                    "uv": [ 4, 6, 5, 7 ],
                    "textureFacing": "west"
                },
                "east": {
                    "uv": [ 4, 6, 5, 7 ],
                    "textureFacing": "east"
                }
            }
        },
        {   "type": "cube",
            "from": [ 0, 6, 4 ],
            "to": [ 16, 7, 5 ],
            "faceData": {
                "down": {
                    "uv": [ 4, 6, 5, 7 ],
                    "textureFacing": "down"
                },
                "up": {
                    "uv": [ 4, 6, 5, 7 ],
                    "textureFacing": "up"
                },
                "north": {
                    "uv": [ 4, 6, 5, 7 ],
                    "textureFacing": "north"
                },
                "south": {
                    "uv": [ 4, 6, 5, 7 ],
                    "textureFacing": "south"
                },
                "west": {
                    "uv": [ 4, 6, 5, 7 ],
                    "textureFacing": "west"
                },
                "east": {
                    "uv": [ 4, 6, 5, 7 ],
                    "textureFacing": "east"
                }
            }
        },
        {   "type": "cube",
            "from": [ 0, 9, 4 ],
            "to": [ 16, 10, 5 ],
            "faceData": {
                "down": {
                    "uv": [ 4, 6, 5, 7 ],
                    "textureFacing": "down"
                },
                "up": {
                    "uv": [ 4, 6, 5, 7 ],
                    "textureFacing": "up"
                },
                "north": {
                    "uv": [ 4, 6, 5, 7 ],
                    "textureFacing": "north"
                },
                "south": {
                    "uv": [ 4, 6, 5, 7 ],
                    "textureFacing": "south"
                },
                "west": {
                    "uv": [ 4, 6, 5, 7 ],
                    "textureFacing": "west"
                },
                "east": {
                    "uv": [ 4, 6, 5, 7 ],
                    "textureFacing": "east"
                }
            }
        },
        {   "type": "cube",
            "from": [ 0, 10, 5 ],
            "to": [ 16, 11, 6 ],
            "faceData": {
                "down": {
                    "uv": [ 4, 6, 5, 7 ],
                    "textureFacing": "down"
                },
                "up": {
                    "uv": [ 4, 6, 5, 7 ],
                    "textureFacing": "up"
                },
                "north": {
                    "uv": [ 4, 6, 5, 7 ],
                    "textureFacing": "north"
                },
                "south": {
                    "uv": [ 4, 6, 5, 7 ],
                    "textureFacing": "south"
                },
                "west": {
                    "uv": [ 4, 6, 5, 7 ],
                    "textureFacing": "west"
                },
                "east": {
                    "uv": [ 4, 6, 5, 7 ],
                    "textureFacing": "east"
                }
            }
        },
        {   "type": "cube",
            "from": [ 0, 11, 6 ],
            "to": [ 16, 12, 7 ],
            "faceData": {
                "down": {
                    "uv": [ 4, 6, 5, 7 ],
                    "textureFacing": "down"
                },
                "up": {
                    "uv": [ 4, 6, 5, 7 ],
                    "textureFacing": "up"
                },
                "north": {
                    "uv": [ 4, 6, 5, 7 ],
                    "textureFacing": "north"
                },
                "south": {
                    "uv": [ 4, 6, 5, 7 ],
                    "textureFacing": "south"
                },
                "west": {
                    "uv": [ 4, 6, 5, 7 ],
                    "textureFacing": "west"
                },
                "east": {
                    "uv": [ 4, 6, 5, 7 ],
                    "textureFacing": "east"
                }
            }
        },
        {   "type": "cube",
            "from": [ 0, 11, 9 ],
            "to": [ 16, 12, 10 ],
            "faceData": {
                "down": {
                    "uv": [ 4, 6, 5, 7 ],
                    "textureFacing": "down"
                },
                "up": {
                    "uv": [ 4, 6, 5, 7 ],
                    "textureFacing": "up"
                },
                "north": {
                    "uv": [ 4, 6, 5, 7 ],
                    "textureFacing": "north"
                },
                "south": {
                    "uv": [ 4, 6, 5, 7 ],
                    "textureFacing": "south"
                },
                "west": {
                    "uv": [ 4, 6, 5, 7 ],
                    "textureFacing": "west"
                },
                "east": {
                    "uv": [ 4, 6, 5, 7 ],
                    "textureFacing": "east"
                }
            }
        },
        {   "type": "cube",
            "from": [ 0, 10, 10 ],
            "to": [ 16, 11, 11 ],
            "faceData": {
                "down": {
                    "uv": [ 4, 6, 5, 7 ],
                    "textureFacing": "down"
                },
                "up": {
                    "uv": [ 4, 6, 5, 7 ],
                    "textureFacing": "up"
                },
                "north": {
                    "uv": [ 4, 6, 5, 7 ],
                    "textureFacing": "north"
                },
                "south": {
                    "uv": [ 4, 6, 5, 7 ],
                    "textureFacing": "south"
                },
                "west": {
                    "uv": [ 4, 6, 5, 7 ],
                    "textureFacing": "west"
                },
                "east": {
                    "uv": [ 4, 6, 5, 7 ],
                    "textureFacing": "east"
                }
            }
        },
        {   "type": "cube",
            "from": [ 0, 9, 11 ],
            "to": [ 16, 10, 12 ],
            "faceData": {
                "down": {
                    "uv": [ 4, 6, 5, 7 ],
                    "textureFacing": "down"
                },
                "up": {
                    "uv": [ 4, 6, 5, 7 ],
                    "textureFacing": "up"
                },
                "north": {
                    "uv": [ 4, 6, 5, 7 ],
                    "textureFacing": "north"
                },
                "south": {
                    "uv": [ 4, 6, 5, 7 ],
                    "textureFacing": "south"
                },
                "west": {
                    "uv": [ 4, 6, 5, 7 ],
                    "textureFacing": "west"
                },
                "east": {
                    "uv": [ 4, 6, 5, 7 ],
                    "textureFacing": "east"
                }
            }
        },
        {   "type": "cube",
            "from": [ 0, 6, 11 ],
            "to": [ 16, 7, 12 ],
            "faceData": {
                "down": {
                    "uv": [ 4, 6, 5, 7 ],
                    "textureFacing": "down"
                },
                "up": {
                    "uv": [ 4, 6, 5, 7 ],
                    "textureFacing": "up"
                },
                "north": {
                    "uv": [ 4, 6, 5, 7 ],
                    "textureFacing": "north"
                },
                "south": {
                    "uv": [ 4, 6, 5, 7 ],
                    "textureFacing": "south"
                },
                "west": {
                    "uv": [ 4, 6, 5, 7 ],
                    "textureFacing": "west"
                },
                "east": {
                    "uv": [ 4, 6, 5, 7 ],
                    "textureFacing": "east"
                }
            }
        },
        {   "type": "cube",
            "from": [ 0, 5, 10 ],
            "to": [ 16, 6, 11 ],
            "faceData": {
                "down": {
                    "uv": [ 4, 6, 5, 7 ],
                    "textureFacing": "down"
                },
                "up": {
                    "uv": [ 4, 6, 5, 7 ],
                    "textureFacing": "up"
                },
                "north": {
                    "uv": [ 4, 6, 5, 7 ],
                    "textureFacing": "north"
                },
                "south": {
                    "uv": [ 4, 6, 5, 7 ],
                    "textureFacing": "south"
                },
                "west": {
                    "uv": [ 4, 6, 5, 7 ],
                    "textureFacing": "west"
                },
                "east": {
                    "uv": [ 4, 6, 5, 7 ],
                    "textureFacing": "east"
                }
            }
        },
        {   "type": "cube",
            "from": [ 0, 4, 9 ],
            "to": [ 16, 5, 10 ],
            "faceData": {
                "down": {
                    "uv": [ 4, 6, 5, 7 ],
                    "textureFacing": "down"
                },
                "up": {
                    "uv": [ 4, 6, 5, 7 ],
                    "textureFacing": "up"
                },
                "north": {
                    "uv": [ 4, 6, 5, 7 ],
                    "textureFacing": "north"
                },
                "south": {
                    "uv": [ 4, 6, 5, 7 ],
                    "textureFacing": "south"
                },
                "west": {
                    "uv": [ 4, 6, 5, 7 ],
                    "textureFacing": "west"
                },
                "east": {
                    "uv": [ 4, 6, 5, 7 ],
                    "textureFacing": "east"
                }
            }
        },
        {   "__comment": "Z_AXIS",
            "type": "cube",
            "from": [ 4, 0, 6 ],
            "to": [ 5, 16, 7 ],
            "faceData": {
                "down": {
                    "uv": [ 4, 6, 5, 7 ],
                    "textureFacing": "down"
                },
                "up": {
                    "uv": [ 4, 6, 5, 7 ],
                    "textureFacing": "up"
                },
                "north": {
                    "uv": [ 4, 6, 5, 7 ],
                    "textureFacing": "north"
                },
                "south": {
                    "uv": [ 4, 6, 5, 7 ],
                    "textureFacing": "south"
                },
                "west": {
                    "uv": [ 4, 6, 5, 7 ],
                    "textureFacing": "west"
                },
                "east": {
                    "uv": [ 4, 6, 5, 7 ],
                    "textureFacing": "east"
                }
            }
        },
        {   "type": "cube",
            "from": [ 5, 0, 5 ],
            "to": [ 6, 16, 6 ],
            "faceData": {
                "down": {
                    "uv": [ 4, 6, 5, 7 ],
                    "textureFacing": "down"
                },
                "up": {
                    "uv": [ 4, 6, 5, 7 ],
                    "textureFacing": "up"
                },
                "north": {
                    "uv": [ 4, 6, 5, 7 ],
                    "textureFacing": "north"
                },
                "south": {
                    "uv": [ 4, 6, 5, 7 ],
                    "textureFacing": "south"
                },
                "west": {
                    "uv": [ 4, 6, 5, 7 ],
                    "textureFacing": "west"
                },
                "east": {
                    "uv": [ 4, 6, 5, 7 ],
                    "textureFacing": "east"
                }
            }
        },
        {   "type": "cube",
            "from": [ 6, 0, 4 ],
            "to": [ 7, 16, 5 ],
            "faceData": {
                "down": {
                    "uv": [ 4, 6, 5, 7 ],
                    "textureFacing": "down"
                },
                "up": {
                    "uv": [ 4, 6, 5, 7 ],
                    "textureFacing": "up"
                },
                "north": {
                    "uv": [ 4, 6, 5, 7 ],
                    "textureFacing": "north"
                },
                "south": {
                    "uv": [ 4, 6, 5, 7 ],
                    "textureFacing": "south"
                },
                "west": {
                    "uv": [ 4, 6, 5, 7 ],
                    "textureFacing": "west"
                },
                "east": {
                    "uv": [ 4, 6, 5, 7 ],
                    "textureFacing": "east"
                }
            }
        },
        {   "type": "cube",
            "from": [ 9, 0, 4 ],
            "to": [ 10, 16, 5 ],
            "faceData": {
                "down": {
                    "uv": [ 4, 6, 5, 7 ],
                    "textureFacing": "down"
                },
                "up": {
                    "uv": [ 4, 6, 5, 7 ],
                    "textureFacing": "up"
                },
                "north": {
                    "uv": [ 4, 6, 5, 7 ],
                    "textureFacing": "north"
                },
                "south": {
                    "uv": [ 4, 6, 5, 7 ],
                    "textureFacing": "south"
                },
                "west": {
                    "uv": [ 4, 6, 5, 7 ],
                    "textureFacing": "west"
                },
                "east": {
                    "uv": [ 4, 6, 5, 7 ],
                    "textureFacing": "east"
                }
            }
        },
        {   "type": "cube",
            "from": [ 10, 0, 5 ],
            "to": [ 11, 16, 6 ],
            "faceData": {
                "down": {
                    "uv": [ 4, 6, 5, 7 ],
                    "textureFacing": "down"
                },
                "up": {
                    "uv": [ 4, 6, 5, 7 ],
                    "textureFacing": "up"
                },
                "north": {
                    "uv": [ 4, 6, 5, 7 ],
                    "textureFacing": "north"
                },
                "south": {
                    "uv": [ 4, 6, 5, 7 ],
                    "textureFacing": "south"
                },
                "west": {
                    "uv": [ 4, 6, 5, 7 ],
                    "textureFacing": "west"
                },
                "east": {
                    "uv": [ 4, 6, 5, 7 ],
                    "textureFacing": "east"
                }
            }
        },
        {   "type": "cube",
            "from": [ 11, 0, 6 ],
            "to": [ 12, 16, 7 ],
            "faceData": {
                "down": {
                    "uv": [ 4, 6, 5, 7 ],
                    "textureFacing": "down"
                },
                "up": {
                    "uv": [ 4, 6, 5, 7 ],
                    "textureFacing": "up"
                },
                "north": {
                    "uv": [ 4, 6, 5, 7 ],
                    "textureFacing": "north"
                },
                "south": {
                    "uv": [ 4, 6, 5, 7 ],
                    "textureFacing": "south"
                },
                "west": {
                    "uv": [ 4, 6, 5, 7 ],
                    "textureFacing": "west"
                },
                "east": {
                    "uv": [ 4, 6, 5, 7 ],
                    "textureFacing": "east"
                }
            }
        },
        {   "type": "cube",
            "from": [ 11, 0, 9 ],
            "to": [ 12, 16, 10 ],
            "faceData": {
                "down": {
                    "uv": [ 4, 6, 5, 7 ],
                    "textureFacing": "down"
                },
                "up": {
                    "uv": [ 4, 6, 5, 7 ],
                    "textureFacing": "up"
                },
                "north": {
                    "uv": [ 4, 6, 5, 7 ],
                    "textureFacing": "north"
                },
                "south": {
                    "uv": [ 4, 6, 5, 7 ],
                    "textureFacing": "south"
                },
                "west": {
                    "uv": [ 4, 6, 5, 7 ],
                    "textureFacing": "west"
                },
                "east": {
                    "uv": [ 4, 6, 5, 7 ],
                    "textureFacing": "east"
                }
            }
        },
        {   "type": "cube",
            "from": [ 10, 0, 10 ],
            "to": [ 11, 16, 11 ],
            "faceData": {
                "down": {
                    "uv": [ 4, 6, 5, 7 ],
                    "textureFacing": "down"
                },
                "up": {
                    "uv": [ 4, 6, 5, 7 ],
                    "textureFacing": "up"
                },
                "north": {
                    "uv": [ 4, 6, 5, 7 ],
                    "textureFacing": "north"
                },
                "south": {
                    "uv": [ 4, 6, 5, 7 ],
                    "textureFacing": "south"
                },
                "west": {
                    "uv": [ 4, 6, 5, 7 ],
                    "textureFacing": "west"
                },
                "east": {
                    "uv": [ 4, 6, 5, 7 ],
                    "textureFacing": "east"
                }
            }
        },
        {   "type": "cube",
            "from": [ 9, 0, 11 ],
            "to": [ 10, 16, 12 ],
            "faceData": {
                "down": {
                    "uv": [ 4, 6, 5, 7 ],
                    "textureFacing": "down"
                },
                "up": {
                    "uv": [ 4, 6, 5, 7 ],
                    "textureFacing": "up"
                },
                "north": {
                    "uv": [ 4, 6, 5, 7 ],
                    "textureFacing": "north"
                },
                "south": {
                    "uv": [ 4, 6, 5, 7 ],
                    "textureFacing": "south"
                },
                "west": {
                    "uv": [ 4, 6, 5, 7 ],
                    "textureFacing": "west"
                },
                "east": {
                    "uv": [ 4, 6, 5, 7 ],
                    "textureFacing": "east"
                }
            }
        },
        {   "type": "cube",
            "from": [ 6, 0, 11 ],
            "to": [ 7, 16, 12 ],
            "faceData": {
                "down": {
                    "uv": [ 4, 6, 5, 7 ],
                    "textureFacing": "down"
                },
                "up": {
                    "uv": [ 4, 6, 5, 7 ],
                    "textureFacing": "up"
                },
                "north": {
                    "uv": [ 4, 6, 5, 7 ],
                    "textureFacing": "north"
                },
                "south": {
                    "uv": [ 4, 6, 5, 7 ],
                    "textureFacing": "south"
                },
                "west": {
                    "uv": [ 4, 6, 5, 7 ],
                    "textureFacing": "west"
                },
                "east": {
                    "uv": [ 4, 6, 5, 7 ],
                    "textureFacing": "east"
                }
            }
        },
        {   "type": "cube",
            "from": [ 5, 0, 10 ],
            "to": [ 6, 16, 11 ],
            "faceData": {
                "down": {
                    "uv": [ 4, 6, 5, 7 ],
                    "textureFacing": "down"
                },
                "up": {
                    "uv": [ 4, 6, 5, 7 ],
                    "textureFacing": "up"
                },
                "north": {
                    "uv": [ 4, 6, 5, 7 ],
                    "textureFacing": "north"
                },
                "south": {
                    "uv": [ 4, 6, 5, 7 ],
                    "textureFacing": "south"
                },
                "west": {
                    "uv": [ 4, 6, 5, 7 ],
                    "textureFacing": "west"
                },
                "east": {
                    "uv": [ 4, 6, 5, 7 ],
                    "textureFacing": "east"
                }
            }
        },
        {   "type": "cube",
            "from": [ 4, 0, 9 ],
            "to": [ 5, 16, 10 ],
            "faceData": {
                "down": {
                    "uv": [ 4, 6, 5, 7 ],
                    "textureFacing": "down"
                },
                "up": {
                    "uv": [ 4, 6, 5, 7 ],
                    "textureFacing": "up"
                },
                "north": {
                    "uv": [ 4, 6, 5, 7 ],
                    "textureFacing": "north"
                },
                "south": {
                    "uv": [ 4, 6, 5, 7 ],
                    "textureFacing": "south"
                },
                "west": {
                    "uv": [ 4, 6, 5, 7 ],
                    "textureFacing": "west"
                },
                "east": {
                    "uv": [ 4, 6, 5, 7 ],
                    "textureFacing": "east"
                }
            }
        },
        {   "__comment": "Y_AXIS",
            "type": "cube",
            "from": [ 4, 6, 0 ],
            "to": [ 5, 7, 16 ],
            "faceData": {
                "down": {
                    "uv": [ 4, 6, 5, 7 ],
                    "textureFacing": "down"
                },
                "up": {
                    "uv": [ 4, 6, 5, 7 ],
                    "textureFacing": "up"
                },
                "north": {
                    "uv": [ 4, 6, 5, 7 ],
                    "textureFacing": "north"
                },
                "south": {
                    "uv": [ 4, 6, 5, 7 ],
                    "textureFacing": "south"
                },
                "west": {
                    "uv": [ 4, 6, 5, 7 ],
                    "textureFacing": "west"
                },
                "east": {
                    "uv": [ 4, 6, 5, 7 ],
                    "textureFacing": "east"
                }
            }
        },
        {   "type": "cube",
            "from": [ 5, 5, 0 ],
            "to": [ 6, 6, 16 ],
            "faceData": {
                "down": {
                    "uv": [ 4, 6, 5, 7 ],
                    "textureFacing": "down"
                },
                "up": {
                    "uv": [ 4, 6, 5, 7 ],
                    "textureFacing": "up"
                },
                "north": {
                    "uv": [ 4, 6, 5, 7 ],
                    "textureFacing": "north"
                },
                "south": {
                    "uv": [ 4, 6, 5, 7 ],
                    "textureFacing": "south"
                },
                "west": {
                    "uv": [ 4, 6, 5, 7 ],
                    "textureFacing": "west"
                },
                "east": {
                    "uv": [ 4, 6, 5, 7 ],
                    "textureFacing": "east"
                }
            }
        },
        {   "type": "cube",
            "from": [ 6, 4, 0 ],
            "to": [ 7, 5, 16 ],
            "faceData": {
                "down": {
                    "uv": [ 4, 6, 5, 7 ],
                    "textureFacing": "down"
                },
                "up": {
                    "uv": [ 4, 6, 5, 7 ],
                    "textureFacing": "up"
                },
                "north": {
                    "uv": [ 4, 6, 5, 7 ],
                    "textureFacing": "north"
                },
                "south": {
                    "uv": [ 4, 6, 5, 7 ],
                    "textureFacing": "south"
                },
                "west": {
                    "uv": [ 4, 6, 5, 7 ],
                    "textureFacing": "west"
                },
                "east": {
                    "uv": [ 4, 6, 5, 7 ],
                    "textureFacing": "east"
                }
            }
        },
        {   "type": "cube",
            "from": [ 9, 4, 0 ],
            "to": [ 10, 5, 16 ],
            "faceData": {
                "down": {
                    "uv": [ 4, 6, 5, 7 ],
                    "textureFacing": "down"
                },
                "up": {
                    "uv": [ 4, 6, 5, 7 ],
                    "textureFacing": "up"
                },
                "north": {
                    "uv": [ 4, 6, 5, 7 ],
                    "textureFacing": "north"
                },
                "south": {
                    "uv": [ 4, 6, 5, 7 ],
                    "textureFacing": "south"
                },
                "west": {
                    "uv": [ 4, 6, 5, 7 ],
                    "textureFacing": "west"
                },
                "east": {
                    "uv": [ 4, 6, 5, 7 ],
                    "textureFacing": "east"
                }
            }
        },
        {   "type": "cube",
            "from": [ 10, 5, 0 ],
            "to": [ 11, 6, 16 ],
            "faceData": {
                "down": {
                    "uv": [ 4, 6, 5, 7 ],
                    "textureFacing": "down"
                },
                "up": {
                    "uv": [ 4, 6, 5, 7 ],
                    "textureFacing": "up"
                },
                "north": {
                    "uv": [ 4, 6, 5, 7 ],
                    "textureFacing": "north"
                },
                "south": {
                    "uv": [ 4, 6, 5, 7 ],
                    "textureFacing": "south"
                },
                "west": {
                    "uv": [ 4, 6, 5, 7 ],
                    "textureFacing": "west"
                },
                "east": {
                    "uv": [ 4, 6, 5, 7 ],
                    "textureFacing": "east"
                }
            }
        },
        {   "type": "cube",
            "from": [ 11, 6, 0 ],
            "to": [ 12, 7, 16 ],
            "faceData": {
                "down": {
                    "uv": [ 4, 6, 5, 7 ],
                    "textureFacing": "down"
                },
                "up": {
                    "uv": [ 4, 6, 5, 7 ],
                    "textureFacing": "up"
                },
                "north": {
                    "uv": [ 4, 6, 5, 7 ],
                    "textureFacing": "north"
                },
                "south": {
                    "uv": [ 4, 6, 5, 7 ],
                    "textureFacing": "south"
                },
                "west": {
                    "uv": [ 4, 6, 5, 7 ],
                    "textureFacing": "west"
                },
                "east": {
                    "uv": [ 4, 6, 5, 7 ],
                    "textureFacing": "east"
                }
            }
        },
        {   "type": "cube",
            "from": [ 11, 9, 0 ],
            "to": [ 12, 10, 16 ],
            "faceData": {
                "down": {
                    "uv": [ 4, 6, 5, 7 ],
                    "textureFacing": "down"
                },
                "up": {
                    "uv": [ 4, 6, 5, 7 ],
                    "textureFacing": "up"
                },
                "north": {
                    "uv": [ 4, 6, 5, 7 ],
                    "textureFacing": "north"
                },
                "south": {
                    "uv": [ 4, 6, 5, 7 ],
                    "textureFacing": "south"
                },
                "west": {
                    "uv": [ 4, 6, 5, 7 ],
                    "textureFacing": "west"
                },
                "east": {
                    "uv": [ 4, 6, 5, 7 ],
                    "textureFacing": "east"
                }
            }
        },
        {   "type": "cube",
            "from": [ 10, 10, 0 ],
            "to": [ 11, 11, 16 ],
            "faceData": {
                "down": {
                    "uv": [ 4, 6, 5, 7 ],
                    "textureFacing": "down"
                },
                "up": {
                    "uv": [ 4, 6, 5, 7 ],
                    "textureFacing": "up"
                },
                "north": {
                    "uv": [ 4, 6, 5, 7 ],
                    "textureFacing": "north"
                },
                "south": {
                    "uv": [ 4, 6, 5, 7 ],
                    "textureFacing": "south"
                },
                "west": {
                    "uv": [ 4, 6, 5, 7 ],
                    "textureFacing": "west"
                },
                "east": {
                    "uv": [ 4, 6, 5, 7 ],
                    "textureFacing": "east"
                }
            }
        },
        {   "type": "cube",
            "from": [ 9, 11, 0 ],
            "to": [ 10, 12, 16 ],
            "faceData": {
                "down": {
                    "uv": [ 4, 6, 5, 7 ],
                    "textureFacing": "down"
                },
                "up": {
                    "uv": [ 4, 6, 5, 7 ],
                    "textureFacing": "up"
                },
                "north": {
                    "uv": [ 4, 6, 5, 7 ],
                    "textureFacing": "north"
                },
                "south": {
                    "uv": [ 4, 6, 5, 7 ],
                    "textureFacing": "south"
                },
                "west": {
                    "uv": [ 4, 6, 5, 7 ],
                    "textureFacing": "west"
                },
                "east": {
                    "uv": [ 4, 6, 5, 7 ],
                    "textureFacing": "east"
                }
            }
        },
        {   "type": "cube",
            "from": [ 6, 11, 0 ],
            "to": [ 7, 12, 16 ],
            "faceData": {
                "down": {
                    "uv": [ 4, 6, 5, 7 ],
                    "textureFacing": "down"
                },
                "up": {
                    "uv": [ 4, 6, 5, 7 ],
                    "textureFacing": "up"
                },
                "north": {
                    "uv": [ 4, 6, 5, 7 ],
                    "textureFacing": "north"
                },
                "south": {
                    "uv": [ 4, 6, 5, 7 ],
                    "textureFacing": "south"
                },
                "west": {
                    "uv": [ 4, 6, 5, 7 ],
                    "textureFacing": "west"
                },
                "east": {
                    "uv": [ 4, 6, 5, 7 ],
                    "textureFacing": "east"
                }
            }
        },
        {   "type": "cube",
            "from": [ 5, 10, 0 ],
            "to": [ 6, 11, 16 ],
            "faceData": {
                "down": {
                    "uv": [ 4, 6, 5, 7 ],
                    "textureFacing": "down"
                },
                "up": {
                    "uv": [ 4, 6, 5, 7 ],
                    "textureFacing": "up"
                },
                "north": {
                    "uv": [ 4, 6, 5, 7 ],
                    "textureFacing": "north"
                },
                "south": {
                    "uv": [ 4, 6, 5, 7 ],
                    "textureFacing": "south"
                },
                "west": {
                    "uv": [ 4, 6, 5, 7 ],
                    "textureFacing": "west"
                },
                "east": {
                    "uv": [ 4, 6, 5, 7 ],
                    "textureFacing": "east"
                }
            }
        },
        {   "type": "cube",
            "from": [ 4, 9, 0 ],
            "to": [ 5, 10, 16 ],
            "faceData": {
                "down": {
                    "uv": [ 4, 6, 5, 7 ],
                    "textureFacing": "down"
                },
                "up": {
                    "uv": [ 4, 6, 5, 7 ],
                    "textureFacing": "up"
                },
                "north": {
                    "uv": [ 4, 6, 5, 7 ],
                    "textureFacing": "north"
                },
                "south": {
                    "uv": [ 4, 6, 5, 7 ],
                    "textureFacing": "south"
                },
                "west": {
                    "uv": [ 4, 6, 5, 7 ],
                    "textureFacing": "west"
                },
                "east": {
                    "uv": [ 4, 6, 5, 7 ],
                    "textureFacing": "east"
                }
            }
        },
        {   "__comment": "CORNERS",
            "type": "cube",
            "from": [ 0, 0, 0 ],
            "to": [ 2, 2, 2 ],
            "faceData": {
                "down": {
                    "uv": [ 0, 14, 2, 16 ],
                    "textureFacing": "down"
                },
                "up": {
                    "uv": [ 0, 0, 2, 2 ],
                    "textureFacing": "up"
                },
                "north": {
                    "uv": [ 14, 14, 16, 16 ],
                    "textureFacing": "north"
                },
                "south": {
                    "uv": [ 14, 14, 16, 16 ],
                    "textureFacing": "south"
                },
                "west": {
                    "uv": [ 0, 14, 2, 16 ],
                    "textureFacing": "west"
                },
                "east": {
                    "uv": [  0, 14, 2, 16 ],
                    "textureFacing": "east"
                }
            }
        },
        {   "type": "cube",
            "from": [ 0, 14, 0 ],
            "to": [ 2, 16, 2 ],
            "faceData": {
                "down": {
                    "uv": [  0, 14, 2, 16 ],
                    "textureFacing": "down"
                },
                "up": {
                    "uv": [ 0, 0, 2, 2 ],
                    "textureFacing": "up"
                },
                "north": {
                    "uv": [ 14, 0, 16, 2 ],
                    "textureFacing": "north"
                },
                "south": {
                    "uv": [ 14, 0, 16, 2 ],
                    "textureFacing": "south"
                },
                "west": {
                    "uv": [ 0, 0, 2, 2 ],
                    "textureFacing": "west"
                },
                "east": {
                    "uv": [  0, 0, 2, 2 ],
                    "textureFacing": "east"
                }
            }
        },
        {   "type": "cube",
            "from": [ 14, 0, 0 ],
            "to": [ 16, 2, 2 ],
            "faceData": {
                "down": {
                    "uv": [ 14, 14, 16, 16 ],
                    "textureFacing": "down"
                },
                "up": {
                    "uv": [ 14, 14, 16, 16 ],
                    "textureFacing": "up"
                },
                "north": {
                    "uv": [ 0, 14, 2, 16 ],
                    "textureFacing": "north"
                },
                "south": {
                    "uv": [ 0, 14, 2, 16 ],
                    "textureFacing": "south"
                },
                "west": {
                    "uv": [ 14, 14, 16, 16 ],
                    "textureFacing": "west"
                },
                "east": {
                    "uv": [  14, 14, 16, 16 ],
                    "textureFacing": "east"
                }
            }
        },
        {   "type": "cube",
            "from": [ 0, 0, 14 ],
            "to": [ 2, 2, 16 ],
            "faceData": {
                "down": {
                    "uv": [ 0, 0, 2, 2 ],
                    "textureFacing": "down"
                },
                "up": {
                    "uv": [ 0, 0, 2, 2 ],
                    "textureFacing": "up"
                },
                "north": {
                    "uv": [ 0, 14, 2, 16 ],
                    "textureFacing": "north"
                },
                "south": {
                    "uv": [ 0, 14, 2, 16 ],
                    "textureFacing": "south"
                },
                "west": {
                    "uv": [ 14, 14, 16, 16 ],
                    "textureFacing": "west"
                },
                "east": {
                    "uv": [  14, 14, 16, 16 ],
                    "textureFacing": "east"
                }
            }
        },
        {   "type": "cube",
            "from": [ 0, 14, 14 ],
            "to": [ 2, 16, 16 ],
            "faceData": {
                "down": {
                    "uv": [ 0, 14, 2, 16 ],
                    "textureFacing": "down"
                },
                "up": {
                    "uv": [ 0, 14, 2, 16 ],
                    "textureFacing": "up"
                },
                "north": {
                    "uv": [ 0, 0, 2, 2 ],
                    "textureFacing": "north"
                },
                "south": {
                    "uv": [ 0, 0, 2, 2 ],
                    "textureFacing": "south"
                },
                "west": {
                    "uv": [ 14, 0, 16, 2 ],
                    "textureFacing": "west"
                },
                "east": {
                    "uv": [  14, 0, 16, 2 ],
                    "textureFacing": "east"
                }
            }
        },
        {   "type": "cube",
            "from": [ 14, 14, 0 ],
            "to": [ 16, 16, 2 ],
            "faceData": {
                "down": {
                    "uv": [ 14, 0, 16, 2 ],
                    "textureFacing": "down"
                },
                "up": {
                    "uv": [ 14, 0, 16, 2 ],
                    "textureFacing": "up"
                },
                "north": {
                    "uv": [ 0, 0, 2, 2 ],
                    "textureFacing": "north"
                },
                "south": {
                    "uv": [ 0, 0, 2, 2 ],
                    "textureFacing": "south"
                },
                "west": {
                    "uv": [ 14, 0, 16, 2 ],
                    "textureFacing": "west"
                },
                "east": {
                    "uv": [  14, 0, 16, 2 ],
                    "textureFacing": "east"
                }
            }
        },
        {   "type": "cube",
            "from": [ 14, 14, 14 ],
            "to": [ 16, 16, 16 ],
            "faceData": {
                "down": {
                    "uv": [  14, 14, 16, 16 ],
                    "textureFacing": "down"
                },
                "up": {
                    "uv": [ 14, 14, 16, 16 ],
                    "textureFacing": "up"
                },
                "north": {
                    "uv": [ 14, 0, 16, 2 ],
                    "textureFacing": "north"
                },
                "south": {
                    "uv": [ 14, 0, 16, 2 ],
                    "textureFacing": "south"
                },
                "west": {
                    "uv": [ 0, 0, 2, 2 ],
                    "textureFacing": "west"
                },
                "east": {
                    "uv": [  0, 0, 2, 2 ],
                    "textureFacing": "east"
                }
            }
        },
        {   "type": "cube",
            "from": [ 14, 0, 14 ],
            "to": [ 16, 2, 16 ],
            "faceData": {
                "down": {
                    "uv": [ 14, 0, 16, 2 ],
                    "textureFacing": "down"
                },
                "up": {
                    "uv": [ 14, 0, 16, 2 ],
                    "textureFacing": "up"
                },
                "north": {
                    "uv": [ 14, 14, 16, 16 ],
                    "textureFacing": "north"
                },
                "south": {
                    "uv": [ 14, 14, 16, 16 ],
                    "textureFacing": "south"
                },
                "west": {
                    "uv": [ 0, 14, 2, 16 ],
                    "textureFacing": "west"
                },
                "east": {
                    "uv": [  0, 14, 2, 16 ],
                    "textureFacing": "east"
                }
            }
        },
        {   "__comment": "Z_CORNERS",
            "type": "cube",
            "from": [ 2, 0, 1 ],
            "to": [ 3, 16, 2 ],
            "faceData": {
                "down": {
                    "uv": [ 1, 2, 2, 3 ],
                    "textureFacing": "down"
                },
                "up": {
                    "uv": [ 1, 2, 2, 3 ],
                    "textureFacing": "up"
                },
                "north": {
                    "uv": [ 13, 0, 14, 16 ],
                    "textureFacing": "north"
                },
                "south": {
                    "uv": [ 13, 0, 14, 16 ],
                    "textureFacing": "south"
                },
                "west": {
                    "uv": [ 13, 0, 14, 16 ],
                    "textureFacing": "west"
                },
                "east": {
                    "uv": [  13, 0, 14, 16 ],
                    "textureFacing": "east"
                }
            }
        },
        {   "type": "cube",
            "from": [ 14, 0, 2 ],
            "to": [ 15, 16, 3 ],
            "faceData": {
                "down": {
                    "uv": [ 1, 2, 2, 3 ],
                    "textureFacing": "down"
                },
                "up": {
                    "uv": [ 1, 2, 2, 3 ],
                    "textureFacing": "up"
                },
                "north": {
                    "uv": [ 13, 0, 14, 16 ],
                    "textureFacing": "north"
                },
                "south": {
                    "uv": [ 13, 0, 14, 16 ],
                    "textureFacing": "south"
                },
                "west": {
                    "uv": [ 13, 0, 14, 16 ],
                    "textureFacing": "west"
                },
                "east": {
                    "uv": [  13, 0, 14, 16 ],
                    "textureFacing": "east"
                }
            }
        },
        {   "type": "cube",
            "from": [ 13, 0, 14 ],
            "to": [ 14, 16, 15 ],
            "faceData": {
                "down": {
                    "uv": [ 1, 2, 2, 3 ],
                    "textureFacing": "down"
                },
                "up": {
                    "uv": [ 1, 2, 2, 3 ],
                    "textureFacing": "up"
                },
                "north": {
                    "uv": [ 13, 0, 14, 16 ],
                    "textureFacing": "north"
                },
                "south": {
                    "uv": [ 13, 0, 14, 16 ],
                    "textureFacing": "south"
                },
                "west": {
                    "uv": [ 13, 0, 14, 16 ],
                    "textureFacing": "west"
                },
                "east": {
                    "uv": [  13, 0, 14, 16 ],
                    "textureFacing": "east"
                }
            }
        },
        {   "type": "cube",
            "from": [ 1, 0, 13 ],
            "to": [ 2, 16, 14 ],
            "faceData": {
                "down": {
                    "uv": [ 1, 2, 2, 3 ],
                    "textureFacing": "down"
                },
                "up": {
                    "uv": [ 1, 2, 2, 3 ],
                    "textureFacing": "up"
                },
                "north": {
                    "uv": [ 13, 0, 14, 16 ],
                    "textureFacing": "north"
                },
                "south": {
                    "uv": [ 13, 0, 14, 16 ],
                    "textureFacing": "south"
                },
                "west": {
                    "uv": [ 13, 0, 14, 16 ],
                    "textureFacing": "west"
                },
                "east": {
                    "uv": [  13, 0, 14, 16 ],
                    "textureFacing": "east"
                }
            }
        },
        {   "type": "cube",
            "from": [ 1, 0, 2 ],
            "to": [ 2, 16, 3 ],
            "faceData": {
                "down": {
                    "uv": [ 1, 2, 2, 3 ],
                    "textureFacing": "down"
                },
                "up": {
                    "uv": [ 1, 2, 2, 3 ],
                    "textureFacing": "up"
                },
                "north": {
                    "uv": [ 2, 0, 3, 16 ],
                    "textureFacing": "north"
                },
                "south": {
                    "uv": [ 2, 0, 3, 16 ],
                    "textureFacing": "south"
                },
                "west": {
                    "uv": [ 2, 0, 3, 16 ],
                    "textureFacing": "west"
                },
                "east": {
                    "uv": [ 2, 0, 3, 16 ],
                    "textureFacing": "east"
                }
            }
        },
        {   "type": "cube",
            "from": [ 13, 0, 1 ],
            "to": [ 14, 16, 2 ],
            "faceData": {
                "down": {
                    "uv": [ 1, 2, 2, 3 ],
                    "textureFacing": "down"
                },
                "up": {
                    "uv": [ 1, 2, 2, 3 ],
                    "textureFacing": "up"
                },
                "north": {
                    "uv": [ 2, 0, 3, 16 ],
                    "textureFacing": "north"
                },
                "south": {
                    "uv": [ 2, 0, 3, 16 ],
                    "textureFacing": "south"
                },
                "west": {
                    "uv": [ 2, 0, 3, 16 ],
                    "textureFacing": "west"
                },
                "east": {
                    "uv": [ 2, 0, 3, 16 ],
                    "textureFacing": "east"
                }
            }
        },
        {   "type": "cube",
            "from": [ 14, 0, 13 ],
            "to": [ 15, 16, 14 ],
            "faceData": {
                "down": {
                    "uv": [ 1, 2, 2, 3 ],
                    "textureFacing": "down"
                },
                "up": {
                    "uv": [ 1, 2, 2, 3 ],
                    "textureFacing": "up"
                },
                "north": {
                    "uv": [ 2, 0, 3, 16 ],
                    "textureFacing": "north"
                },
                "south": {
                    "uv": [ 2, 0, 3, 16 ],
                    "textureFacing": "south"
                },
                "west": {
                    "uv": [ 2, 0, 3, 16 ],
                    "textureFacing": "west"
                },
                "east": {
                    "uv": [ 2, 0, 3, 16 ],
                    "textureFacing": "east"
                }
            }
        },
        {   "type": "cube",
            "from": [ 2, 0, 14 ],
            "to": [ 3, 16, 15 ],
            "faceData": {
                "down": {
                    "uv": [ 1, 2, 2, 3 ],
                    "textureFacing": "down"
                },
                "up": {
                    "uv": [ 1, 2, 2, 3 ],
                    "textureFacing": "up"
                },
                "north": {
                    "uv": [ 2, 0, 3, 16 ],
                    "textureFacing": "north"
                },
                "south": {
                    "uv": [ 2, 0, 3, 16 ],
                    "textureFacing": "south"
                },
                "west": {
                    "uv": [ 2, 0, 3, 16 ],
                    "textureFacing": "west"
                },
                "east": {
                    "uv": [ 2, 0, 3, 16 ],
                    "textureFacing": "east"
                }
            }
        },
        {   "__comment": "X_CORNERS",
            "type": "cube",
            "from": [ 0, 2, 1 ],
            "to": [ 16, 3, 2 ],
            "faceData": {
                "down": {
                    "uv": [ 0, 13, 16, 14 ],
                    "textureFacing": "down"
                },
                "up": {
                    "uv": [ 0, 13, 16, 14 ],
                    "textureFacing": "up"
                },
                "north": {
                    "uv": [ 0, 13, 16, 14 ],
                    "textureFacing": "north"
                },
                "south": {
                    "uv": [ 0, 13, 16, 14 ],
                    "textureFacing": "south"
                },
                "west": {
                    "uv": [ 1, 2, 2, 3 ],
                    "textureFacing": "west"
                },
                "east": {
                    "uv": [ 1, 2, 2, 3 ],
                    "textureFacing": "east"
                }
            }
        },
        {   "type": "cube",
            "from": [ 0, 14, 2 ],
            "to": [ 16, 15, 3 ],
            "faceData": {
                "down": {
                    "uv": [ 0, 2, 16, 3 ],
                    "textureFacing": "down"
                },
                "up": {
                    "uv": [ 0, 2, 16, 3 ],
                    "textureFacing": "up"
                },
                "north": {
                    "uv": [ 0, 2, 16, 3 ],
                    "textureFacing": "north"
                },
                "south": {
                    "uv": [ 0, 2, 16, 3 ],
                    "textureFacing": "south"
                },
                "west": {
                    "uv": [ 1, 2, 2, 3 ],
                    "textureFacing": "west"
                },
                "east": {
                    "uv": [ 1, 2, 2, 3 ],
                    "textureFacing": "east"
                }
            }
        },
        {   "type": "cube",
            "from": [ 0, 13, 14 ],
            "to": [ 16, 14, 15 ],
            "faceData": {
                "down": {
                    "uv": [ 0, 2, 16, 3 ],
                    "textureFacing": "down"
                },
                "up": {
                    "uv": [ 0, 2, 16, 3 ],
                    "textureFacing": "up"
                },
                "north": {
                    "uv": [ 0, 2, 16, 3 ],
                    "textureFacing": "north"
                },
                "south": {
                    "uv": [ 0, 2, 16, 3 ],
                    "textureFacing": "south"
                },
                "west": {
                    "uv": [ 1, 2, 2, 3 ],
                    "textureFacing": "west"
                },
                "east": {
                    "uv": [ 1, 2, 2, 3 ],
                    "textureFacing": "east"
                }
            }
        },
        {   "type": "cube",
            "from": [ 0, 1, 13 ],
            "to": [ 16, 2, 14 ],
            "faceData": {
                "down": {
                    "uv": [ 0, 2, 16, 3 ],
                    "textureFacing": "down"
                },
                "up": {
                    "uv": [ 0, 2, 16, 3 ],
                    "textureFacing": "up"
                },
                "north": {
                    "uv": [ 0, 2, 16, 3 ],
                    "textureFacing": "north"
                },
                "south": {
                    "uv": [ 0, 2, 16, 3 ],
                    "textureFacing": "south"
                },
                "west": {
                    "uv": [ 1, 2, 2, 3 ],
                    "textureFacing": "west"
                },
                "east": {
                    "uv": [ 1, 2, 2, 3 ],
                    "textureFacing": "east"
                }
            }
        },
        {   "type": "cube",
            "from": [ 0, 1, 2 ],
            "to": [ 16, 2, 3 ],
            "faceData": {
                "down": {
                    "uv": [ 0, 13, 16, 14 ],
                    "textureFacing": "down"
                },
                "up": {
                    "uv": [ 0, 13, 16, 14 ],
                    "textureFacing": "up"
                },
                "north": {
                    "uv": [ 0, 13, 16, 14 ],
                    "textureFacing": "north"
                },
                "south": {
                    "uv": [ 0, 13, 16, 14 ],
                    "textureFacing": "south"
                },
                "west": {
                    "uv": [ 1, 2, 2, 3 ],
                    "textureFacing": "west"
                },
                "east": {
                    "uv": [ 1, 2, 2, 3 ],
                    "textureFacing": "east"
                }
            }
        },
        {   "type": "cube",
            "from": [ 0, 13, 1 ],
            "to": [ 16, 14, 2 ],
            "faceData": {
                "down": {
                    "uv": [ 0, 2, 16, 3 ],
                    "textureFacing": "down"
                },
                "up": {
                    "uv": [ 0, 2, 16, 3 ],
                    "textureFacing": "up"
                },
                "north": {
                    "uv": [ 0, 2, 16, 3 ],
                    "textureFacing": "north"
                },
                "south": {
                    "uv": [ 0, 2, 16, 3 ],
                    "textureFacing": "south"
                },
                "west": {
                    "uv": [ 1, 2, 2, 3 ],
                    "textureFacing": "west"
                },
                "east": {
                    "uv": [ 1, 2, 2, 3 ],
                    "textureFacing": "east"
                }
            }
        },
        {   "type": "cube",
            "from": [ 0, 14, 13 ],
            "to": [ 16, 15, 14 ],
            "faceData": {
                "down": {
                    "uv": [ 0, 13, 16, 14 ],
                    "textureFacing": "down"
                },
                "up": {
                    "uv": [ 0, 13, 16, 14 ],
                    "textureFacing": "up"
                },
                "north": {
                    "uv": [ 0, 13, 16, 14 ],
                    "textureFacing": "north"
                },
                "south": {
                    "uv": [ 0, 13, 16, 14 ],
                    "textureFacing": "south"
                },
                "west": {
                    "uv": [ 1, 2, 2, 3 ],
                    "textureFacing": "west"
                },
                "east": {
                    "uv": [ 1, 2, 2, 3 ],
                    "textureFacing": "east"
                }
            }
        },
        {   "type": "cube",
            "from": [ 0, 2, 14 ],
            "to": [ 16, 3, 15 ],
            "faceData": {
                "down": {
                    "uv": [ 0, 13, 16, 14 ],
                    "textureFacing": "down"
                },
                "up": {
                    "uv": [ 0, 13, 16, 14 ],
                    "textureFacing": "up"
                },
                "north": {
                    "uv": [ 0, 13, 16, 14 ],
                    "textureFacing": "north"
                },
                "south": {
                    "uv": [ 0, 13, 16, 14 ],
                    "textureFacing": "south"
                },
                "west": {
                    "uv": [ 1, 2, 2, 3 ],
                    "textureFacing": "west"
                },
                "east": {
                    "uv": [ 1, 2, 2, 3 ],
                    "textureFacing": "east"
                }
            }
        },
        {   "__comment": "Y_CORNERS",
            "type": "cube",
            "from": [ 2, 1, 0 ],
            "to": [ 3, 2, 16 ],
            "faceData": {
                "down": {
                    "uv": [ 2, 0, 3, 16 ],
                    "textureFacing": "down"
                },
                "up": {
                    "uv": [ 2, 0, 3, 16 ],
                    "textureFacing": "up"
                },
                "north": {
                    "uv": [ 1, 2, 2, 3 ],
                    "textureFacing": "north"
                },
                "south": {
                    "uv": [ 1, 2, 2, 3 ],
                    "textureFacing": "south"
                },
                "west": {
                    "uv": [ 0, 13, 16, 14 ],
                    "textureFacing": "west"
                },
                "east": {
                    "uv": [ 0, 13, 16, 14 ],
                    "textureFacing": "east"
                }
            }
        },
        {   "type": "cube",
            "from": [ 14, 2, 0 ],
            "to": [ 15, 3, 16 ],
            "faceData": {
                "down": {
                    "uv": [ 2, 0, 3, 16 ],
                    "textureFacing": "down"
                },
                "up": {
                    "uv": [ 2, 0, 3, 16 ],
                    "textureFacing": "up"
                },
                "north": {
                    "uv": [ 1, 2, 2, 3 ],
                    "textureFacing": "north"
                },
                "south": {
                    "uv": [ 1, 2, 2, 3 ],
                    "textureFacing": "south"
                },
                "west": {
                    "uv": [ 0, 13, 16, 14 ],
                    "textureFacing": "west"
                },
                "east": {
                    "uv": [ 0, 13, 16, 14 ],
                    "textureFacing": "east"
                }
            }
        },
        {   "type": "cube",
            "from": [ 13, 14, 0 ],
            "to": [ 14, 15, 16 ],
            "faceData": {
                "down": {
                    "uv": [ 13, 0, 14, 16 ],
                    "textureFacing": "down"
                },
                "up": {
                    "uv": [ 13, 0, 14, 16 ],
                    "textureFacing": "up"
                },
                "north": {
                    "uv": [ 1, 2, 2, 3 ],
                    "textureFacing": "north"
                },
                "south": {
                    "uv": [ 1, 2, 2, 3 ],
                    "textureFacing": "south"
                },
                "west": {
                    "uv": [ 0, 2, 16, 3 ],
                    "textureFacing": "west"
                },
                "east": {
                    "uv": [ 0, 2, 16, 3 ],
                    "textureFacing": "east"
                }
            }
        },
        {   "type": "cube",
            "from": [ 1, 13, 0 ],
            "to": [ 2, 14, 16 ],
            "faceData": {
                "down": {
                    "uv": [ 13, 0, 14, 16 ],
                    "textureFacing": "down"
                },
                "up": {
                    "uv": [ 13, 0, 14, 16 ],
                    "textureFacing": "up"
                },
                "north": {
                    "uv": [ 1, 2, 2, 3 ],
                    "textureFacing": "north"
                },
                "south": {
                    "uv": [ 1, 2, 2, 3 ],
                    "textureFacing": "south"
                },
                "west": {
                    "uv": [ 0, 2, 16, 3 ],
                    "textureFacing": "west"
                },
                "east": {
                    "uv": [ 0, 2, 16, 3 ],
                    "textureFacing": "east"
                }
            }
        },
        {   "type": "cube",
            "from": [ 1, 2, 0 ],
            "to": [ 2, 3, 16 ],
            "faceData": {
                "down": {
                    "uv": [ 2, 0, 3, 16 ],
                    "textureFacing": "down"
                },
                "up": {
                    "uv": [ 2, 0, 3, 16 ],
                    "textureFacing": "up"
                },
                "north": {
                    "uv": [ 1, 2, 2, 3 ],
                    "textureFacing": "north"
                },
                "south": {
                    "uv": [ 1, 2, 2, 3 ],
                    "textureFacing": "south"
                },
                "west": {
                    "uv": [ 0, 13, 16, 14 ],
                    "textureFacing": "west"
                },
                "east": {
                    "uv": [ 0, 13, 16, 14 ],
                    "textureFacing": "east"
                }
            }
        },
        {   "type": "cube",
            "from": [ 13, 1, 0 ],
            "to": [ 14, 2, 16 ],
            "faceData": {
                "down": {
                    "uv": [ 13, 0, 14, 16 ],
                    "textureFacing": "down"
                },
                "up": {
                    "uv": [ 13, 0, 14, 16 ],
                    "textureFacing": "up"
                },
                "north": {
                    "uv": [ 1, 2, 2, 3 ],
                    "textureFacing": "north"
                },
                "south": {
                    "uv": [ 1, 2, 2, 3 ],
                    "textureFacing": "south"
                },
                "west": {
                    "uv": [ 0, 13, 16, 14 ],
                    "textureFacing": "west"
                },
                "east": {
                    "uv": [ 0, 13, 16, 14 ],
                    "textureFacing": "east"
                }
            }
        },
        {   "type": "cube",
            "from": [ 14, 13, 0 ],
            "to": [ 15, 14, 16 ],
            "faceData": {
                "down": {
                    "uv": [ 13, 0, 14, 16 ],
                    "textureFacing": "down"
                },
                "up": {
                    "uv": [ 13, 0, 14, 16 ],
                    "textureFacing": "up"
                },
                "north": {
                    "uv": [ 1, 2, 2, 3 ],
                    "textureFacing": "north"
                },
                "south": {
                    "uv": [ 1, 2, 2, 3 ],
                    "textureFacing": "south"
                },
                "west": {
                    "uv": [ 0, 2, 16, 3 ],
                    "textureFacing": "west"
                },
                "east": {
                    "uv": [ 0, 2, 16, 3 ],
                    "textureFacing": "east"
                }
            }
        },
        {   "type": "cube",
            "from": [ 2, 14, 0 ],
            "to": [ 3, 15, 16 ],
            "faceData": {
                "down": {
                    "uv": [ 2, 0, 3, 16 ],
                    "textureFacing": "down"
                },
                "up": {
                    "uv": [ 2, 0, 3, 16 ],
                    "textureFacing": "up"
                },
                "north": {
                    "uv": [ 1, 2, 2, 3 ],
                    "textureFacing": "north"
                },
                "south": {
                    "uv": [ 1, 2, 2, 3 ],
                    "textureFacing": "south"
                },
                "west": {
                    "uv": [ 0, 2, 16, 3 ],
                    "textureFacing": "west"
                },
                "east": {
                    "uv": [ 0, 2, 16, 3 ],
                    "textureFacing": "east"
                }
            }
        }
    ]
}
