{
"__comment": "3D Mesh designed with BDcraft Cubik - Version PRO 0.4.1 Beta",
"inventoryRender3D": false,
"elements": [ 
{
    "type": "cube",
    "from": [ 15, 4, 15 ],
    "to": [ 16, 6, 16 ],
    "faceData": {
        "down": {
            "uv": [ 15, 11, 16, 12 ],
            "textureFacing": "down",
            "cull": false
        },
        "up": {
            "uv": [ 15, 10, 16, 11 ],
            "textureFacing": "up",
            "cull": false
        },
        "north": {
            "uv": [ 15, 10, 16, 12 ],
            "textureFacing": "north",
            "cull": false
        },
        "south": {
            "uv": [ 15, 10, 16, 12 ],
            "textureFacing": "south",
            "cull": false
        },
        "west": {
            "uv": [ 15, 10, 16, 12 ],
            "textureFacing": "down",
            "cull": false
        },
        "east": {
            "uv": [ 15, 10, 16, 12 ],
            "textureFacing": "east",
            "cull": false
        }
    }
},
{
    "type": "cube",
    "from": [ 14, 5, 14 ],
    "to": [ 15, 7, 15 ],
    "faceData": {
        "down": {
            "uv": [ 14, 10, 15, 11 ],
            "textureFacing": "down",
            "cull": false
        },
        "up": {
            "uv": [ 14, 9, 15, 10 ],
            "textureFacing": "up",
            "cull": false
        },
        "north": {
            "uv": [ 14, 9, 15, 11 ],
            "textureFacing": "north",
            "cull": false
        },
        "south": {
            "uv": [ 14, 9, 15, 11 ],
            "textureFacing": "south",
            "cull": false
        },
        "west": {
            "uv": [ 14, 9, 15, 11 ],
            "textureFacing": "down",
            "cull": false
        },
        "east": {
            "uv": [ 14, 9, 15, 11 ],
            "textureFacing": "east",
            "cull": false
        }
    }
},
{
    "type": "cube",
    "from": [ 14, 8, 14 ],
    "to": [ 15, 10, 15 ],
    "faceData": {
        "down": {
            "uv": [ 14, 7, 15, 8 ],
            "textureFacing": "down",
            "cull": false
        },
        "up": {
            "uv": [ 14, 6, 15, 7 ],
            "textureFacing": "up",
            "cull": false
        },
        "north": {
            "uv": [ 14, 6, 15, 8 ],
            "textureFacing": "north",
            "cull": false
        },
        "south": {
            "uv": [ 14, 6, 15, 8 ],
            "textureFacing": "south",
            "cull": false
        },
        "west": {
            "uv": [ 14, 6, 15, 8 ],
            "textureFacing": "down",
            "cull": false
        },
        "east": {
            "uv": [ 14, 6, 15, 8 ],
            "textureFacing": "east",
            "cull": false
        }
    }
},
{
    "type": "cube",
    "from": [ 13, 6, 13 ],
    "to": [ 14, 12, 14 ],
    "faceData": {
        "down": {
            "uv": [ 13, 9, 14, 10 ],
            "textureFacing": "down",
            "cull": false
        },
        "up": {
            "uv": [ 13, 4, 14, 5 ],
            "textureFacing": "up",
            "cull": false
        },
        "north": {
            "uv": [ 13, 4, 14, 10 ],
            "textureFacing": "north",
            "cull": false
        },
        "south": {
            "uv": [ 13, 4, 14, 10 ],
            "textureFacing": "south",
            "cull": false
        },
        "west": {
            "uv": [ 13, 4, 14, 10 ],
            "textureFacing": "down",
            "cull": false
        },
        "east": {
            "uv": [ 13, 4, 14, 10 ],
            "textureFacing": "east",
            "cull": false
        }
    }
},
{
    "type": "cube",
    "from": [ 12, 5, 12 ],
    "to": [ 13, 7, 13 ],
    "faceData": {
        "down": {
            "uv": [ 12, 10, 13, 11 ],
            "textureFacing": "down",
            "cull": false
        },
        "up": {
            "uv": [ 12, 9, 13, 10 ],
            "textureFacing": "up",
            "cull": false
        },
        "north": {
            "uv": [ 12, 9, 13, 11 ],
            "textureFacing": "north",
            "cull": false
        },
        "south": {
            "uv": [ 12, 9, 13, 11 ],
            "textureFacing": "south",
            "cull": false
        },
        "west": {
            "uv": [ 12, 9, 13, 11 ],
            "textureFacing": "down",
            "cull": false
        },
        "east": {
            "uv": [ 12, 9, 13, 11 ],
            "textureFacing": "east",
            "cull": false
        }
    }
},
{
    "type": "cube",
    "from": [ 12, 8, 12 ],
    "to": [ 13, 9, 13 ],
    "faceData": {
        "down": {
            "uv": [ 12, 7, 13, 8 ],
            "textureFacing": "down",
            "cull": false
        },
        "up": {
            "uv": [ 12, 7, 13, 8 ],
            "textureFacing": "up",
            "cull": false
        },
        "north": {
            "uv": [ 12, 7, 13, 8 ],
            "textureFacing": "north",
            "cull": false
        },
        "south": {
            "uv": [ 12, 7, 13, 8 ],
            "textureFacing": "south",
            "cull": false
        },
        "west": {
            "uv": [ 12, 7, 13, 8 ],
            "textureFacing": "down",
            "cull": false
        },
        "east": {
            "uv": [ 12, 7, 13, 8 ],
            "textureFacing": "east",
            "cull": false
        }
    }
},
{
    "type": "cube",
    "from": [ 12, 10, 12 ],
    "to": [ 13, 14, 13 ],
    "faceData": {
        "down": {
            "uv": [ 12, 5, 13, 6 ],
            "textureFacing": "down",
            "cull": false
        },
        "up": {
            "uv": [ 12, 2, 13, 3 ],
            "textureFacing": "up",
            "cull": false
        },
        "north": {
            "uv": [ 12, 2, 13, 6 ],
            "textureFacing": "north",
            "cull": false
        },
        "south": {
            "uv": [ 12, 2, 13, 6 ],
            "textureFacing": "south",
            "cull": false
        },
        "west": {
            "uv": [ 12, 2, 13, 6 ],
            "textureFacing": "down",
            "cull": false
        },
        "east": {
            "uv": [ 12, 2, 13, 6 ],
            "textureFacing": "east",
            "cull": false
        }
    }
},
{
    "type": "cube",
    "from": [ 11, 5, 11 ],
    "to": [ 12, 8, 12 ],
    "faceData": {
        "down": {
            "uv": [ 11, 10, 12, 11 ],
            "textureFacing": "down",
            "cull": false
        },
        "up": {
            "uv": [ 11, 8, 12, 9 ],
            "textureFacing": "up",
            "cull": false
        },
        "north": {
            "uv": [ 11, 8, 12, 11 ],
            "textureFacing": "north",
            "cull": false
        },
        "south": {
            "uv": [ 11, 8, 12, 11 ],
            "textureFacing": "south",
            "cull": false
        },
        "west": {
            "uv": [ 11, 8, 12, 11 ],
            "textureFacing": "down",
            "cull": false
        },
        "east": {
            "uv": [ 11, 8, 12, 11 ],
            "textureFacing": "east",
            "cull": false
        }
    }
},
{
    "type": "cube",
    "from": [ 11, 9, 11 ],
    "to": [ 12, 15, 12 ],
    "faceData": {
        "down": {
            "uv": [ 11, 6, 12, 7 ],
            "textureFacing": "down",
            "cull": false
        },
        "up": {
            "uv": [ 11, 1, 12, 2 ],
            "textureFacing": "up",
            "cull": false
        },
        "north": {
            "uv": [ 11, 1, 12, 7 ],
            "textureFacing": "north",
            "cull": false
        },
        "south": {
            "uv": [ 11, 1, 12, 7 ],
            "textureFacing": "south",
            "cull": false
        },
        "west": {
            "uv": [ 11, 1, 12, 7 ],
            "textureFacing": "down",
            "cull": false
        },
        "east": {
            "uv": [ 11, 1, 12, 7 ],
            "textureFacing": "east",
            "cull": false
        }
    }
},
{
    "type": "cube",
    "from": [ 10, 2, 10 ],
    "to": [ 11, 8, 11 ],
    "faceData": {
        "down": {
            "uv": [ 10, 13, 11, 14 ],
            "textureFacing": "down",
            "cull": false
        },
        "up": {
            "uv": [ 10, 8, 11, 9 ],
            "textureFacing": "up",
            "cull": false
        },
        "north": {
            "uv": [ 10, 8, 11, 14 ],
            "textureFacing": "north",
            "cull": false
        },
        "south": {
            "uv": [ 10, 8, 11, 14 ],
            "textureFacing": "south",
            "cull": false
        },
        "west": {
            "uv": [ 10, 8, 11, 14 ],
            "textureFacing": "down",
            "cull": false
        },
        "east": {
            "uv": [ 10, 8, 11, 14 ],
            "textureFacing": "east",
            "cull": false
        }
    }
},
{
    "type": "cube",
    "from": [ 10, 9, 10 ],
    "to": [ 11, 12, 11 ],
    "faceData": {
        "down": {
            "uv": [ 10, 6, 11, 7 ],
            "textureFacing": "down",
            "cull": false
        },
        "up": {
            "uv": [ 10, 4, 11, 5 ],
            "textureFacing": "up",
            "cull": false
        },
        "north": {
            "uv": [ 10, 4, 11, 7 ],
            "textureFacing": "north",
            "cull": false
        },
        "south": {
            "uv": [ 10, 4, 11, 7 ],
            "textureFacing": "south",
            "cull": false
        },
        "west": {
            "uv": [ 10, 4, 11, 7 ],
            "textureFacing": "down",
            "cull": false
        },
        "east": {
            "uv": [ 10, 4, 11, 7 ],
            "textureFacing": "east",
            "cull": false
        }
    }
},
{
    "type": "cube",
    "from": [ 10, 13, 10 ],
    "to": [ 11, 14, 11 ],
    "faceData": {
        "down": {
            "uv": [ 10, 2, 11, 3 ],
            "textureFacing": "down",
            "cull": false
        },
        "up": {
            "uv": [ 10, 2, 11, 3 ],
            "textureFacing": "up",
            "cull": false
        },
        "north": {
            "uv": [ 10, 2, 11, 3 ],
            "textureFacing": "north",
            "cull": false
        },
        "south": {
            "uv": [ 10, 2, 11, 3 ],
            "textureFacing": "south",
            "cull": false
        },
        "west": {
            "uv": [ 10, 2, 11, 3 ],
            "textureFacing": "down",
            "cull": false
        },
        "east": {
            "uv": [ 10, 2, 11, 3 ],
            "textureFacing": "east",
            "cull": false
        }
    }
},
{
    "type": "cube",
    "from": [ 9, 0, 9 ],
    "to": [ 10, 13, 10 ],
    "faceData": {
        "down": {
            "uv": [ 9, 15, 10, 16 ],
            "textureFacing": "down",
            "cull": false
        },
        "up": {
            "uv": [ 9, 3, 10, 4 ],
            "textureFacing": "up",
            "cull": false
        },
        "north": {
            "uv": [ 9, 3, 10, 16 ],
            "textureFacing": "north",
            "cull": false
        },
        "south": {
            "uv": [ 9, 3, 10, 16 ],
            "textureFacing": "south",
            "cull": false
        },
        "west": {
            "uv": [ 9, 3, 10, 16 ],
            "textureFacing": "down",
            "cull": false
        },
        "east": {
            "uv": [ 9, 3, 10, 16 ],
            "textureFacing": "east",
            "cull": false
        }
    }
},
{
    "type": "cube",
    "from": [ 8, 0, 8 ],
    "to": [ 9, 13, 9 ],
    "faceData": {
        "down": {
            "uv": [ 8, 15, 9, 16 ],
            "textureFacing": "down",
            "cull": false
        },
        "up": {
            "uv": [ 8, 3, 9, 4 ],
            "textureFacing": "up",
            "cull": false
        },
        "north": {
            "uv": [ 8, 3, 9, 16 ],
            "textureFacing": "north",
            "cull": false
        },
        "south": {
            "uv": [ 8, 3, 9, 16 ],
            "textureFacing": "south",
            "cull": false
        },
        "west": {
            "uv": [ 8, 3, 9, 16 ],
            "textureFacing": "down",
            "cull": false
        },
        "east": {
            "uv": [ 8, 3, 9, 16 ],
            "textureFacing": "east",
            "cull": false
        }
    }
},
{
    "type": "cube",
    "from": [ 7, 0, 7 ],
    "to": [ 8, 10, 8 ],
    "faceData": {
        "down": {
            "uv": [ 7, 15, 8, 16 ],
            "textureFacing": "down",
            "cull": false
        },
        "up": {
            "uv": [ 7, 6, 8, 7 ],
            "textureFacing": "up",
            "cull": false
        },
        "north": {
            "uv": [ 7, 6, 8, 16 ],
            "textureFacing": "north",
            "cull": false
        },
        "south": {
            "uv": [ 7, 6, 8, 16 ],
            "textureFacing": "south",
            "cull": false
        },
        "west": {
            "uv": [ 7, 6, 8, 16 ],
            "textureFacing": "down",
            "cull": false
        },
        "east": {
            "uv": [ 7, 6, 8, 16 ],
            "textureFacing": "east",
            "cull": false
        }
    }
},
{
    "type": "cube",
    "from": [ 7, 12, 7 ],
    "to": [ 8, 13, 8 ],
    "faceData": {
        "down": {
            "uv": [ 7, 3, 8, 4 ],
            "textureFacing": "down",
            "cull": false
        },
        "up": {
            "uv": [ 7, 3, 8, 4 ],
            "textureFacing": "up",
            "cull": false
        },
        "north": {
            "uv": [ 7, 3, 8, 4 ],
            "textureFacing": "north",
            "cull": false
        },
        "south": {
            "uv": [ 7, 3, 8, 4 ],
            "textureFacing": "south",
            "cull": false
        },
        "west": {
            "uv": [ 7, 3, 8, 4 ],
            "textureFacing": "down",
            "cull": false
        },
        "east": {
            "uv": [ 7, 3, 8, 4 ],
            "textureFacing": "east",
            "cull": false
        }
    }
},
{
    "type": "cube",
    "from": [ 6, 6, 6 ],
    "to": [ 7, 12, 7 ],
    "faceData": {
        "down": {
            "uv": [ 6, 9, 7, 10 ],
            "textureFacing": "down",
            "cull": false
        },
        "up": {
            "uv": [ 6, 4, 7, 5 ],
            "textureFacing": "up",
            "cull": false
        },
        "north": {
            "uv": [ 6, 4, 7, 10 ],
            "textureFacing": "north",
            "cull": false
        },
        "south": {
            "uv": [ 6, 4, 7, 10 ],
            "textureFacing": "south",
            "cull": false
        },
        "west": {
            "uv": [ 6, 4, 7, 10 ],
            "textureFacing": "down",
            "cull": false
        },
        "east": {
            "uv": [ 6, 4, 7, 10 ],
            "textureFacing": "east",
            "cull": false
        }
    }
},
{
    "type": "cube",
    "from": [ 5, 3, 5 ],
    "to": [ 6, 14, 6 ],
    "faceData": {
        "down": {
            "uv": [ 5, 12, 6, 13 ],
            "textureFacing": "down",
            "cull": false
        },
        "up": {
            "uv": [ 5, 2, 6, 3 ],
            "textureFacing": "up",
            "cull": false
        },
        "north": {
            "uv": [ 5, 2, 6, 13 ],
            "textureFacing": "north",
            "cull": false
        },
        "south": {
            "uv": [ 5, 2, 6, 13 ],
            "textureFacing": "south",
            "cull": false
        },
        "west": {
            "uv": [ 5, 2, 6, 13 ],
            "textureFacing": "down",
            "cull": false
        },
        "east": {
            "uv": [ 5, 2, 6, 13 ],
            "textureFacing": "east",
            "cull": false
        }
    }
},
{
    "type": "cube",
    "from": [ 4, 4, 4 ],
    "to": [ 5, 7, 5 ],
    "faceData": {
        "down": {
            "uv": [ 4, 11, 5, 12 ],
            "textureFacing": "down",
            "cull": false
        },
        "up": {
            "uv": [ 4, 9, 5, 10 ],
            "textureFacing": "up",
            "cull": false
        },
        "north": {
            "uv": [ 4, 9, 5, 12 ],
            "textureFacing": "north",
            "cull": false
        },
        "south": {
            "uv": [ 4, 9, 5, 12 ],
            "textureFacing": "south",
            "cull": false
        },
        "west": {
            "uv": [ 4, 9, 5, 12 ],
            "textureFacing": "down",
            "cull": false
        },
        "east": {
            "uv": [ 4, 9, 5, 12 ],
            "textureFacing": "east",
            "cull": false
        }
    }
},
{
    "type": "cube",
    "from": [ 4, 8, 4 ],
    "to": [ 5, 9, 5 ],
    "faceData": {
        "down": {
            "uv": [ 4, 7, 5, 8 ],
            "textureFacing": "down",
            "cull": false
        },
        "up": {
            "uv": [ 4, 7, 5, 8 ],
            "textureFacing": "up",
            "cull": false
        },
        "north": {
            "uv": [ 4, 7, 5, 8 ],
            "textureFacing": "north",
            "cull": false
        },
        "south": {
            "uv": [ 4, 7, 5, 8 ],
            "textureFacing": "south",
            "cull": false
        },
        "west": {
            "uv": [ 4, 7, 5, 8 ],
            "textureFacing": "down",
            "cull": false
        },
        "east": {
            "uv": [ 4, 7, 5, 8 ],
            "textureFacing": "east",
            "cull": false
        }
    }
},
{
    "type": "cube",
    "from": [ 4, 10, 4 ],
    "to": [ 5, 14, 5 ],
    "faceData": {
        "down": {
            "uv": [ 4, 5, 5, 6 ],
            "textureFacing": "down",
            "cull": false
        },
        "up": {
            "uv": [ 4, 2, 5, 3 ],
            "textureFacing": "up",
            "cull": false
        },
        "north": {
            "uv": [ 4, 2, 5, 6 ],
            "textureFacing": "north",
            "cull": false
        },
        "south": {
            "uv": [ 4, 2, 5, 6 ],
            "textureFacing": "south",
            "cull": false
        },
        "west": {
            "uv": [ 4, 2, 5, 6 ],
            "textureFacing": "down",
            "cull": false
        },
        "east": {
            "uv": [ 4, 2, 5, 6 ],
            "textureFacing": "east",
            "cull": false
        }
    }
},
{
    "type": "cube",
    "from": [ 3, 3, 3 ],
    "to": [ 4, 6, 4 ],
    "faceData": {
        "down": {
            "uv": [ 3, 12, 4, 13 ],
            "textureFacing": "down",
            "cull": false
        },
        "up": {
            "uv": [ 3, 10, 4, 11 ],
            "textureFacing": "up",
            "cull": false
        },
        "north": {
            "uv": [ 3, 10, 4, 13 ],
            "textureFacing": "north",
            "cull": false
        },
        "south": {
            "uv": [ 3, 10, 4, 13 ],
            "textureFacing": "south",
            "cull": false
        },
        "west": {
            "uv": [ 3, 10, 4, 13 ],
            "textureFacing": "down",
            "cull": false
        },
        "east": {
            "uv": [ 3, 10, 4, 13 ],
            "textureFacing": "east",
            "cull": false
        }
    }
},
{
    "type": "cube",
    "from": [ 3, 7, 3 ],
    "to": [ 4, 9, 4 ],
    "faceData": {
        "down": {
            "uv": [ 3, 8, 4, 9 ],
            "textureFacing": "down",
            "cull": false
        },
        "up": {
            "uv": [ 3, 7, 4, 8 ],
            "textureFacing": "up",
            "cull": false
        },
        "north": {
            "uv": [ 3, 7, 4, 9 ],
            "textureFacing": "north",
            "cull": false
        },
        "south": {
            "uv": [ 3, 7, 4, 9 ],
            "textureFacing": "south",
            "cull": false
        },
        "west": {
            "uv": [ 3, 7, 4, 9 ],
            "textureFacing": "down",
            "cull": false
        },
        "east": {
            "uv": [ 3, 7, 4, 9 ],
            "textureFacing": "east",
            "cull": false
        }
    }
},
{
    "type": "cube",
    "from": [ 3, 10, 3 ],
    "to": [ 4, 12, 4 ],
    "faceData": {
        "down": {
            "uv": [ 3, 5, 4, 6 ],
            "textureFacing": "down",
            "cull": false
        },
        "up": {
            "uv": [ 3, 4, 4, 5 ],
            "textureFacing": "up",
            "cull": false
        },
        "north": {
            "uv": [ 3, 4, 4, 6 ],
            "textureFacing": "north",
            "cull": false
        },
        "south": {
            "uv": [ 3, 4, 4, 6 ],
            "textureFacing": "south",
            "cull": false
        },
        "west": {
            "uv": [ 3, 4, 4, 6 ],
            "textureFacing": "down",
            "cull": false
        },
        "east": {
            "uv": [ 3, 4, 4, 6 ],
            "textureFacing": "east",
            "cull": false
        }
    }
},
{
    "type": "cube",
    "from": [ 2, 3, 2 ],
    "to": [ 3, 5, 3 ],
    "faceData": {
        "down": {
            "uv": [ 2, 12, 3, 13 ],
            "textureFacing": "down",
            "cull": false
        },
        "up": {
            "uv": [ 2, 11, 3, 12 ],
            "textureFacing": "up",
            "cull": false
        },
        "north": {
            "uv": [ 2, 11, 3, 13 ],
            "textureFacing": "north",
            "cull": false
        },
        "south": {
            "uv": [ 2, 11, 3, 13 ],
            "textureFacing": "south",
            "cull": false
        },
        "west": {
            "uv": [ 2, 11, 3, 13 ],
            "textureFacing": "down",
            "cull": false
        },
        "east": {
            "uv": [ 2, 11, 3, 13 ],
            "textureFacing": "east",
            "cull": false
        }
    }
},
{
    "type": "cube",
    "from": [ 0, 4, 15 ],
    "to": [ 1, 6, 16 ],
    "faceData": {
        "down": {
            "uv": [ 15, 11, 16, 12 ],
            "textureFacing": "down",
            "cull": false
        },
        "up": {
            "uv": [ 15, 10, 16, 11 ],
            "textureFacing": "up",
            "cull": false
        },
        "north": {
            "uv": [ 15, 10, 16, 12 ],
            "textureFacing": "north",
            "cull": false
        },
        "south": {
            "uv": [ 15, 10, 16, 12 ],
            "textureFacing": "south",
            "cull": false
        },
        "west": {
            "uv": [ 15, 10, 16, 12 ],
            "textureFacing": "down",
            "cull": false
        },
        "east": {
            "uv": [ 15, 10, 16, 12 ],
            "textureFacing": "east",
            "cull": false
        }
    }
},
{
    "type": "cube",
    "from": [ 1, 5, 14 ],
    "to": [ 2, 7, 15 ],
    "faceData": {
        "down": {
            "uv": [ 14, 10, 15, 11 ],
            "textureFacing": "down",
            "cull": false
        },
        "up": {
            "uv": [ 14, 9, 15, 10 ],
            "textureFacing": "up",
            "cull": false
        },
        "north": {
            "uv": [ 14, 9, 15, 11 ],
            "textureFacing": "north",
            "cull": false
        },
        "south": {
            "uv": [ 14, 9, 15, 11 ],
            "textureFacing": "south",
            "cull": false
        },
        "west": {
            "uv": [ 14, 9, 15, 11 ],
            "textureFacing": "down",
            "cull": false
        },
        "east": {
            "uv": [ 14, 9, 15, 11 ],
            "textureFacing": "east",
            "cull": false
        }
    }
},
{
    "type": "cube",
    "from": [ 1, 8, 14 ],
    "to": [ 2, 10, 15 ],
    "faceData": {
        "down": {
            "uv": [ 14, 10, 15, 11 ],
            "textureFacing": "down",
            "cull": false
        },
        "up": {
            "uv": [ 14, 9, 15, 10 ],
            "textureFacing": "up",
            "cull": false
        },
        "north": {
            "uv": [ 14, 6, 15, 8 ],
            "textureFacing": "north",
            "cull": false
        },
        "south": {
            "uv": [ 14, 6, 15, 8 ],
            "textureFacing": "south",
            "cull": false
        },
        "west": {
            "uv": [ 14, 6, 15, 8 ],
            "textureFacing": "down",
            "cull": false
        },
        "east": {
            "uv": [ 14, 6, 15, 8 ],
            "textureFacing": "east",
            "cull": false
        }
    }
},
{
    "type": "cube",
    "from": [ 2, 6, 13 ],
    "to": [ 3, 12, 14 ],
    "faceData": {
        "down": {
            "uv": [ 13, 9, 14, 10 ],
            "textureFacing": "down",
            "cull": false
        },
        "up": {
            "uv": [ 13, 4, 14, 5 ],
            "textureFacing": "up",
            "cull": false
        },
        "north": {
            "uv": [ 13, 4, 14, 10 ],
            "textureFacing": "north",
            "cull": false
        },
        "south": {
            "uv": [ 13, 4, 14, 10 ],
            "textureFacing": "south",
            "cull": false
        },
        "west": {
            "uv": [ 13, 4, 14, 10 ],
            "textureFacing": "down",
            "cull": false
        },
        "east": {
            "uv": [ 13, 4, 14, 10 ],
            "textureFacing": "east",
            "cull": false
        }
    }
},
{
    "type": "cube",
    "from": [ 3, 5, 12 ],
    "to": [ 4, 7, 13 ],
    "faceData": {
        "down": {
            "uv": [ 12, 10, 13, 11 ],
            "textureFacing": "down",
            "cull": false
        },
        "up": {
            "uv": [ 12, 9, 13, 10 ],
            "textureFacing": "up",
            "cull": false
        },
        "north": {
            "uv": [ 12, 9, 13, 11 ],
            "textureFacing": "north",
            "cull": false
        },
        "south": {
            "uv": [ 12, 9, 13, 11 ],
            "textureFacing": "south",
            "cull": false
        },
        "west": {
            "uv": [ 12, 9, 13, 11 ],
            "textureFacing": "down",
            "cull": false
        },
        "east": {
            "uv": [ 12, 9, 13, 11 ],
            "textureFacing": "east",
            "cull": false
        }
    }
},
{
    "type": "cube",
    "from": [ 3, 8, 12 ],
    "to": [ 4, 9, 13 ],
    "faceData": {
        "down": {
            "uv": [ 12, 7, 13, 8 ],
            "textureFacing": "down",
            "cull": false
        },
        "up": {
            "uv": [ 12, 7, 13, 8 ],
            "textureFacing": "up",
            "cull": false
        },
        "north": {
            "uv": [ 12, 7, 13, 8 ],
            "textureFacing": "north",
            "cull": false
        },
        "south": {
            "uv": [ 12, 7, 13, 8 ],
            "textureFacing": "south",
            "cull": false
        },
        "west": {
            "uv": [ 12, 7, 13, 8 ],
            "textureFacing": "down",
            "cull": false
        },
        "east": {
            "uv": [ 12, 7, 13, 8 ],
            "textureFacing": "east",
            "cull": false
        }
    }
},
{
    "type": "cube",
    "from": [ 3, 10, 12 ],
    "to": [ 4, 14, 13 ],
    "faceData": {
        "down": {
            "uv": [ 12, 5, 13, 6 ],
            "textureFacing": "down",
            "cull": false
        },
        "up": {
            "uv": [ 12, 2, 13, 3 ],
            "textureFacing": "up",
            "cull": false
        },
        "north": {
            "uv": [ 12, 2, 13, 6 ],
            "textureFacing": "north",
            "cull": false
        },
        "south": {
            "uv": [ 12, 2, 13, 6 ],
            "textureFacing": "south",
            "cull": false
        },
        "west": {
            "uv": [ 12, 2, 13, 6 ],
            "textureFacing": "down",
            "cull": false
        },
        "east": {
            "uv": [ 12, 2, 13, 6 ],
            "textureFacing": "east",
            "cull": false
        }
    }
},
{
    "type": "cube",
    "from": [ 4, 5, 11 ],
    "to": [ 5, 8, 12 ],
    "faceData": {
        "down": {
            "uv": [ 11, 10, 12, 11 ],
            "textureFacing": "down",
            "cull": false
        },
        "up": {
            "uv": [ 11, 8, 12, 9 ],
            "textureFacing": "up",
            "cull": false
        },
        "north": {
            "uv": [ 11, 8, 12, 11 ],
            "textureFacing": "north",
            "cull": false
        },
        "south": {
            "uv": [ 11, 8, 12, 11 ],
            "textureFacing": "south",
            "cull": false
        },
        "west": {
            "uv": [ 11, 8, 12, 11 ],
            "textureFacing": "down",
            "cull": false
        },
        "east": {
            "uv": [ 11, 8, 12, 11 ],
            "textureFacing": "east",
            "cull": false
        }
    }
},
{
    "type": "cube",
    "from": [ 4, 9, 11 ],
    "to": [ 5, 15, 12 ],
    "faceData": {
        "down": {
            "uv": [ 11, 6, 12, 7 ],
            "textureFacing": "down",
            "cull": false
        },
        "up": {
            "uv": [ 11, 1, 12, 2 ],
            "textureFacing": "up",
            "cull": false
        },
        "north": {
            "uv": [ 11, 1, 12, 7 ],
            "textureFacing": "north",
            "cull": false
        },
        "south": {
            "uv": [ 11, 1, 12, 7 ],
            "textureFacing": "south",
            "cull": false
        },
        "west": {
            "uv": [ 11, 1, 12, 7 ],
            "textureFacing": "down",
            "cull": false
        },
        "east": {
            "uv": [ 11, 1, 12, 7 ],
            "textureFacing": "east",
            "cull": false
        }
    }
},
{
    "type": "cube",
    "from": [ 5, 2, 10 ],
    "to": [ 6, 8, 11 ],
    "faceData": {
        "down": {
            "uv": [ 10, 13, 11, 14 ],
            "textureFacing": "down",
            "cull": false
        },
        "up": {
            "uv": [ 10, 8, 11, 9 ],
            "textureFacing": "up",
            "cull": false
        },
        "north": {
            "uv": [ 10, 8, 11, 14 ],
            "textureFacing": "north",
            "cull": false
        },
        "south": {
            "uv": [ 10, 8, 11, 14 ],
            "textureFacing": "south",
            "cull": false
        },
        "west": {
            "uv": [ 10, 8, 11, 14 ],
            "textureFacing": "down",
            "cull": false
        },
        "east": {
            "uv": [ 10, 8, 11, 14 ],
            "textureFacing": "east",
            "cull": false
        }
    }
},
{
    "type": "cube",
    "from": [ 5, 9, 10 ],
    "to": [ 6, 12, 11 ],
    "faceData": {
        "down": {
            "uv": [ 10, 6, 11, 7 ],
            "textureFacing": "down",
            "cull": false
        },
        "up": {
            "uv": [ 10, 4, 11, 5 ],
            "textureFacing": "up",
            "cull": false
        },
        "north": {
            "uv": [ 10, 4, 11, 7 ],
            "textureFacing": "north",
            "cull": false
        },
        "south": {
            "uv": [ 10, 4, 11, 7 ],
            "textureFacing": "south",
            "cull": false
        },
        "west": {
            "uv": [ 10, 4, 11, 7 ],
            "textureFacing": "down",
            "cull": false
        },
        "east": {
            "uv": [ 10, 4, 11, 7 ],
            "textureFacing": "east",
            "cull": false
        }
    }
},
{
    "type": "cube",
    "from": [ 5, 13, 10 ],
    "to": [ 6, 14, 11 ],
    "faceData": {
        "down": {
            "uv": [ 10, 2, 11, 3 ],
            "textureFacing": "down",
            "cull": false
        },
        "up": {
            "uv": [ 10, 2, 11, 3 ],
            "textureFacing": "up",
            "cull": false
        },
        "north": {
            "uv": [ 10, 2, 11, 3 ],
            "textureFacing": "north",
            "cull": false
        },
        "south": {
            "uv": [ 10, 2, 11, 3 ],
            "textureFacing": "south",
            "cull": false
        },
        "west": {
            "uv": [ 10, 2, 11, 3 ],
            "textureFacing": "down",
            "cull": false
        },
        "east": {
            "uv": [ 10, 2, 11, 3 ],
            "textureFacing": "east",
            "cull": false
        }
    }
},
{
    "type": "cube",
    "from": [ 6, 0, 9 ],
    "to": [ 7, 13, 10 ],
    "faceData": {
        "down": {
            "uv": [ 9, 15, 10, 16 ],
            "textureFacing": "down",
            "cull": false
        },
        "up": {
            "uv": [ 9, 3, 10, 4 ],
            "textureFacing": "up",
            "cull": false
        },
        "north": {
            "uv": [ 9, 3, 10, 16 ],
            "textureFacing": "north",
            "cull": false
        },
        "south": {
            "uv": [ 9, 3, 10, 16 ],
            "textureFacing": "south",
            "cull": false
        },
        "west": {
            "uv": [ 9, 3, 10, 16 ],
            "textureFacing": "down",
            "cull": false
        },
        "east": {
            "uv": [ 9, 3, 10, 16 ],
            "textureFacing": "east",
            "cull": false
        }
    }
},
{
    "type": "cube",
    "from": [ 7, 0, 8 ],
    "to": [ 8, 13, 9 ],
    "faceData": {
        "down": {
            "uv": [ 8, 15, 9, 16 ],
            "textureFacing": "down",
            "cull": false
        },
        "up": {
            "uv": [ 8, 3, 9, 4 ],
            "textureFacing": "up",
            "cull": false
        },
        "north": {
            "uv": [ 8, 3, 9, 16 ],
            "textureFacing": "north",
            "cull": false
        },
        "south": {
            "uv": [ 8, 3, 9, 16 ],
            "textureFacing": "south",
            "cull": false
        },
        "west": {
            "uv": [ 8, 3, 9, 16 ],
            "textureFacing": "down",
            "cull": false
        },
        "east": {
            "uv": [ 8, 3, 9, 16 ],
            "textureFacing": "east",
            "cull": false
        }
    }
},
{
    "type": "cube",
    "from": [ 8, 0, 7 ],
    "to": [ 9, 10, 8 ],
    "faceData": {
        "down": {
            "uv": [ 7, 15, 8, 16 ],
            "textureFacing": "down",
            "cull": false
        },
        "up": {
            "uv": [ 7, 6, 8, 7 ],
            "textureFacing": "up",
            "cull": false
        },
        "north": {
            "uv": [ 7, 6, 8, 16 ],
            "textureFacing": "north",
            "cull": false
        },
        "south": {
            "uv": [ 7, 6, 8, 16 ],
            "textureFacing": "south",
            "cull": false
        },
        "west": {
            "uv": [ 7, 6, 8, 16 ],
            "textureFacing": "down",
            "cull": false
        },
        "east": {
            "uv": [ 7, 6, 8, 16 ],
            "textureFacing": "east",
            "cull": false
        }
    }
},
{
    "type": "cube",
    "from": [ 8, 12, 7 ],
    "to": [ 9, 13, 8 ],
    "faceData": {
        "down": {
            "uv": [ 7, 3, 8, 4 ],
            "textureFacing": "down",
            "cull": false
        },
        "up": {
            "uv": [ 7, 3, 8, 4 ],
            "textureFacing": "up",
            "cull": false
        },
        "north": {
            "uv": [ 7, 3, 8, 4 ],
            "textureFacing": "north",
            "cull": false
        },
        "south": {
            "uv": [ 7, 3, 8, 4 ],
            "textureFacing": "south",
            "cull": false
        },
        "west": {
            "uv": [ 7, 3, 8, 4 ],
            "textureFacing": "down",
            "cull": false
        },
        "east": {
            "uv": [ 7, 3, 8, 4 ],
            "textureFacing": "east",
            "cull": false
        }
    }
},
{
    "type": "cube",
    "from": [ 9, 6, 6 ],
    "to": [ 10, 12, 7 ],
    "faceData": {
        "down": {
            "uv": [ 6, 9, 7, 10 ],
            "textureFacing": "down",
            "cull": false
        },
        "up": {
            "uv": [ 6, 4, 7, 5 ],
            "textureFacing": "up",
            "cull": false
        },
        "north": {
            "uv": [ 6, 4, 7, 10 ],
            "textureFacing": "north",
            "cull": false
        },
        "south": {
            "uv": [ 6, 4, 7, 10 ],
            "textureFacing": "south",
            "cull": false
        },
        "west": {
            "uv": [ 6, 4, 7, 10 ],
            "textureFacing": "down",
            "cull": false
        },
        "east": {
            "uv": [ 6, 4, 7, 10 ],
            "textureFacing": "east",
            "cull": false
        }
    }
},
{
    "type": "cube",
    "from": [ 10, 3, 5 ],
    "to": [ 11, 8, 6 ],
    "faceData": {
        "down": {
            "uv": [ 5, 12, 6, 13 ],
            "textureFacing": "down",
            "cull": false
        },
        "up": {
            "uv": [ 5, 8, 6, 9 ],
            "textureFacing": "up",
            "cull": false
        },
        "north": {
            "uv": [ 5, 8, 6, 13 ],
            "textureFacing": "north",
            "cull": false
        },
        "south": {
            "uv": [ 5, 8, 6, 13 ],
            "textureFacing": "south",
            "cull": false
        },
        "west": {
            "uv": [ 5, 8, 6, 13 ],
            "textureFacing": "down",
            "cull": false
        },
        "east": {
            "uv": [ 5, 8, 6, 13 ],
            "textureFacing": "east",
            "cull": false
        }
    }
},
{
    "type": "cube",
    "from": [ 10, 9, 5 ],
    "to": [ 11, 14, 6 ],
    "faceData": {
        "down": {
            "uv": [ 5, 6, 6, 7 ],
            "textureFacing": "down",
            "cull": false
        },
        "up": {
            "uv": [ 5, 2, 6, 3 ],
            "textureFacing": "up",
            "cull": false
        },
        "north": {
            "uv": [ 5, 2, 6, 7 ],
            "textureFacing": "north",
            "cull": false
        },
        "south": {
            "uv": [ 5, 2, 6, 7 ],
            "textureFacing": "south",
            "cull": false
        },
        "west": {
            "uv": [ 5, 2, 6, 7 ],
            "textureFacing": "down",
            "cull": false
        },
        "east": {
            "uv": [ 5, 2, 6, 7 ],
            "textureFacing": "east",
            "cull": false
        }
    }
},
{
    "type": "cube",
    "from": [ 11, 4, 4 ],
    "to": [ 12, 7, 5 ],
    "faceData": {
        "down": {
            "uv": [ 4, 11, 5, 12 ],
            "textureFacing": "down",
            "cull": false
        },
        "up": {
            "uv": [ 4, 9, 5, 10 ],
            "textureFacing": "up",
            "cull": false
        },
        "north": {
            "uv": [ 4, 9, 5, 12 ],
            "textureFacing": "north",
            "cull": false
        },
        "south": {
            "uv": [ 4, 9, 5, 12 ],
            "textureFacing": "south",
            "cull": false
        },
        "west": {
            "uv": [ 4, 9, 5, 12 ],
            "textureFacing": "down",
            "cull": false
        },
        "east": {
            "uv": [ 4, 9, 5, 12 ],
            "textureFacing": "east",
            "cull": false
        }
    }
},
{
    "type": "cube",
    "from": [ 11, 8, 4 ],
    "to": [ 12, 9, 5 ],
    "faceData": {
        "down": {
            "uv": [ 4, 7, 5, 8 ],
            "textureFacing": "down",
            "cull": false
        },
        "up": {
            "uv": [ 4, 7, 5, 8 ],
            "textureFacing": "up",
            "cull": false
        },
        "north": {
            "uv": [ 4, 7, 5, 8 ],
            "textureFacing": "north",
            "cull": false
        },
        "south": {
            "uv": [ 4, 7, 5, 8 ],
            "textureFacing": "south",
            "cull": false
        },
        "west": {
            "uv": [ 4, 7, 5, 8 ],
            "textureFacing": "down",
            "cull": false
        },
        "east": {
            "uv": [ 4, 7, 5, 8 ],
            "textureFacing": "east",
            "cull": false
        }
    }
},
{
    "type": "cube",
    "from": [ 11, 10, 4 ],
    "to": [ 12, 14, 5 ],
    "faceData": {
        "down": {
            "uv": [ 4, 5, 5, 6 ],
            "textureFacing": "down",
            "cull": false
        },
        "up": {
            "uv": [ 4, 2, 5, 3 ],
            "textureFacing": "up",
            "cull": false
        },
        "north": {
            "uv": [ 4, 2, 5, 6 ],
            "textureFacing": "north",
            "cull": false
        },
        "south": {
            "uv": [ 4, 2, 5, 6 ],
            "textureFacing": "south",
            "cull": false
        },
        "west": {
            "uv": [ 4, 2, 5, 6 ],
            "textureFacing": "down",
            "cull": false
        },
        "east": {
            "uv": [ 4, 2, 5, 6 ],
            "textureFacing": "east",
            "cull": false
        }
    }
},
{
    "type": "cube",
    "from": [ 12, 3, 3 ],
    "to": [ 13, 6, 4 ],
    "faceData": {
        "down": {
            "uv": [ 3, 12, 4, 13 ],
            "textureFacing": "down",
            "cull": false
        },
        "up": {
            "uv": [ 3, 10, 4, 11 ],
            "textureFacing": "up",
            "cull": false
        },
        "north": {
            "uv": [ 3, 10, 4, 13 ],
            "textureFacing": "north",
            "cull": false
        },
        "south": {
            "uv": [ 3, 10, 4, 13 ],
            "textureFacing": "south",
            "cull": false
        },
        "west": {
            "uv": [ 3, 10, 4, 13 ],
            "textureFacing": "down",
            "cull": false
        },
        "east": {
            "uv": [ 3, 10, 4, 13 ],
            "textureFacing": "east",
            "cull": false
        }
    }
},
{
    "type": "cube",
    "from": [ 12, 7, 3 ],
    "to": [ 13, 9, 4 ],
    "faceData": {
        "down": {
            "uv": [ 3, 8, 4, 9 ],
            "textureFacing": "down",
            "cull": false
        },
        "up": {
            "uv": [ 3, 7, 4, 8 ],
            "textureFacing": "up",
            "cull": false
        },
        "north": {
            "uv": [ 3, 7, 4, 9 ],
            "textureFacing": "north",
            "cull": false
        },
        "south": {
            "uv": [ 3, 7, 4, 9 ],
            "textureFacing": "south",
            "cull": false
        },
        "west": {
            "uv": [ 3, 7, 4, 9 ],
            "textureFacing": "down",
            "cull": false
        },
        "east": {
            "uv": [ 3, 7, 4, 9 ],
            "textureFacing": "east",
            "cull": false
        }
    }
},
{
    "type": "cube",
    "from": [ 12, 10, 3 ],
    "to": [ 13, 12, 4 ],
    "faceData": {
        "down": {
            "uv": [ 3, 5, 4, 6 ],
            "textureFacing": "down",
            "cull": false
        },
        "up": {
            "uv": [ 3, 4, 4, 5 ],
            "textureFacing": "up",
            "cull": false
        },
        "north": {
            "uv": [ 3, 4, 4, 6 ],
            "textureFacing": "north",
            "cull": false
        },
        "south": {
            "uv": [ 3, 4, 4, 6 ],
            "textureFacing": "south",
            "cull": false
        },
        "west": {
            "uv": [ 3, 4, 4, 6 ],
            "textureFacing": "down",
            "cull": false
        },
        "east": {
            "uv": [ 3, 4, 4, 6 ],
            "textureFacing": "east",
            "cull": false
        }
    }
},
{
    "type": "cube",
    "from": [ 13, 3, 2 ],
    "to": [ 14, 5, 3 ],
    "faceData": {
        "down": {
            "uv": [ 2, 12, 3, 13 ],
            "textureFacing": "down",
            "cull": false
        },
        "up": {
            "uv": [ 2, 11, 3, 12 ],
            "textureFacing": "up",
            "cull": false
        },
        "north": {
            "uv": [ 2, 11, 3, 13 ],
            "textureFacing": "north",
            "cull": false
        },
        "south": {
            "uv": [ 2, 11, 3, 13 ],
            "textureFacing": "south",
            "cull": false
        },
        "west": {
            "uv": [ 2, 11, 3, 13 ],
            "textureFacing": "down",
            "cull": false
        },
        "east": {
            "uv": [ 2, 11, 3, 13 ],
            "textureFacing": "east",
            "cull": false
        }
    }
}
]
}