{
"__comment": "3D Mesh designed with BDcraft Cubik - Version PRO 0.4.1 Beta",
"inventoryRender3D": false,
"elements": [ 
{
    "type": "cube",
    "from": [ 12, 6, 12 ],
    "to": [ 13, 9, 13 ],
    "faceData": {
        "down": {
            "uv": [ 12, 9, 13, 10 ],
            "textureFacing": "down",
            "cull": false
        },
        "up": {
            "uv": [ 12, 7, 13, 8 ],
            "textureFacing": "up",
            "cull": false
        },
        "north": {
            "uv": [ 12, 7, 13, 10 ],
            "textureFacing": "north",
            "cull": false
        },
        "south": {
            "uv": [ 12, 7, 13, 10 ],
            "textureFacing": "south",
            "cull": false
        },
        "west": {
            "uv": [ 12, 7, 13, 10 ],
            "textureFacing": "down",
            "cull": false
        },
        "east": {
            "uv": [ 12, 7, 13, 10 ],
            "textureFacing": "east",
            "cull": false
        }
    }
},
{
    "type": "cube",
    "from": [ 11, 3, 11 ],
    "to": [ 12, 4, 12 ],
    "faceData": {
        "down": {
            "uv": [ 11, 12, 12, 13 ],
            "textureFacing": "down",
            "cull": false
        },
        "up": {
            "uv": [ 11, 12, 12, 13 ],
            "textureFacing": "up",
            "cull": false
        },
        "north": {
            "uv": [ 11, 12, 12, 13 ],
            "textureFacing": "north",
            "cull": false
        },
        "south": {
            "uv": [ 11, 12, 12, 13 ],
            "textureFacing": "south",
            "cull": false
        },
        "west": {
            "uv": [ 11, 12, 12, 13 ],
            "textureFacing": "down",
            "cull": false
        },
        "east": {
            "uv": [ 11, 12, 12, 13 ],
            "textureFacing": "east",
            "cull": false
        }
    }
},
{
    "type": "cube",
    "from": [ 11, 6, 11 ],
    "to": [ 12, 8, 12 ],
    "faceData": {
        "down": {
            "uv": [ 11, 9, 12, 10 ],
            "textureFacing": "down",
            "cull": false
        },
        "up": {
            "uv": [ 11, 8, 12, 9 ],
            "textureFacing": "up",
            "cull": false
        },
        "north": {
            "uv": [ 11, 8, 12, 10 ],
            "textureFacing": "north",
            "cull": false
        },
        "south": {
            "uv": [ 11, 8, 12, 10 ],
            "textureFacing": "south",
            "cull": false
        },
        "west": {
            "uv": [ 11, 8, 12, 10 ],
            "textureFacing": "down",
            "cull": false
        },
        "east": {
            "uv": [ 11, 8, 12, 10 ],
            "textureFacing": "east",
            "cull": false
        }
    }
},
{
    "type": "cube",
    "from": [ 11, 10, 11 ],
    "to": [ 12, 11, 12 ],
    "faceData": {
        "down": {
            "uv": [ 11, 5, 12, 6 ],
            "textureFacing": "down",
            "cull": false
        },
        "up": {
            "uv": [ 11, 5, 12, 6 ],
            "textureFacing": "up",
            "cull": false
        },
        "north": {
            "uv": [ 11, 5, 12, 6 ],
            "textureFacing": "north",
            "cull": false
        },
        "south": {
            "uv": [ 11, 5, 12, 6 ],
            "textureFacing": "south",
            "cull": false
        },
        "west": {
            "uv": [ 11, 5, 12, 6 ],
            "textureFacing": "down",
            "cull": false
        },
        "east": {
            "uv": [ 11, 5, 12, 6 ],
            "textureFacing": "east",
            "cull": false
        }
    }
},
{
    "type": "cube",
    "from": [ 10, 3, 10 ],
    "to": [ 11, 8, 11 ],
    "faceData": {
        "down": {
            "uv": [ 10, 12, 11, 13 ],
            "textureFacing": "down",
            "cull": false
        },
        "up": {
            "uv": [ 10, 8, 11, 9 ],
            "textureFacing": "up",
            "cull": false
        },
        "north": {
            "uv": [ 10, 8, 11, 13 ],
            "textureFacing": "north",
            "cull": false
        },
        "south": {
            "uv": [ 10, 8, 11, 13 ],
            "textureFacing": "south",
            "cull": false
        },
        "west": {
            "uv": [ 10, 8, 11, 13 ],
            "textureFacing": "down",
            "cull": false
        },
        "east": {
            "uv": [ 10, 8, 11, 13 ],
            "textureFacing": "east",
            "cull": false
        }
    }
},
{
    "type": "cube",
    "from": [ 10, 9, 10 ],
    "to": [ 11, 11, 11 ],
    "faceData": {
        "down": {
            "uv": [ 10, 6, 11, 7 ],
            "textureFacing": "down",
            "cull": false
        },
        "up": {
            "uv": [ 10, 5, 11, 6 ],
            "textureFacing": "up",
            "cull": false
        },
        "north": {
            "uv": [ 10, 5, 11, 7 ],
            "textureFacing": "north",
            "cull": false
        },
        "south": {
            "uv": [ 10, 5, 11, 7 ],
            "textureFacing": "south",
            "cull": false
        },
        "west": {
            "uv": [ 10, 5, 11, 7 ],
            "textureFacing": "down",
            "cull": false
        },
        "east": {
            "uv": [ 10, 5, 11, 7 ],
            "textureFacing": "east",
            "cull": false
        }
    }
},
{
    "type": "cube",
    "from": [ 9, 1, 9 ],
    "to": [ 10, 10, 10 ],
    "faceData": {
        "down": {
            "uv": [ 9, 14, 10, 15 ],
            "textureFacing": "down",
            "cull": false
        },
        "up": {
            "uv": [ 9, 6, 10, 7 ],
            "textureFacing": "up",
            "cull": false
        },
        "north": {
            "uv": [ 9, 6, 10, 15 ],
            "textureFacing": "north",
            "cull": false
        },
        "south": {
            "uv": [ 9, 6, 10, 15 ],
            "textureFacing": "south",
            "cull": false
        },
        "west": {
            "uv": [ 9, 6, 10, 15 ],
            "textureFacing": "down",
            "cull": false
        },
        "east": {
            "uv": [ 9, 6, 10, 15 ],
            "textureFacing": "east",
            "cull": false
        }
    }
},
{
    "type": "cube",
    "from": [ 9, 12, 9 ],
    "to": [ 10, 13, 10 ],
    "faceData": {
        "down": {
            "uv": [ 9, 3, 10, 4 ],
            "textureFacing": "down",
            "cull": false
        },
        "up": {
            "uv": [ 9, 3, 10, 4 ],
            "textureFacing": "up",
            "cull": false
        },
        "north": {
            "uv": [ 9, 3, 10, 4 ],
            "textureFacing": "north",
            "cull": false
        },
        "south": {
            "uv": [ 9, 3, 10, 4 ],
            "textureFacing": "south",
            "cull": false
        },
        "west": {
            "uv": [ 9, 3, 10, 4 ],
            "textureFacing": "down",
            "cull": false
        },
        "east": {
            "uv": [ 9, 3, 10, 4 ],
            "textureFacing": "east",
            "cull": false
        }
    }
},
{
    "type": "cube",
    "from": [ 8, 0, 8 ],
    "to": [ 9, 14, 9 ],
    "faceData": {
        "down": {
            "uv": [ 8, 15, 9, 16 ],
            "textureFacing": "down",
            "cull": false
        },
        "up": {
            "uv": [ 8, 2, 9, 3 ],
            "textureFacing": "up",
            "cull": false
        },
        "north": {
            "uv": [ 8, 2, 9, 16 ],
            "textureFacing": "north",
            "cull": false
        },
        "south": {
            "uv": [ 8, 2, 9, 16 ],
            "textureFacing": "south",
            "cull": false
        },
        "west": {
            "uv": [ 8, 2, 9, 16 ],
            "textureFacing": "down",
            "cull": false
        },
        "east": {
            "uv": [ 8, 2, 9, 16 ],
            "textureFacing": "east",
            "cull": false
        }
    }
},
{
    "type": "cube",
    "from": [ 7, 0, 7 ],
    "to": [ 8, 14, 8 ],
    "faceData": {
        "down": {
            "uv": [ 7, 15, 8, 16 ],
            "textureFacing": "down",
            "cull": false
        },
        "up": {
            "uv": [ 7, 2, 8, 3 ],
            "textureFacing": "up",
            "cull": false
        },
        "north": {
            "uv": [ 7, 2, 8, 16 ],
            "textureFacing": "north",
            "cull": false
        },
        "south": {
            "uv": [ 7, 2, 8, 16 ],
            "textureFacing": "south",
            "cull": false
        },
        "west": {
            "uv": [ 7, 2, 8, 16 ],
            "textureFacing": "down",
            "cull": false
        },
        "east": {
            "uv": [ 7, 2, 8, 16 ],
            "textureFacing": "east",
            "cull": false
        }
    }
},
{
    "type": "cube",
    "from": [ 6, 1, 6 ],
    "to": [ 7, 11, 7 ],
    "faceData": {
        "down": {
            "uv": [ 6, 14, 7, 15 ],
            "textureFacing": "down",
            "cull": false
        },
        "up": {
            "uv": [ 6, 5, 7, 6 ],
            "textureFacing": "up",
            "cull": false
        },
        "north": {
            "uv": [ 6, 5, 7, 15 ],
            "textureFacing": "north",
            "cull": false
        },
        "south": {
            "uv": [ 6, 5, 7, 15 ],
            "textureFacing": "south",
            "cull": false
        },
        "west": {
            "uv": [ 6, 5, 7, 15 ],
            "textureFacing": "down",
            "cull": false
        },
        "east": {
            "uv": [ 6, 5, 7, 15 ],
            "textureFacing": "east",
            "cull": false
        }
    }
},
{
    "type": "cube",
    "from": [ 6, 12, 6 ],
    "to": [ 7, 13, 7 ],
    "faceData": {
        "down": {
            "uv": [ 6, 3, 7, 4 ],
            "textureFacing": "down",
            "cull": false
        },
        "up": {
            "uv": [ 6, 3, 7, 4 ],
            "textureFacing": "up",
            "cull": false
        },
        "north": {
            "uv": [ 6, 3, 7, 4 ],
            "textureFacing": "north",
            "cull": false
        },
        "south": {
            "uv": [ 6, 3, 7, 4 ],
            "textureFacing": "south",
            "cull": false
        },
        "west": {
            "uv": [ 6, 3, 7, 4 ],
            "textureFacing": "down",
            "cull": false
        },
        "east": {
            "uv": [ 6, 3, 7, 4 ],
            "textureFacing": "east",
            "cull": false
        }
    }
},
{
    "type": "cube",
    "from": [ 5, 3, 5 ],
    "to": [ 6, 8, 6 ],
    "faceData": {
        "down": {
            "uv": [ 5, 12, 6, 13 ],
            "textureFacing": "down",
            "cull": false
        },
        "up": {
            "uv": [ 5, 8, 6, 9 ],
            "textureFacing": "up",
            "cull": false
        },
        "north": {
            "uv": [ 5, 8, 6, 13 ],
            "textureFacing": "north",
            "cull": false
        },
        "south": {
            "uv": [ 5, 8, 6, 13 ],
            "textureFacing": "south",
            "cull": false
        },
        "west": {
            "uv": [ 5, 8, 6, 13 ],
            "textureFacing": "down",
            "cull": false
        },
        "east": {
            "uv": [ 5, 8, 6, 13 ],
            "textureFacing": "east",
            "cull": false
        }
    }
},
{
    "type": "cube",
    "from": [ 5, 9, 5 ],
    "to": [ 6, 10, 6 ],
    "faceData": {
        "down": {
            "uv": [ 5, 6, 6, 7 ],
            "textureFacing": "down",
            "cull": false
        },
        "up": {
            "uv": [ 5, 6, 6, 7 ],
            "textureFacing": "up",
            "cull": false
        },
        "north": {
            "uv": [ 5, 6, 6, 7 ],
            "textureFacing": "north",
            "cull": false
        },
        "south": {
            "uv": [ 5, 6, 6, 7 ],
            "textureFacing": "south",
            "cull": false
        },
        "west": {
            "uv": [ 5, 6, 6, 7 ],
            "textureFacing": "down",
            "cull": false
        },
        "east": {
            "uv": [ 5, 6, 6, 7 ],
            "textureFacing": "east",
            "cull": false
        }
    }
},
{
    "type": "cube",
    "from": [ 4, 5, 4 ],
    "to": [ 5, 11, 5 ],
    "faceData": {
        "down": {
            "uv": [ 4, 10, 5, 11 ],
            "textureFacing": "down",
            "cull": false
        },
        "up": {
            "uv": [ 4, 5, 5, 6 ],
            "textureFacing": "up",
            "cull": false
        },
        "north": {
            "uv": [ 4, 5, 5, 11 ],
            "textureFacing": "north",
            "cull": false
        },
        "south": {
            "uv": [ 4, 5, 5, 11 ],
            "textureFacing": "south",
            "cull": false
        },
        "west": {
            "uv": [ 4, 5, 5, 11 ],
            "textureFacing": "down",
            "cull": false
        },
        "east": {
            "uv": [ 4, 5, 5, 11 ],
            "textureFacing": "east",
            "cull": false
        }
    }
},
{
    "type": "cube",
    "from": [ 3, 5, 3 ],
    "to": [ 4, 6, 4 ],
    "faceData": {
        "down": {
            "uv": [ 3, 10, 4, 11 ],
            "textureFacing": "down",
            "cull": false
        },
        "up": {
            "uv": [ 3, 10, 4, 11 ],
            "textureFacing": "up",
            "cull": false
        },
        "north": {
            "uv": [ 3, 10, 4, 11 ],
            "textureFacing": "north",
            "cull": false
        },
        "south": {
            "uv": [ 3, 10, 4, 11 ],
            "textureFacing": "south",
            "cull": false
        },
        "west": {
            "uv": [ 3, 10, 4, 11 ],
            "textureFacing": "down",
            "cull": false
        },
        "east": {
            "uv": [ 3, 10, 4, 11 ],
            "textureFacing": "east",
            "cull": false
        }
    }
},
{
    "type": "cube",
    "from": [ 3, 7, 3 ],
    "to": [ 4, 11, 4 ],
    "faceData": {
        "down": {
            "uv": [ 3, 8, 4, 9 ],
            "textureFacing": "down",
            "cull": false
        },
        "up": {
            "uv": [ 3, 5, 4, 6 ],
            "textureFacing": "up",
            "cull": false
        },
        "north": {
            "uv": [ 3, 5, 4, 9 ],
            "textureFacing": "north",
            "cull": false
        },
        "south": {
            "uv": [ 3, 5, 4, 9 ],
            "textureFacing": "south",
            "cull": false
        },
        "west": {
            "uv": [ 3, 5, 4, 9 ],
            "textureFacing": "down",
            "cull": false
        },
        "east": {
            "uv": [ 3, 5, 4, 9 ],
            "textureFacing": "east",
            "cull": false
        }
    }
},
{
    "type": "cube",
    "from": [ 2, 7, 2 ],
    "to": [ 3, 10, 3 ],
    "faceData": {
        "down": {
            "uv": [ 2, 8, 3, 9 ],
            "textureFacing": "down",
            "cull": false
        },
        "up": {
            "uv": [ 2, 6, 3, 7 ],
            "textureFacing": "up",
            "cull": false
        },
        "north": {
            "uv": [ 2, 6, 3, 9 ],
            "textureFacing": "north",
            "cull": false
        },
        "south": {
            "uv": [ 2, 6, 3, 9 ],
            "textureFacing": "south",
            "cull": false
        },
        "west": {
            "uv": [ 2, 6, 3, 9 ],
            "textureFacing": "down",
            "cull": false
        },
        "east": {
            "uv": [ 2, 6, 3, 9 ],
            "textureFacing": "east",
            "cull": false
        }
    }
},
{
    "type": "cube",
    "from": [ 1, 8, 1 ],
    "to": [ 2, 9, 2 ],
    "faceData": {
        "down": {
            "uv": [ 1, 7, 2, 8 ],
            "textureFacing": "down",
            "cull": false
        },
        "up": {
            "uv": [ 1, 7, 2, 8 ],
            "textureFacing": "up",
            "cull": false
        },
        "north": {
            "uv": [ 1, 7, 2, 8 ],
            "textureFacing": "north",
            "cull": false
        },
        "south": {
            "uv": [ 1, 7, 2, 8 ],
            "textureFacing": "south",
            "cull": false
        },
        "west": {
            "uv": [ 1, 7, 2, 8 ],
            "textureFacing": "down",
            "cull": false
        },
        "east": {
            "uv": [ 1, 7, 2, 8 ],
            "textureFacing": "east",
            "cull": false
        }
    }
},
{
    "type": "cube",
    "from": [ 3, 6, 12 ],
    "to": [ 4, 9, 13 ],
    "faceData": {
        "down": {
            "uv": [ 12, 9, 13, 10 ],
            "textureFacing": "down",
            "cull": false
        },
        "up": {
            "uv": [ 12, 7, 13, 8 ],
            "textureFacing": "up",
            "cull": false
        },
        "north": {
            "uv": [ 12, 7, 13, 10 ],
            "textureFacing": "north",
            "cull": false
        },
        "south": {
            "uv": [ 12, 7, 13, 10 ],
            "textureFacing": "south",
            "cull": false
        },
        "west": {
            "uv": [ 12, 7, 13, 10 ],
            "textureFacing": "down",
            "cull": false
        },
        "east": {
            "uv": [ 12, 7, 13, 10 ],
            "textureFacing": "east",
            "cull": false
        }
    }
},
{
    "type": "cube",
    "from": [ 4, 3, 11 ],
    "to": [ 5, 4, 12 ],
    "faceData": {
        "down": {
            "uv": [ 11, 12, 12, 13 ],
            "textureFacing": "down",
            "cull": false
        },
        "up": {
            "uv": [ 11, 12, 12, 13 ],
            "textureFacing": "up",
            "cull": false
        },
        "north": {
            "uv": [ 11, 12, 12, 13 ],
            "textureFacing": "north",
            "cull": false
        },
        "south": {
            "uv": [ 11, 12, 12, 13 ],
            "textureFacing": "south",
            "cull": false
        },
        "west": {
            "uv": [ 11, 12, 12, 13 ],
            "textureFacing": "down",
            "cull": false
        },
        "east": {
            "uv": [ 11, 12, 12, 13 ],
            "textureFacing": "east",
            "cull": false
        }
    }
},
{
    "type": "cube",
    "from": [ 4, 6, 11 ],
    "to": [ 5, 8, 12 ],
    "faceData": {
        "down": {
            "uv": [ 11, 9, 12, 10 ],
            "textureFacing": "down",
            "cull": false
        },
        "up": {
            "uv": [ 11, 8, 12, 9 ],
            "textureFacing": "up",
            "cull": false
        },
        "north": {
            "uv": [ 11, 8, 12, 10 ],
            "textureFacing": "north",
            "cull": false
        },
        "south": {
            "uv": [ 11, 8, 12, 10 ],
            "textureFacing": "south",
            "cull": false
        },
        "west": {
            "uv": [ 11, 8, 12, 10 ],
            "textureFacing": "down",
            "cull": false
        },
        "east": {
            "uv": [ 11, 8, 12, 10 ],
            "textureFacing": "east",
            "cull": false
        }
    }
},
{
    "type": "cube",
    "from": [ 4, 10, 11 ],
    "to": [ 5, 11, 12 ],
    "faceData": {
        "down": {
            "uv": [ 11, 5, 12, 6 ],
            "textureFacing": "down",
            "cull": false
        },
        "up": {
            "uv": [ 11, 5, 12, 6 ],
            "textureFacing": "up",
            "cull": false
        },
        "north": {
            "uv": [ 11, 5, 12, 6 ],
            "textureFacing": "north",
            "cull": false
        },
        "south": {
            "uv": [ 11, 5, 12, 6 ],
            "textureFacing": "south",
            "cull": false
        },
        "west": {
            "uv": [ 11, 5, 12, 6 ],
            "textureFacing": "down",
            "cull": false
        },
        "east": {
            "uv": [ 11, 5, 12, 6 ],
            "textureFacing": "east",
            "cull": false
        }
    }
},
{
    "type": "cube",
    "from": [ 5, 3, 10 ],
    "to": [ 6, 8, 11 ],
    "faceData": {
        "down": {
            "uv": [ 10, 12, 11, 13 ],
            "textureFacing": "down",
            "cull": false
        },
        "up": {
            "uv": [ 10, 8, 11, 9 ],
            "textureFacing": "up",
            "cull": false
        },
        "north": {
            "uv": [ 10, 8, 11, 13 ],
            "textureFacing": "north",
            "cull": false
        },
        "south": {
            "uv": [ 10, 8, 11, 13 ],
            "textureFacing": "south",
            "cull": false
        },
        "west": {
            "uv": [ 10, 8, 11, 13 ],
            "textureFacing": "down",
            "cull": false
        },
        "east": {
            "uv": [ 10, 8, 11, 13 ],
            "textureFacing": "east",
            "cull": false
        }
    }
},
{
    "type": "cube",
    "from": [ 5, 9, 10 ],
    "to": [ 6, 11, 11 ],
    "faceData": {
        "down": {
            "uv": [ 10, 6, 11, 7 ],
            "textureFacing": "down",
            "cull": false
        },
        "up": {
            "uv": [ 10, 5, 11, 6 ],
            "textureFacing": "up",
            "cull": false
        },
        "north": {
            "uv": [ 10, 5, 11, 7 ],
            "textureFacing": "north",
            "cull": false
        },
        "south": {
            "uv": [ 10, 5, 11, 7 ],
            "textureFacing": "south",
            "cull": false
        },
        "west": {
            "uv": [ 10, 5, 11, 7 ],
            "textureFacing": "down",
            "cull": false
        },
        "east": {
            "uv": [ 10, 5, 11, 7 ],
            "textureFacing": "east",
            "cull": false
        }
    }
},
{
    "type": "cube",
    "from": [ 6, 1, 9 ],
    "to": [ 7, 10, 10 ],
    "faceData": {
        "down": {
            "uv": [ 9, 14, 10, 15 ],
            "textureFacing": "down",
            "cull": false
        },
        "up": {
            "uv": [ 9, 6, 10, 7 ],
            "textureFacing": "up",
            "cull": false
        },
        "north": {
            "uv": [ 9, 6, 10, 15 ],
            "textureFacing": "north",
            "cull": false
        },
        "south": {
            "uv": [ 9, 6, 10, 15 ],
            "textureFacing": "south",
            "cull": false
        },
        "west": {
            "uv": [ 9, 6, 10, 15 ],
            "textureFacing": "down",
            "cull": false
        },
        "east": {
            "uv": [ 9, 6, 10, 15 ],
            "textureFacing": "east",
            "cull": false
        }
    }
},
{
    "type": "cube",
    "from": [ 6, 12, 9 ],
    "to": [ 7, 13, 10 ],
    "faceData": {
        "down": {
            "uv": [ 9, 3, 10, 4 ],
            "textureFacing": "down",
            "cull": false
        },
        "up": {
            "uv": [ 9, 3, 10, 4 ],
            "textureFacing": "up",
            "cull": false
        },
        "north": {
            "uv": [ 9, 3, 10, 4 ],
            "textureFacing": "north",
            "cull": false
        },
        "south": {
            "uv": [ 9, 3, 10, 4 ],
            "textureFacing": "south",
            "cull": false
        },
        "west": {
            "uv": [ 9, 3, 10, 4 ],
            "textureFacing": "down",
            "cull": false
        },
        "east": {
            "uv": [ 9, 3, 10, 4 ],
            "textureFacing": "east",
            "cull": false
        }
    }
},
{
    "type": "cube",
    "from": [ 7, 0, 8 ],
    "to": [ 8, 14, 9 ],
    "faceData": {
        "down": {
            "uv": [ 8, 15, 9, 16 ],
            "textureFacing": "down",
            "cull": false
        },
        "up": {
            "uv": [ 8, 2, 9, 3 ],
            "textureFacing": "up",
            "cull": false
        },
        "north": {
            "uv": [ 8, 2, 9, 16 ],
            "textureFacing": "north",
            "cull": false
        },
        "south": {
            "uv": [ 8, 2, 9, 16 ],
            "textureFacing": "south",
            "cull": false
        },
        "west": {
            "uv": [ 8, 2, 9, 16 ],
            "textureFacing": "down",
            "cull": false
        },
        "east": {
            "uv": [ 8, 2, 9, 16 ],
            "textureFacing": "east",
            "cull": false
        }
    }
},
{
    "type": "cube",
    "from": [ 8, 0, 7 ],
    "to": [ 9, 14, 8 ],
    "faceData": {
        "down": {
            "uv": [ 7, 15, 8, 16 ],
            "textureFacing": "down",
            "cull": false
        },
        "up": {
            "uv": [ 7, 2, 8, 3 ],
            "textureFacing": "up",
            "cull": false
        },
        "north": {
            "uv": [ 7, 2, 8, 16 ],
            "textureFacing": "north",
            "cull": false
        },
        "south": {
            "uv": [ 7, 2, 8, 16 ],
            "textureFacing": "south",
            "cull": false
        },
        "west": {
            "uv": [ 7, 2, 8, 16 ],
            "textureFacing": "down",
            "cull": false
        },
        "east": {
            "uv": [ 7, 2, 8, 16 ],
            "textureFacing": "east",
            "cull": false
        }
    }
},
{
    "type": "cube",
    "from": [ 9, 1, 6 ],
    "to": [ 10, 11, 7 ],
    "faceData": {
        "down": {
            "uv": [ 6, 14, 7, 15 ],
            "textureFacing": "down",
            "cull": false
        },
        "up": {
            "uv": [ 6, 5, 7, 6 ],
            "textureFacing": "up",
            "cull": false
        },
        "north": {
            "uv": [ 6, 5, 7, 15 ],
            "textureFacing": "north",
            "cull": false
        },
        "south": {
            "uv": [ 6, 5, 7, 15 ],
            "textureFacing": "south",
            "cull": false
        },
        "west": {
            "uv": [ 6, 5, 7, 15 ],
            "textureFacing": "down",
            "cull": false
        },
        "east": {
            "uv": [ 6, 5, 7, 15 ],
            "textureFacing": "east",
            "cull": false
        }
    }
},
{
    "type": "cube",
    "from": [ 9, 12, 6 ],
    "to": [ 10, 13, 7 ],
    "faceData": {
        "down": {
            "uv": [ 6, 3, 7, 4 ],
            "textureFacing": "down",
            "cull": false
        },
        "up": {
            "uv": [ 6, 3, 7, 4 ],
            "textureFacing": "up",
            "cull": false
        },
        "north": {
            "uv": [ 6, 3, 7, 4 ],
            "textureFacing": "north",
            "cull": false
        },
        "south": {
            "uv": [ 6, 3, 7, 4 ],
            "textureFacing": "south",
            "cull": false
        },
        "west": {
            "uv": [ 6, 3, 7, 4 ],
            "textureFacing": "down",
            "cull": false
        },
        "east": {
            "uv": [ 6, 3, 7, 4 ],
            "textureFacing": "east",
            "cull": false
        }
    }
},
{
    "type": "cube",
    "from": [ 10, 3, 5 ],
    "to": [ 11, 8, 6 ],
    "faceData": {
        "down": {
            "uv": [ 5, 12, 6, 13 ],
            "textureFacing": "down",
            "cull": false
        },
        "up": {
            "uv": [ 5, 8, 6, 9 ],
            "textureFacing": "up",
            "cull": false
        },
        "north": {
            "uv": [ 5, 8, 6, 13 ],
            "textureFacing": "north",
            "cull": false
        },
        "south": {
            "uv": [ 5, 8, 6, 13 ],
            "textureFacing": "south",
            "cull": false
        },
        "west": {
            "uv": [ 5, 8, 6, 13 ],
            "textureFacing": "down",
            "cull": false
        },
        "east": {
            "uv": [ 5, 8, 6, 13 ],
            "textureFacing": "east",
            "cull": false
        }
    }
},
{
    "type": "cube",
    "from": [ 10, 9, 5 ],
    "to": [ 11, 10, 6 ],
    "faceData": {
        "down": {
            "uv": [ 5, 6, 6, 7 ],
            "textureFacing": "down",
            "cull": false
        },
        "up": {
            "uv": [ 5, 6, 6, 7 ],
            "textureFacing": "up",
            "cull": false
        },
        "north": {
            "uv": [ 5, 6, 6, 7 ],
            "textureFacing": "north",
            "cull": false
        },
        "south": {
            "uv": [ 5, 6, 6, 7 ],
            "textureFacing": "south",
            "cull": false
        },
        "west": {
            "uv": [ 5, 6, 6, 7 ],
            "textureFacing": "down",
            "cull": false
        },
        "east": {
            "uv": [ 5, 6, 6, 7 ],
            "textureFacing": "east",
            "cull": false
        }
    }
},
{
    "type": "cube",
    "from": [ 11, 5, 4 ],
    "to": [ 12, 11, 5 ],
    "faceData": {
        "down": {
            "uv": [ 4, 10, 5, 11 ],
            "textureFacing": "down",
            "cull": false
        },
        "up": {
            "uv": [ 4, 5, 5, 6 ],
            "textureFacing": "up",
            "cull": false
        },
        "north": {
            "uv": [ 4, 5, 5, 11 ],
            "textureFacing": "north",
            "cull": false
        },
        "south": {
            "uv": [ 4, 5, 5, 11 ],
            "textureFacing": "south",
            "cull": false
        },
        "west": {
            "uv": [ 4, 5, 5, 11 ],
            "textureFacing": "down",
            "cull": false
        },
        "east": {
            "uv": [ 4, 5, 5, 11 ],
            "textureFacing": "east",
            "cull": false
        }
    }
},
{
    "type": "cube",
    "from": [ 12, 5, 3 ],
    "to": [ 13, 6, 4 ],
    "faceData": {
        "down": {
            "uv": [ 3, 10, 4, 11 ],
            "textureFacing": "down",
            "cull": false
        },
        "up": {
            "uv": [ 3, 10, 4, 11 ],
            "textureFacing": "up",
            "cull": false
        },
        "north": {
            "uv": [ 3, 10, 4, 11 ],
            "textureFacing": "north",
            "cull": false
        },
        "south": {
            "uv": [ 3, 10, 4, 11 ],
            "textureFacing": "south",
            "cull": false
        },
        "west": {
            "uv": [ 3, 10, 4, 11 ],
            "textureFacing": "down",
            "cull": false
        },
        "east": {
            "uv": [ 3, 10, 4, 11 ],
            "textureFacing": "east",
            "cull": false
        }
    }
},
{
    "type": "cube",
    "from": [ 12, 7, 3 ],
    "to": [ 13, 11, 4 ],
    "faceData": {
        "down": {
            "uv": [ 3, 8, 4, 9 ],
            "textureFacing": "down",
            "cull": false
        },
        "up": {
            "uv": [ 3, 5, 4, 6 ],
            "textureFacing": "up",
            "cull": false
        },
        "north": {
            "uv": [ 3, 5, 4, 9 ],
            "textureFacing": "north",
            "cull": false
        },
        "south": {
            "uv": [ 3, 5, 4, 9 ],
            "textureFacing": "south",
            "cull": false
        },
        "west": {
            "uv": [ 3, 5, 4, 9 ],
            "textureFacing": "down",
            "cull": false
        },
        "east": {
            "uv": [ 3, 5, 4, 9 ],
            "textureFacing": "east",
            "cull": false
        }
    }
},
{
    "type": "cube",
    "from": [ 13, 7, 2 ],
    "to": [ 14, 10, 3 ],
    "faceData": {
        "down": {
            "uv": [ 2, 8, 3, 9 ],
            "textureFacing": "down",
            "cull": false
        },
        "up": {
            "uv": [ 2, 6, 3, 7 ],
            "textureFacing": "up",
            "cull": false
        },
        "north": {
            "uv": [ 2, 6, 3, 9 ],
            "textureFacing": "north",
            "cull": false
        },
        "south": {
            "uv": [ 2, 6, 3, 9 ],
            "textureFacing": "south",
            "cull": false
        },
        "west": {
            "uv": [ 2, 6, 3, 9 ],
            "textureFacing": "down",
            "cull": false
        },
        "east": {
            "uv": [ 2, 6, 3, 9 ],
            "textureFacing": "east",
            "cull": false
        }
    }
},
{
    "type": "cube",
    "from": [ 14, 8, 1 ],
    "to": [ 15, 9, 2 ],
    "faceData": {
        "down": {
            "uv": [ 1, 7, 2, 8 ],
            "textureFacing": "down",
            "cull": false
        },
        "up": {
            "uv": [ 1, 7, 2, 8 ],
            "textureFacing": "up",
            "cull": false
        },
        "north": {
            "uv": [ 1, 7, 2, 8 ],
            "textureFacing": "north",
            "cull": false
        },
        "south": {
            "uv": [ 1, 7, 2, 8 ],
            "textureFacing": "south",
            "cull": false
        },
        "west": {
            "uv": [ 1, 7, 2, 8 ],
            "textureFacing": "down",
            "cull": false
        },
        "east": {
            "uv": [ 1, 7, 2, 8 ],
            "textureFacing": "east",
            "cull": false
        }
    }
}
]
}