{
"__comment": "3D Mesh designed with BDcraft Cubik - Version PRO 0.4.1 Beta",
"inventoryRender3D": false,
"elements": [ 
{
    "type": "cube",
    "from": [ 13, 11, 2 ],
    "to": [ 14, 12, 3 ],
    "faceData": {
        "down": {
            "uv": [ 2, 4, 3, 5 ],
            "textureFacing": "down",
            "cull": false
        },
        "up": {
            "uv": [ 2, 4, 3, 5 ],
            "textureFacing": "up",
            "cull": false
        },
        "north": {
            "uv": [ 2, 4, 3, 5 ],
            "textureFacing": "north",
            "cull": false
        },
        "south": {
            "uv": [ 2, 4, 3, 5 ],
            "textureFacing": "south",
            "cull": false
        },
        "west": {
            "uv": [ 2, 4, 3, 5 ],
            "textureFacing": "down",
            "cull": false
        },
        "east": {
            "uv": [ 2, 4, 3, 5 ],
            "textureFacing": "east",
            "cull": false
        }
    }
},
{
    "type": "cube",
    "from": [ 12, 9.5, 3 ],
    "to": [ 13, 13, 4 ],
    "faceData": {
        "down": {
            "uv": [ 3, 5, 4, 6 ],
            "textureFacing": "down",
            "cull": false
        },
        "up": {
            "uv": [ 3, 3, 4, 4 ],
            "textureFacing": "up",
            "cull": false
        },
        "north": {
            "uv": [ 3, 3, 4, 6.5 ],
            "textureFacing": "north",
            "cull": false
        },
        "south": {
            "uv": [ 3, 3, 4, 6.5 ],
            "textureFacing": "south",
            "cull": false
        },
        "west": {
            "uv": [ 3, 3, 4, 6.5 ],
            "textureFacing": "down",
            "cull": false
        },
        "east": {
            "uv": [ 3, 3, 4, 6.5 ],
            "textureFacing": "east",
            "cull": false
        }
    }
},
{
    "type": "cube",
    "from": [ 11, 7, 4 ],
    "to": [ 12, 13, 5 ],
    "faceData": {
        "down": {
            "uv": [ 4, 8, 5, 9 ],
            "textureFacing": "down",
            "cull": false
        },
        "up": {
            "uv": [ 4, 3, 5, 4 ],
            "textureFacing": "up",
            "cull": false
        },
        "north": {
            "uv": [ 4, 3, 5, 9 ],
            "textureFacing": "north",
            "cull": false
        },
        "south": {
            "uv": [ 4, 3, 5, 9 ],
            "textureFacing": "south",
            "cull": false
        },
        "west": {
            "uv": [ 4, 3, 5, 9 ],
            "textureFacing": "down",
            "cull": false
        },
        "east": {
            "uv": [ 4, 3, 5, 9 ],
            "textureFacing": "east",
            "cull": false
        }
    }
},
{
    "type": "cube",
    "from": [ 10, 5, 5 ],
    "to": [ 11, 14, 6 ],
    "faceData": {
        "down": {
            "uv": [ 5, 10, 6, 11 ],
            "textureFacing": "down",
            "cull": false
        },
        "up": {
            "uv": [ 5, 2, 6, 3 ],
            "textureFacing": "up",
            "cull": false
        },
        "north": {
            "uv": [ 5, 2, 6, 11 ],
            "textureFacing": "north",
            "cull": false
        },
        "south": {
            "uv": [ 5, 2, 6, 11 ],
            "textureFacing": "south",
            "cull": false
        },
        "west": {
            "uv": [ 5, 2, 6, 11 ],
            "textureFacing": "down",
            "cull": false
        },
        "east": {
            "uv": [ 5, 2, 6, 11 ],
            "textureFacing": "east",
            "cull": false
        }
    }
},
{
    "type": "cube",
    "from": [ 9, 13, 6 ],
    "to": [ 10, 14, 7 ],
    "faceData": {
        "down": {
            "uv": [ 6, 2, 7, 3 ],
            "textureFacing": "down",
            "cull": false
        },
        "up": {
            "uv": [ 6, 2, 7, 3 ],
            "textureFacing": "up",
            "cull": false
        },
        "north": {
            "uv": [ 6, 2, 7, 3 ],
            "textureFacing": "north",
            "cull": false
        },
        "south": {
            "uv": [ 6, 2, 7, 3 ],
            "textureFacing": "south",
            "cull": false
        },
        "west": {
            "uv": [ 6, 2, 7, 3 ],
            "textureFacing": "down",
            "cull": false
        },
        "east": {
            "uv": [ 6, 2, 7, 3 ],
            "textureFacing": "east",
            "cull": false
        }
    }
},
{
    "type": "cube",
    "from": [ 9, 4, 6 ],
    "to": [ 10, 11, 7 ],
    "faceData": {
        "down": {
            "uv": [ 5, 10, 6, 11 ],
            "textureFacing": "down",
            "cull": false
        },
        "up": {
            "uv": [ 6, 5, 7, 6 ],
            "textureFacing": "up",
            "cull": false
        },
        "north": {
            "uv": [ 6, 5, 7, 12 ],
            "textureFacing": "north",
            "cull": false
        },
        "south": {
            "uv": [ 6, 5, 7, 12 ],
            "textureFacing": "south",
            "cull": false
        },
        "west": {
            "uv": [ 6, 5, 7, 12 ],
            "textureFacing": "down",
            "cull": false
        },
        "east": {
            "uv": [ 6, 5, 7, 12 ],
            "textureFacing": "east",
            "cull": false
        }
    }
},
{
    "type": "cube",
    "from": [ 9, 0, 6 ],
    "to": [ 10, 1, 7 ],
    "faceData": {
        "down": {
            "uv": [ 6, 15, 7, 16 ],
            "textureFacing": "down",
            "cull": false
        },
        "up": {
            "uv": [ 6, 15, 7, 16 ],
            "textureFacing": "up",
            "cull": false
        },
        "north": {
            "uv": [ 6, 15, 7, 16 ],
            "textureFacing": "north",
            "cull": false
        },
        "south": {
            "uv": [ 6, 15, 7, 16 ],
            "textureFacing": "south",
            "cull": false
        },
        "west": {
            "uv": [ 6, 15, 7, 16 ],
            "textureFacing": "down",
            "cull": false
        },
        "east": {
            "uv": [ 6, 15, 7, 16 ],
            "textureFacing": "east",
            "cull": false
        }
    }
},
{
    "type": "cube",
    "from": [ 8, 0, 7 ],
    "to": [ 9, 13, 8 ],
    "faceData": {
        "down": {
            "uv": [ 7, 15, 8, 16 ],
            "textureFacing": "down",
            "cull": false
        },
        "up": {
            "uv": [ 7, 3, 8, 4 ],
            "textureFacing": "up",
            "cull": false
        },
        "north": {
            "uv": [ 7, 3, 8, 16 ],
            "textureFacing": "north",
            "cull": false
        },
        "south": {
            "uv": [ 7, 3, 8, 16 ],
            "textureFacing": "south",
            "cull": false
        },
        "west": {
            "uv": [ 7, 3, 8, 16 ],
            "textureFacing": "down",
            "cull": false
        },
        "east": {
            "uv": [ 7, 3, 8, 16 ],
            "textureFacing": "east",
            "cull": false
        }
    }
},
{
    "type": "cube",
    "from": [ 7, 0, 8 ],
    "to": [ 8, 12, 9 ],
    "faceData": {
        "down": {
            "uv": [ 8, 15, 9, 16 ],
            "textureFacing": "down",
            "cull": false
        },
        "up": {
            "uv": [ 8, 4, 9, 5 ],
            "textureFacing": "up",
            "cull": false
        },
        "north": {
            "uv": [ 8, 4, 9, 16 ],
            "textureFacing": "north",
            "cull": false
        },
        "south": {
            "uv": [ 8, 4, 9, 16 ],
            "textureFacing": "south",
            "cull": false
        },
        "west": {
            "uv": [ 8, 4, 9, 16 ],
            "textureFacing": "down",
            "cull": false
        },
        "east": {
            "uv": [ 8, 4, 9, 16 ],
            "textureFacing": "east",
            "cull": false
        }
    }
},
{
    "type": "cube",
    "from": [ 6, 9, 9 ],
    "to": [ 7, 12, 10 ],
    "faceData": {
        "down": {
            "uv": [ 9, 6, 10, 7 ],
            "textureFacing": "down",
            "cull": false
        },
        "up": {
            "uv": [ 9, 4, 10, 5 ],
            "textureFacing": "up",
            "cull": false
        },
        "north": {
            "uv": [ 9, 4, 10, 7 ],
            "textureFacing": "north",
            "cull": false
        },
        "south": {
            "uv": [ 9, 4, 10, 7 ],
            "textureFacing": "south",
            "cull": false
        },
        "west": {
            "uv": [ 9, 4, 10, 7 ],
            "textureFacing": "down",
            "cull": false
        },
        "east": {
            "uv": [ 9, 4, 10, 7 ],
            "textureFacing": "east",
            "cull": false
        }
    }
},
{
    "type": "cube",
    "from": [ 6, 5, 9 ],
    "to": [ 7, 8, 10 ],
    "faceData": {
        "down": {
            "uv": [ 9, 10, 10, 11 ],
            "textureFacing": "down",
            "cull": false
        },
        "up": {
            "uv": [ 9, 8, 10, 9 ],
            "textureFacing": "up",
            "cull": false
        },
        "north": {
            "uv": [ 9, 8, 10, 11 ],
            "textureFacing": "north",
            "cull": false
        },
        "south": {
            "uv": [ 9, 8, 10, 11 ],
            "textureFacing": "south",
            "cull": false
        },
        "west": {
            "uv": [ 9, 8, 10, 11 ],
            "textureFacing": "down",
            "cull": false
        },
        "east": {
            "uv": [ 9, 8, 10, 11 ],
            "textureFacing": "east",
            "cull": false
        }
    }
},
{
    "type": "cube",
    "from": [ 6, 3, 9 ],
    "to": [ 7, 4, 10 ],
    "faceData": {
        "down": {
            "uv": [ 9, 12, 10, 13 ],
            "textureFacing": "down",
            "cull": false
        },
        "up": {
            "uv": [ 9, 12, 10, 13 ],
            "textureFacing": "up",
            "cull": false
        },
        "north": {
            "uv": [ 9, 12, 10, 13 ],
            "textureFacing": "north",
            "cull": false
        },
        "south": {
            "uv": [ 9, 12, 10, 13 ],
            "textureFacing": "south",
            "cull": false
        },
        "west": {
            "uv": [ 9, 12, 10, 13 ],
            "textureFacing": "down",
            "cull": false
        },
        "east": {
            "uv": [ 9, 12, 10, 13 ],
            "textureFacing": "east",
            "cull": false
        }
    }
},
{
    "type": "cube",
    "from": [ 6, 0, 9 ],
    "to": [ 7, 2, 10 ],
    "faceData": {
        "down": {
            "uv": [ 9, 15, 10, 16 ],
            "textureFacing": "down",
            "cull": false
        },
        "up": {
            "uv": [ 9, 14, 10, 15 ],
            "textureFacing": "up",
            "cull": false
        },
        "north": {
            "uv": [ 9, 14, 10, 16 ],
            "textureFacing": "north",
            "cull": false
        },
        "south": {
            "uv": [ 9, 14, 10, 16 ],
            "textureFacing": "south",
            "cull": false
        },
        "west": {
            "uv": [ 9, 14, 10, 16 ],
            "textureFacing": "down",
            "cull": false
        },
        "east": {
            "uv": [ 9, 14, 10, 16 ],
            "textureFacing": "east",
            "cull": false
        }
    }
},
{
    "type": "cube",
    "from": [ 5, 6, 10 ],
    "to": [ 6, 13, 11 ],
    "faceData": {
        "down": {
            "uv": [ 10, 9, 11, 10 ],
            "textureFacing": "down",
            "cull": false
        },
        "up": {
            "uv": [ 10, 3, 11, 4 ],
            "textureFacing": "up",
            "cull": false
        },
        "north": {
            "uv": [ 10, 3, 11, 10 ],
            "textureFacing": "north",
            "cull": false
        },
        "south": {
            "uv": [ 10, 3, 11, 10 ],
            "textureFacing": "south",
            "cull": false
        },
        "west": {
            "uv": [ 10, 3, 11, 10 ],
            "textureFacing": "down",
            "cull": false
        },
        "east": {
            "uv": [ 10, 3, 11, 10 ],
            "textureFacing": "east",
            "cull": false
        }
    }
},
{
    "type": "cube",
    "from": [ 4, 7, 11 ],
    "to": [ 5, 10, 12 ],
    "faceData": {
        "down": {
            "uv": [ 11, 8, 12, 9 ],
            "textureFacing": "down",
            "cull": false
        },
        "up": {
            "uv": [ 11, 6, 12, 7 ],
            "textureFacing": "up",
            "cull": false
        },
        "north": {
            "uv": [ 11, 6, 12, 9 ],
            "textureFacing": "north",
            "cull": false
        },
        "south": {
            "uv": [ 11, 6, 12, 9 ],
            "textureFacing": "south",
            "cull": false
        },
        "west": {
            "uv": [ 11, 6, 12, 9 ],
            "textureFacing": "down",
            "cull": false
        },
        "east": {
            "uv": [ 11, 6, 12, 9 ],
            "textureFacing": "east",
            "cull": false
        }
    }
},
{
    "type": "cube",
    "from": [ 3, 9, 12 ],
    "to": [ 4, 12, 13 ],
    "faceData": {
        "down": {
            "uv": [ 12, 6, 13, 7 ],
            "textureFacing": "down",
            "cull": false
        },
        "up": {
            "uv": [ 12, 4, 13, 5 ],
            "textureFacing": "up",
            "cull": false
        },
        "north": {
            "uv": [ 12, 4, 13, 7 ],
            "textureFacing": "north",
            "cull": false
        },
        "south": {
            "uv": [ 12, 4, 13, 7 ],
            "textureFacing": "south",
            "cull": false
        },
        "west": {
            "uv": [ 12, 4, 13, 7 ],
            "textureFacing": "down",
            "cull": false
        },
        "east": {
            "uv": [ 12, 4, 13, 7 ],
            "textureFacing": "east",
            "cull": false
        }
    }
},
{
    "type": "cube",
    "from": [ 2, 11, 13 ],
    "to": [ 3, 12, 14 ],
    "faceData": {
        "down": {
            "uv": [ 13, 4, 14, 5 ],
            "textureFacing": "down",
            "cull": false
        },
        "up": {
            "uv": [ 13, 4, 14, 5 ],
            "textureFacing": "up",
            "cull": false
        },
        "north": {
            "uv": [ 13, 4, 14, 5 ],
            "textureFacing": "north",
            "cull": false
        },
        "south": {
            "uv": [ 13, 4, 14, 5 ],
            "textureFacing": "south",
            "cull": false
        },
        "west": {
            "uv": [ 13, 4, 14, 5 ],
            "textureFacing": "down",
            "cull": false
        },
        "east": {
            "uv": [ 13, 4, 14, 5 ],
            "textureFacing": "east",
            "cull": false
        }
    }
},
{
    "type": "cube",
    "from": [ 2, 11, 2 ],
    "to": [ 3, 12, 3 ],
    "faceData": {
        "down": {
            "uv": [ 2, 4, 3, 5 ],
            "textureFacing": "down",
            "cull": false
        },
        "up": {
            "uv": [ 2, 4, 3, 5 ],
            "textureFacing": "up",
            "cull": false
        },
        "north": {
            "uv": [ 2, 4, 3, 5 ],
            "textureFacing": "north",
            "cull": false
        },
        "south": {
            "uv": [ 2, 4, 3, 5 ],
            "textureFacing": "south",
            "cull": false
        },
        "west": {
            "uv": [ 2, 4, 3, 5 ],
            "textureFacing": "down",
            "cull": false
        },
        "east": {
            "uv": [ 2, 4, 3, 5 ],
            "textureFacing": "east",
            "cull": false
        }
    }
},
{
    "type": "cube",
    "from": [ 3, 10, 3 ],
    "to": [ 4, 13, 4 ],
    "faceData": {
        "down": {
            "uv": [ 3, 5, 4, 6 ],
            "textureFacing": "down",
            "cull": false
        },
        "up": {
            "uv": [ 3, 3, 4, 4 ],
            "textureFacing": "up",
            "cull": false
        },
        "north": {
            "uv": [ 3, 3, 4, 6 ],
            "textureFacing": "north",
            "cull": false
        },
        "south": {
            "uv": [ 3, 3, 4, 6 ],
            "textureFacing": "south",
            "cull": false
        },
        "west": {
            "uv": [ 3, 3, 4, 6 ],
            "textureFacing": "down",
            "cull": false
        },
        "east": {
            "uv": [ 3, 3, 4, 6 ],
            "textureFacing": "east",
            "cull": false
        }
    }
},
{
    "type": "cube",
    "from": [ 4, 7, 4 ],
    "to": [ 5, 13, 5 ],
    "faceData": {
        "down": {
            "uv": [ 4, 8, 5, 9 ],
            "textureFacing": "down",
            "cull": false
        },
        "up": {
            "uv": [ 4, 3, 5, 4 ],
            "textureFacing": "up",
            "cull": false
        },
        "north": {
            "uv": [ 4, 3, 5, 9 ],
            "textureFacing": "north",
            "cull": false
        },
        "south": {
            "uv": [ 4, 3, 5, 9 ],
            "textureFacing": "south",
            "cull": false
        },
        "west": {
            "uv": [ 4, 3, 5, 9 ],
            "textureFacing": "down",
            "cull": false
        },
        "east": {
            "uv": [ 4, 3, 5, 9 ],
            "textureFacing": "east",
            "cull": false
        }
    }
},
{
    "type": "cube",
    "from": [ 5, 5, 5 ],
    "to": [ 6, 14, 6 ],
    "faceData": {
        "down": {
            "uv": [ 5, 10, 6, 11 ],
            "textureFacing": "down",
            "cull": false
        },
        "up": {
            "uv": [ 5, 2, 6, 3 ],
            "textureFacing": "up",
            "cull": false
        },
        "north": {
            "uv": [ 5, 2, 6, 11 ],
            "textureFacing": "north",
            "cull": false
        },
        "south": {
            "uv": [ 5, 2, 6, 11 ],
            "textureFacing": "south",
            "cull": false
        },
        "west": {
            "uv": [ 5, 2, 6, 11 ],
            "textureFacing": "down",
            "cull": false
        },
        "east": {
            "uv": [ 5, 2, 6, 11 ],
            "textureFacing": "east",
            "cull": false
        }
    }
},
{
    "type": "cube",
    "from": [ 6, 13, 6 ],
    "to": [ 7, 14, 7 ],
    "faceData": {
        "down": {
            "uv": [ 6, 2, 7, 3 ],
            "textureFacing": "down",
            "cull": false
        },
        "up": {
            "uv": [ 6, 2, 7, 3 ],
            "textureFacing": "up",
            "cull": false
        },
        "north": {
            "uv": [ 6, 2, 7, 3 ],
            "textureFacing": "north",
            "cull": false
        },
        "south": {
            "uv": [ 6, 2, 7, 3 ],
            "textureFacing": "south",
            "cull": false
        },
        "west": {
            "uv": [ 6, 2, 7, 3 ],
            "textureFacing": "down",
            "cull": false
        },
        "east": {
            "uv": [ 6, 2, 7, 3 ],
            "textureFacing": "east",
            "cull": false
        }
    }
},
{
    "type": "cube",
    "from": [ 6, 4, 6 ],
    "to": [ 7, 11, 7 ],
    "faceData": {
        "down": {
            "uv": [ 6, 11, 7, 12 ],
            "textureFacing": "down",
            "cull": false
        },
        "up": {
            "uv": [ 6, 5, 7, 6 ],
            "textureFacing": "up",
            "cull": false
        },
        "north": {
            "uv": [ 6, 5, 7, 12 ],
            "textureFacing": "north",
            "cull": false
        },
        "south": {
            "uv": [ 6, 5, 7, 12 ],
            "textureFacing": "south",
            "cull": false
        },
        "west": {
            "uv": [ 6, 5, 7, 12 ],
            "textureFacing": "down",
            "cull": false
        },
        "east": {
            "uv": [ 6, 5, 7, 12 ],
            "textureFacing": "east",
            "cull": false
        }
    }
},
{
    "type": "cube",
    "from": [ 6, 0, 6 ],
    "to": [ 7, 1, 7 ],
    "faceData": {
        "down": {
            "uv": [ 6, 15, 7, 16 ],
            "textureFacing": "down",
            "cull": false
        },
        "up": {
            "uv": [ 6, 16, 7, 17 ],
            "textureFacing": "up",
            "cull": false
        },
        "north": {
            "uv": [ 6, 15, 7, 16 ],
            "textureFacing": "north",
            "cull": false
        },
        "south": {
            "uv": [ 6, 15, 7, 16 ],
            "textureFacing": "south",
            "cull": false
        },
        "west": {
            "uv": [ 6, 15, 7, 16 ],
            "textureFacing": "down",
            "cull": false
        },
        "east": {
            "uv": [ 6, 15, 7, 16 ],
            "textureFacing": "east",
            "cull": false
        }
    }
},
{
    "type": "cube",
    "from": [ 7, 0, 7 ],
    "to": [ 8, 13, 8 ],
    "faceData": {
        "down": {
            "uv": [ 7, 15, 8, 16 ],
            "textureFacing": "down",
            "cull": false
        },
        "up": {
            "uv": [ 7, 3, 8, 4 ],
            "textureFacing": "up",
            "cull": false
        },
        "north": {
            "uv": [ 7, 3, 8, 16 ],
            "textureFacing": "north",
            "cull": false
        },
        "south": {
            "uv": [ 7, 3, 8, 16 ],
            "textureFacing": "south",
            "cull": false
        },
        "west": {
            "uv": [ 7, 3, 8, 16 ],
            "textureFacing": "down",
            "cull": false
        },
        "east": {
            "uv": [ 7, 3, 8, 16 ],
            "textureFacing": "east",
            "cull": false
        }
    }
},
{
    "type": "cube",
    "from": [ 8, 0, 8 ],
    "to": [ 9, 12, 9 ],
    "faceData": {
        "down": {
            "uv": [ 8, 15, 9, 16 ],
            "textureFacing": "down",
            "cull": false
        },
        "up": {
            "uv": [ 8, 4, 9, 5 ],
            "textureFacing": "up",
            "cull": false
        },
        "north": {
            "uv": [ 8, 4, 9, 16 ],
            "textureFacing": "north",
            "cull": false
        },
        "south": {
            "uv": [ 8, 4, 9, 16 ],
            "textureFacing": "south",
            "cull": false
        },
        "west": {
            "uv": [ 8, 4, 9, 16 ],
            "textureFacing": "down",
            "cull": false
        },
        "east": {
            "uv": [ 8, 4, 9, 16 ],
            "textureFacing": "east",
            "cull": false
        }
    }
},
{
    "type": "cube",
    "from": [ 9, 9, 9 ],
    "to": [ 10, 12, 10 ],
    "faceData": {
        "down": {
            "uv": [ 9, 6, 10, 7 ],
            "textureFacing": "down",
            "cull": false
        },
        "up": {
            "uv": [ 9, 4, 10, 5 ],
            "textureFacing": "up",
            "cull": false
        },
        "north": {
            "uv": [ 9, 4, 10, 7 ],
            "textureFacing": "north",
            "cull": false
        },
        "south": {
            "uv": [ 9, 4, 10, 7 ],
            "textureFacing": "south",
            "cull": false
        },
        "west": {
            "uv": [ 9, 4, 10, 7 ],
            "textureFacing": "down",
            "cull": false
        },
        "east": {
            "uv": [ 9, 4, 10, 7 ],
            "textureFacing": "east",
            "cull": false
        }
    }
},
{
    "type": "cube",
    "from": [ 9, 5, 9 ],
    "to": [ 10, 8, 10 ],
    "faceData": {
        "down": {
            "uv": [ 9, 10, 10, 11 ],
            "textureFacing": "down",
            "cull": false
        },
        "up": {
            "uv": [ 9, 8, 10, 9 ],
            "textureFacing": "up",
            "cull": false
        },
        "north": {
            "uv": [ 9, 8, 10, 11 ],
            "textureFacing": "north",
            "cull": false
        },
        "south": {
            "uv": [ 9, 8, 10, 11 ],
            "textureFacing": "south",
            "cull": false
        },
        "west": {
            "uv": [ 9, 8, 10, 11 ],
            "textureFacing": "down",
            "cull": false
        },
        "east": {
            "uv": [ 9, 8, 10, 11 ],
            "textureFacing": "east",
            "cull": false
        }
    }
},
{
    "type": "cube",
    "from": [ 9, 3, 9 ],
    "to": [ 10, 4, 10 ],
    "faceData": {
        "down": {
            "uv": [ 9, 12, 10, 13 ],
            "textureFacing": "down",
            "cull": false
        },
        "up": {
            "uv": [ 9, 12, 10, 13 ],
            "textureFacing": "up",
            "cull": false
        },
        "north": {
            "uv": [ 9, 12, 10, 13 ],
            "textureFacing": "north",
            "cull": false
        },
        "south": {
            "uv": [ 9, 12, 10, 13 ],
            "textureFacing": "south",
            "cull": false
        },
        "west": {
            "uv": [ 9, 12, 10, 13 ],
            "textureFacing": "down",
            "cull": false
        },
        "east": {
            "uv": [ 9, 12, 10, 13 ],
            "textureFacing": "east",
            "cull": false
        }
    }
},
{
    "type": "cube",
    "from": [ 9, 0, 9 ],
    "to": [ 10, 2, 10 ],
    "faceData": {
        "down": {
            "uv": [ 9, 15, 10, 16 ],
            "textureFacing": "down",
            "cull": false
        },
        "up": {
            "uv": [ 9, 14, 10, 15 ],
            "textureFacing": "up",
            "cull": false
        },
        "north": {
            "uv": [ 9, 14, 10, 16 ],
            "textureFacing": "north",
            "cull": false
        },
        "south": {
            "uv": [ 9, 14, 10, 16 ],
            "textureFacing": "south",
            "cull": false
        },
        "west": {
            "uv": [ 9, 14, 10, 16 ],
            "textureFacing": "down",
            "cull": false
        },
        "east": {
            "uv": [ 9, 14, 10, 16 ],
            "textureFacing": "east",
            "cull": false
        }
    }
},
{
    "type": "cube",
    "from": [ 10, 6, 10 ],
    "to": [ 11, 13, 11 ],
    "faceData": {
        "down": {
            "uv": [ 10, 9, 11, 10 ],
            "textureFacing": "down",
            "cull": false
        },
        "up": {
            "uv": [ 10, 3, 11, 4 ],
            "textureFacing": "up",
            "cull": false
        },
        "north": {
            "uv": [ 10, 3, 11, 10 ],
            "textureFacing": "north",
            "cull": false
        },
        "south": {
            "uv": [ 10, 3, 11, 10 ],
            "textureFacing": "south",
            "cull": false
        },
        "west": {
            "uv": [ 10, 3, 11, 10 ],
            "textureFacing": "down",
            "cull": false
        },
        "east": {
            "uv": [ 10, 3, 11, 10 ],
            "textureFacing": "east",
            "cull": false
        }
    }
},
{
    "type": "cube",
    "from": [ 11, 7, 11 ],
    "to": [ 12, 10, 12 ],
    "faceData": {
        "down": {
            "uv": [ 11, 8, 12, 9 ],
            "textureFacing": "down",
            "cull": false
        },
        "up": {
            "uv": [ 11, 6, 12, 7 ],
            "textureFacing": "up",
            "cull": false
        },
        "north": {
            "uv": [ 11, 6, 12, 9 ],
            "textureFacing": "north",
            "cull": false
        },
        "south": {
            "uv": [ 11, 6, 12, 9 ],
            "textureFacing": "south",
            "cull": false
        },
        "west": {
            "uv": [ 11, 6, 12, 9 ],
            "textureFacing": "down",
            "cull": false
        },
        "east": {
            "uv": [ 11, 6, 12, 9 ],
            "textureFacing": "east",
            "cull": false
        }
    }
},
{
    "type": "cube",
    "from": [ 12, 9, 12 ],
    "to": [ 13, 12, 13 ],
    "faceData": {
        "down": {
            "uv": [ 12, 6, 13, 7 ],
            "textureFacing": "down",
            "cull": false
        },
        "up": {
            "uv": [ 12, 4, 13, 5 ],
            "textureFacing": "up",
            "cull": false
        },
        "north": {
            "uv": [ 12, 4, 13, 7 ],
            "textureFacing": "north",
            "cull": false
        },
        "south": {
            "uv": [ 12, 4, 13, 7 ],
            "textureFacing": "south",
            "cull": false
        },
        "west": {
            "uv": [ 12, 4, 13, 7 ],
            "textureFacing": "down",
            "cull": false
        },
        "east": {
            "uv": [ 12, 4, 13, 7 ],
            "textureFacing": "east",
            "cull": false
        }
    }
},
{
    "type": "cube",
    "from": [ 13, 11, 13 ],
    "to": [ 14, 12, 14 ],
    "faceData": {
        "down": {
            "uv": [ 13, 4, 14, 5 ],
            "textureFacing": "down",
            "cull": false
        },
        "up": {
            "uv": [ 13, 4, 14, 5 ],
            "textureFacing": "up",
            "cull": false
        },
        "north": {
            "uv": [ 13, 4, 14, 5 ],
            "textureFacing": "north",
            "cull": false
        },
        "south": {
            "uv": [ 13, 4, 14, 5 ],
            "textureFacing": "south",
            "cull": false
        },
        "west": {
            "uv": [ 13, 4, 14, 5 ],
            "textureFacing": "down",
            "cull": false
        },
        "east": {
            "uv": [ 13, 4, 14, 5 ],
            "textureFacing": "east",
            "cull": false
        }
    }
}
]
}