{
"__comment": "3D Mesh designed with BDcraft Cubik - Version PRO 0.4.1 Beta",
"inventoryRender3D": false,
"elements": [ 
{
    "type": "cube",
    "from": [ 13, 8, 13 ],
    "to": [ 14, 10, 14 ],
    "faceData": {
        "down": {
            "uv": [ 13, 7, 14, 8 ],
            "textureFacing": "down",
            "cull": false
        },
        "up": {
            "uv": [ 13, 6, 14, 7 ],
            "textureFacing": "up",
            "cull": false
        },
        "north": {
            "uv": [ 13, 6, 14, 8 ],
            "textureFacing": "north",
            "cull": false
        },
        "south": {
            "uv": [ 13, 6, 14, 8 ],
            "textureFacing": "south",
            "cull": false
        },
        "west": {
            "uv": [ 13, 6, 14, 8 ],
            "textureFacing": "down",
            "cull": false
        },
        "east": {
            "uv": [ 13, 6, 14, 8 ],
            "textureFacing": "east",
            "cull": false
        }
    }
},
{
    "type": "cube",
    "from": [ 12, 7, 12 ],
    "to": [ 13, 12, 13 ],
    "faceData": {
        "down": {
            "uv": [ 12, 8, 13, 9 ],
            "textureFacing": "down",
            "cull": false
        },
        "up": {
            "uv": [ 12, 4, 13, 5 ],
            "textureFacing": "up",
            "cull": false
        },
        "north": {
            "uv": [ 12, 4, 13, 9 ],
            "textureFacing": "north",
            "cull": false
        },
        "south": {
            "uv": [ 12, 4, 13, 9 ],
            "textureFacing": "south",
            "cull": false
        },
        "west": {
            "uv": [ 12, 4, 13, 9 ],
            "textureFacing": "down",
            "cull": false
        },
        "east": {
            "uv": [ 12, 4, 13, 9 ],
            "textureFacing": "east",
            "cull": false
        }
    }
},
{
    "type": "cube",
    "from": [ 11, 7, 11 ],
    "to": [ 12, 14, 12 ],
    "faceData": {
        "down": {
            "uv": [ 11, 8, 12, 9 ],
            "textureFacing": "down",
            "cull": false
        },
        "up": {
            "uv": [ 11, 2, 12, 3 ],
            "textureFacing": "up",
            "cull": false
        },
        "north": {
            "uv": [ 11, 2, 12, 9 ],
            "textureFacing": "north",
            "cull": false
        },
        "south": {
            "uv": [ 11, 2, 12, 9 ],
            "textureFacing": "south",
            "cull": false
        },
        "west": {
            "uv": [ 11, 2, 12, 9 ],
            "textureFacing": "down",
            "cull": false
        },
        "east": {
            "uv": [ 11, 2, 12, 9 ],
            "textureFacing": "east",
            "cull": false
        }
    }
},
{
    "type": "cube",
    "from": [ 10, 7, 10 ],
    "to": [ 11, 15, 11 ],
    "faceData": {
        "down": {
            "uv": [ 10, 8, 11, 9 ],
            "textureFacing": "down",
            "cull": false
        },
        "up": {
            "uv": [ 10, 1, 11, 2 ],
            "textureFacing": "up",
            "cull": false
        },
        "north": {
            "uv": [ 10, 1, 11, 9 ],
            "textureFacing": "north",
            "cull": false
        },
        "south": {
            "uv": [ 10, 1, 11, 9 ],
            "textureFacing": "south",
            "cull": false
        },
        "west": {
            "uv": [ 10, 1, 11, 9 ],
            "textureFacing": "down",
            "cull": false
        },
        "east": {
            "uv": [ 10, 1, 11, 9 ],
            "textureFacing": "east",
            "cull": false
        }
    }
},
{
    "type": "cube",
    "from": [ 9, 0, 9 ],
    "to": [ 10, 11, 10 ],
    "faceData": {
        "down": {
            "uv": [ 9, 15, 10, 16 ],
            "textureFacing": "down",
            "cull": false
        },
        "up": {
            "uv": [ 9, 5, 10, 6 ],
            "textureFacing": "up",
            "cull": false
        },
        "north": {
            "uv": [ 9, 5, 10, 16 ],
            "textureFacing": "north",
            "cull": false
        },
        "south": {
            "uv": [ 9, 5, 10, 16 ],
            "textureFacing": "south",
            "cull": false
        },
        "west": {
            "uv": [ 9, 5, 10, 16 ],
            "textureFacing": "down",
            "cull": false
        },
        "east": {
            "uv": [ 9, 5, 10, 16 ],
            "textureFacing": "east",
            "cull": false
        }
    }
},
{
    "type": "cube",
    "from": [ 9, 12, 9 ],
    "to": [ 10, 14, 10 ],
    "faceData": {
        "down": {
            "uv": [ 9, 3, 10, 4 ],
            "textureFacing": "down",
            "cull": false
        },
        "up": {
            "uv": [ 9, 2, 10, 3 ],
            "textureFacing": "up",
            "cull": false
        },
        "north": {
            "uv": [ 9, 2, 10, 4 ],
            "textureFacing": "north",
            "cull": false
        },
        "south": {
            "uv": [ 9, 2, 10, 4 ],
            "textureFacing": "south",
            "cull": false
        },
        "west": {
            "uv": [ 9, 2, 10, 4 ],
            "textureFacing": "down",
            "cull": false
        },
        "east": {
            "uv": [ 9, 2, 10, 4 ],
            "textureFacing": "east",
            "cull": false
        }
    }
},
{
    "type": "cube",
    "from": [ 8, 0, 8 ],
    "to": [ 9, 10, 9 ],
    "faceData": {
        "down": {
            "uv": [ 8, 15, 9, 16 ],
            "textureFacing": "down",
            "cull": false
        },
        "up": {
            "uv": [ 8, 6, 9, 7 ],
            "textureFacing": "up",
            "cull": false
        },
        "north": {
            "uv": [ 8, 6, 9, 16 ],
            "textureFacing": "north",
            "cull": false
        },
        "south": {
            "uv": [ 8, 6, 9, 16 ],
            "textureFacing": "south",
            "cull": false
        },
        "west": {
            "uv": [ 8, 6, 9, 16 ],
            "textureFacing": "down",
            "cull": false
        },
        "east": {
            "uv": [ 8, 6, 9, 16 ],
            "textureFacing": "east",
            "cull": false
        }
    }
},
{
    "type": "cube",
    "from": [ 8, 11, 8 ],
    "to": [ 9, 14, 9 ],
    "faceData": {
        "down": {
            "uv": [ 8, 4, 9, 5 ],
            "textureFacing": "down",
            "cull": false
        },
        "up": {
            "uv": [ 8, 2, 9, 3 ],
            "textureFacing": "up",
            "cull": false
        },
        "north": {
            "uv": [ 8, 2, 9, 5 ],
            "textureFacing": "north",
            "cull": false
        },
        "south": {
            "uv": [ 8, 2, 9, 5 ],
            "textureFacing": "south",
            "cull": false
        },
        "west": {
            "uv": [ 8, 2, 9, 5 ],
            "textureFacing": "down",
            "cull": false
        },
        "east": {
            "uv": [ 8, 2, 9, 5 ],
            "textureFacing": "east",
            "cull": false
        }
    }
},
{
    "type": "cube",
    "from": [ 7, 0, 7 ],
    "to": [ 8, 13, 8 ],
    "faceData": {
        "down": {
            "uv": [ 7, 15, 8, 16 ],
            "textureFacing": "down",
            "cull": false
        },
        "up": {
            "uv": [ 7, 3, 8, 4 ],
            "textureFacing": "up",
            "cull": false
        },
        "north": {
            "uv": [ 7, 3, 8, 16 ],
            "textureFacing": "north",
            "cull": false
        },
        "south": {
            "uv": [ 7, 3, 8, 16 ],
            "textureFacing": "south",
            "cull": false
        },
        "west": {
            "uv": [ 7, 3, 8, 16 ],
            "textureFacing": "down",
            "cull": false
        },
        "east": {
            "uv": [ 7, 3, 8, 16 ],
            "textureFacing": "east",
            "cull": false
        }
    }
},
{
    "type": "cube",
    "from": [ 6, 0, 6 ],
    "to": [ 7, 10, 7 ],
    "faceData": {
        "down": {
            "uv": [ 6, 15, 7, 16 ],
            "textureFacing": "down",
            "cull": false
        },
        "up": {
            "uv": [ 6, 6, 7, 7 ],
            "textureFacing": "up",
            "cull": false
        },
        "north": {
            "uv": [ 6, 6, 7, 16 ],
            "textureFacing": "north",
            "cull": false
        },
        "south": {
            "uv": [ 6, 6, 7, 16 ],
            "textureFacing": "south",
            "cull": false
        },
        "west": {
            "uv": [ 6, 6, 7, 16 ],
            "textureFacing": "down",
            "cull": false
        },
        "east": {
            "uv": [ 6, 6, 7, 16 ],
            "textureFacing": "east",
            "cull": false
        }
    }
},
{
    "type": "cube",
    "from": [ 6, 11, 6 ],
    "to": [ 7, 14, 7 ],
    "faceData": {
        "down": {
            "uv": [ 6, 4, 7, 5 ],
            "textureFacing": "down",
            "cull": false
        },
        "up": {
            "uv": [ 6, 2, 7, 3 ],
            "textureFacing": "up",
            "cull": false
        },
        "north": {
            "uv": [ 6, 2, 7, 5 ],
            "textureFacing": "north",
            "cull": false
        },
        "south": {
            "uv": [ 6, 2, 7, 5 ],
            "textureFacing": "south",
            "cull": false
        },
        "west": {
            "uv": [ 6, 2, 7, 5 ],
            "textureFacing": "down",
            "cull": false
        },
        "east": {
            "uv": [ 6, 2, 7, 5 ],
            "textureFacing": "east",
            "cull": false
        }
    }
},
{
    "type": "cube",
    "from": [ 5, 6, 5 ],
    "to": [ 6, 11, 6 ],
    "faceData": {
        "down": {
            "uv": [ 5, 9, 6, 10 ],
            "textureFacing": "down",
            "cull": false
        },
        "up": {
            "uv": [ 5, 5, 6, 6 ],
            "textureFacing": "up",
            "cull": false
        },
        "north": {
            "uv": [ 5, 5, 6, 10 ],
            "textureFacing": "north",
            "cull": false
        },
        "south": {
            "uv": [ 5, 5, 6, 10 ],
            "textureFacing": "south",
            "cull": false
        },
        "west": {
            "uv": [ 5, 5, 6, 10 ],
            "textureFacing": "down",
            "cull": false
        },
        "east": {
            "uv": [ 5, 5, 6, 10 ],
            "textureFacing": "east",
            "cull": false
        }
    }
},
{
    "type": "cube",
    "from": [ 4, 5, 4 ],
    "to": [ 5, 14, 5 ],
    "faceData": {
        "down": {
            "uv": [ 4, 10, 5, 11 ],
            "textureFacing": "down",
            "cull": false
        },
        "up": {
            "uv": [ 4, 2, 5, 3 ],
            "textureFacing": "up",
            "cull": false
        },
        "north": {
            "uv": [ 4, 2, 5, 11 ],
            "textureFacing": "north",
            "cull": false
        },
        "south": {
            "uv": [ 4, 2, 5, 11 ],
            "textureFacing": "south",
            "cull": false
        },
        "west": {
            "uv": [ 4, 2, 5, 11 ],
            "textureFacing": "down",
            "cull": false
        },
        "east": {
            "uv": [ 4, 2, 5, 11 ],
            "textureFacing": "east",
            "cull": false
        }
    }
},
{
    "type": "cube",
    "from": [ 3, 8, 3 ],
    "to": [ 4, 9, 4 ],
    "faceData": {
        "down": {
            "uv": [ 3, 7, 4, 8 ],
            "textureFacing": "down",
            "cull": false
        },
        "up": {
            "uv": [ 3, 8, 4, 9 ],
            "textureFacing": "up",
            "cull": false
        },
        "north": {
            "uv": [ 3, 7, 4, 8 ],
            "textureFacing": "north",
            "cull": false
        },
        "south": {
            "uv": [ 3, 7, 4, 8 ],
            "textureFacing": "south",
            "cull": false
        },
        "west": {
            "uv": [ 3, 7, 4, 8 ],
            "textureFacing": "down",
            "cull": false
        },
        "east": {
            "uv": [ 3, 7, 4, 8 ],
            "textureFacing": "east",
            "cull": false
        }
    }
},
{
    "type": "cube",
    "from": [ 3, 10, 3 ],
    "to": [ 4, 15, 4 ],
    "faceData": {
        "down": {
            "uv": [ 3, 5, 4, 6 ],
            "textureFacing": "down",
            "cull": false
        },
        "up": {
            "uv": [ 3, 1, 4, 2 ],
            "textureFacing": "up",
            "cull": false
        },
        "north": {
            "uv": [ 3, 1, 4, 6 ],
            "textureFacing": "north",
            "cull": false
        },
        "south": {
            "uv": [ 3, 1, 4, 6 ],
            "textureFacing": "south",
            "cull": false
        },
        "west": {
            "uv": [ 3, 1, 4, 6 ],
            "textureFacing": "down",
            "cull": false
        },
        "east": {
            "uv": [ 3, 1, 4, 6 ],
            "textureFacing": "east",
            "cull": false
        }
    }
},
{
    "type": "cube",
    "from": [ 2, 7, 2 ],
    "to": [ 3, 9, 3 ],
    "faceData": {
        "down": {
            "uv": [ 2, 8, 3, 9 ],
            "textureFacing": "down",
            "cull": false
        },
        "up": {
            "uv": [ 2, 7, 3, 8 ],
            "textureFacing": "up",
            "cull": false
        },
        "north": {
            "uv": [ 2, 7, 3, 9 ],
            "textureFacing": "north",
            "cull": false
        },
        "south": {
            "uv": [ 2, 7, 3, 9 ],
            "textureFacing": "south",
            "cull": false
        },
        "west": {
            "uv": [ 2, 7, 3, 9 ],
            "textureFacing": "down",
            "cull": false
        },
        "east": {
            "uv": [ 2, 7, 3, 9 ],
            "textureFacing": "east",
            "cull": false
        }
    }
},
{
    "type": "cube",
    "from": [ 2, 10, 2 ],
    "to": [ 3, 12, 3 ],
    "faceData": {
        "down": {
            "uv": [ 2, 5, 3, 6 ],
            "textureFacing": "down",
            "cull": false
        },
        "up": {
            "uv": [ 2, 4, 3, 5 ],
            "textureFacing": "up",
            "cull": false
        },
        "north": {
            "uv": [ 2, 4, 3, 6 ],
            "textureFacing": "north",
            "cull": false
        },
        "south": {
            "uv": [ 2, 4, 3, 6 ],
            "textureFacing": "south",
            "cull": false
        },
        "west": {
            "uv": [ 2, 4, 3, 6 ],
            "textureFacing": "down",
            "cull": false
        },
        "east": {
            "uv": [ 2, 4, 3, 6 ],
            "textureFacing": "east",
            "cull": false
        }
    }
},
{
    "type": "cube",
    "from": [ 2, 14, 2 ],
    "to": [ 3, 15, 3 ],
    "faceData": {
        "down": {
            "uv": [ 2, 1, 3, 2 ],
            "textureFacing": "down",
            "cull": false
        },
        "up": {
            "uv": [ 2, 1, 3, 2 ],
            "textureFacing": "up",
            "cull": false
        },
        "north": {
            "uv": [ 2, 1, 3, 2 ],
            "textureFacing": "north",
            "cull": false
        },
        "south": {
            "uv": [ 2, 1, 3, 2 ],
            "textureFacing": "south",
            "cull": false
        },
        "west": {
            "uv": [ 2, 1, 3, 2 ],
            "textureFacing": "down",
            "cull": false
        },
        "east": {
            "uv": [ 2, 1, 3, 2 ],
            "textureFacing": "east",
            "cull": false
        }
    }
},
{
    "type": "cube",
    "from": [ 1, 8, 1 ],
    "to": [ 2, 9, 2 ],
    "faceData": {
        "down": {
            "uv": [ 1, 7, 2, 8 ],
            "textureFacing": "down",
            "cull": false
        },
        "up": {
            "uv": [ 1, 7, 2, 8 ],
            "textureFacing": "up",
            "cull": false
        },
        "north": {
            "uv": [ 1, 7, 2, 8 ],
            "textureFacing": "north",
            "cull": false
        },
        "south": {
            "uv": [ 1, 7, 2, 8 ],
            "textureFacing": "south",
            "cull": false
        },
        "west": {
            "uv": [ 1, 7, 2, 8 ],
            "textureFacing": "down",
            "cull": false
        },
        "east": {
            "uv": [ 1, 7, 2, 8 ],
            "textureFacing": "east",
            "cull": false
        }
    }
},
{
    "type": "cube",
    "from": [ 1, 11, 1 ],
    "to": [ 2, 12, 2 ],
    "faceData": {
        "down": {
            "uv": [ 1, 4, 2, 5 ],
            "textureFacing": "down",
            "cull": false
        },
        "up": {
            "uv": [ 1, 4, 2, 5 ],
            "textureFacing": "up",
            "cull": false
        },
        "north": {
            "uv": [ 1, 4, 2, 5 ],
            "textureFacing": "north",
            "cull": false
        },
        "south": {
            "uv": [ 1, 4, 2, 5 ],
            "textureFacing": "south",
            "cull": false
        },
        "west": {
            "uv": [ 1, 4, 2, 5 ],
            "textureFacing": "down",
            "cull": false
        },
        "east": {
            "uv": [ 1, 4, 2, 5 ],
            "textureFacing": "east",
            "cull": false
        }
    }
},
{
    "type": "cube",
    "from": [ 2, 8, 13 ],
    "to": [ 3, 10, 14 ],
    "faceData": {
        "down": {
            "uv": [ 13, 7, 14, 8 ],
            "textureFacing": "down",
            "cull": false
        },
        "up": {
            "uv": [ 13, 6, 14, 7 ],
            "textureFacing": "up",
            "cull": false
        },
        "north": {
            "uv": [ 13, 6, 14, 8 ],
            "textureFacing": "north",
            "cull": false
        },
        "south": {
            "uv": [ 13, 6, 14, 8 ],
            "textureFacing": "south",
            "cull": false
        },
        "west": {
            "uv": [ 13, 6, 14, 8 ],
            "textureFacing": "down",
            "cull": false
        },
        "east": {
            "uv": [ 13, 6, 14, 8 ],
            "textureFacing": "east",
            "cull": false
        }
    }
},
{
    "type": "cube",
    "from": [ 3, 7, 12 ],
    "to": [ 4, 12, 13 ],
    "faceData": {
        "down": {
            "uv": [ 12, 8, 13, 9 ],
            "textureFacing": "down",
            "cull": false
        },
        "up": {
            "uv": [ 12, 4, 13, 5 ],
            "textureFacing": "up",
            "cull": false
        },
        "north": {
            "uv": [ 12, 4, 13, 9 ],
            "textureFacing": "north",
            "cull": false
        },
        "south": {
            "uv": [ 12, 4, 13, 9 ],
            "textureFacing": "south",
            "cull": false
        },
        "west": {
            "uv": [ 12, 4, 13, 9 ],
            "textureFacing": "down",
            "cull": false
        },
        "east": {
            "uv": [ 12, 4, 13, 9 ],
            "textureFacing": "east",
            "cull": false
        }
    }
},
{
    "type": "cube",
    "from": [ 4, 7, 11 ],
    "to": [ 5, 14, 12 ],
    "faceData": {
        "down": {
            "uv": [ 11, 8, 12, 9 ],
            "textureFacing": "down",
            "cull": false
        },
        "up": {
            "uv": [ 11, 2, 12, 3 ],
            "textureFacing": "up",
            "cull": false
        },
        "north": {
            "uv": [ 11, 2, 12, 9 ],
            "textureFacing": "north",
            "cull": false
        },
        "south": {
            "uv": [ 11, 2, 12, 9 ],
            "textureFacing": "south",
            "cull": false
        },
        "west": {
            "uv": [ 11, 2, 12, 9 ],
            "textureFacing": "down",
            "cull": false
        },
        "east": {
            "uv": [ 11, 2, 12, 9 ],
            "textureFacing": "east",
            "cull": false
        }
    }
},
{
    "type": "cube",
    "from": [ 5, 7, 10 ],
    "to": [ 6, 15, 11 ],
    "faceData": {
        "down": {
            "uv": [ 10, 8, 11, 9 ],
            "textureFacing": "down",
            "cull": false
        },
        "up": {
            "uv": [ 10, 1, 11, 2 ],
            "textureFacing": "up",
            "cull": false
        },
        "north": {
            "uv": [ 10, 1, 11, 9 ],
            "textureFacing": "north",
            "cull": false
        },
        "south": {
            "uv": [ 10, 1, 11, 9 ],
            "textureFacing": "south",
            "cull": false
        },
        "west": {
            "uv": [ 10, 1, 11, 9 ],
            "textureFacing": "down",
            "cull": false
        },
        "east": {
            "uv": [ 10, 1, 11, 9 ],
            "textureFacing": "east",
            "cull": false
        }
    }
},
{
    "type": "cube",
    "from": [ 6, 0, 9 ],
    "to": [ 7, 11, 10 ],
    "faceData": {
        "down": {
            "uv": [ 9, 15, 10, 16 ],
            "textureFacing": "down",
            "cull": false
        },
        "up": {
            "uv": [ 9, 5, 10, 6 ],
            "textureFacing": "up",
            "cull": false
        },
        "north": {
            "uv": [ 9, 5, 10, 16 ],
            "textureFacing": "north",
            "cull": false
        },
        "south": {
            "uv": [ 9, 5, 10, 16 ],
            "textureFacing": "south",
            "cull": false
        },
        "west": {
            "uv": [ 9, 5, 10, 16 ],
            "textureFacing": "down",
            "cull": false
        },
        "east": {
            "uv": [ 9, 5, 10, 16 ],
            "textureFacing": "east",
            "cull": false
        }
    }
},
{
    "type": "cube",
    "from": [ 6, 12, 9 ],
    "to": [ 7, 14, 10 ],
    "faceData": {
        "down": {
            "uv": [ 9, 3, 10, 4 ],
            "textureFacing": "down",
            "cull": false
        },
        "up": {
            "uv": [ 9, 2, 10, 3 ],
            "textureFacing": "up",
            "cull": false
        },
        "north": {
            "uv": [ 9, 2, 10, 4 ],
            "textureFacing": "north",
            "cull": false
        },
        "south": {
            "uv": [ 9, 2, 10, 4 ],
            "textureFacing": "south",
            "cull": false
        },
        "west": {
            "uv": [ 9, 2, 10, 4 ],
            "textureFacing": "down",
            "cull": false
        },
        "east": {
            "uv": [ 9, 2, 10, 4 ],
            "textureFacing": "east",
            "cull": false
        }
    }
},
{
    "type": "cube",
    "from": [ 7, 0, 8 ],
    "to": [ 8, 10, 9 ],
    "faceData": {
        "down": {
            "uv": [ 8, 15, 9, 16 ],
            "textureFacing": "down",
            "cull": false
        },
        "up": {
            "uv": [ 8, 6, 9, 7 ],
            "textureFacing": "up",
            "cull": false
        },
        "north": {
            "uv": [ 8, 6, 9, 16 ],
            "textureFacing": "north",
            "cull": false
        },
        "south": {
            "uv": [ 8, 6, 9, 16 ],
            "textureFacing": "south",
            "cull": false
        },
        "west": {
            "uv": [ 8, 6, 9, 16 ],
            "textureFacing": "down",
            "cull": false
        },
        "east": {
            "uv": [ 8, 6, 9, 16 ],
            "textureFacing": "east",
            "cull": false
        }
    }
},
{
    "type": "cube",
    "from": [ 7, 11, 8 ],
    "to": [ 8, 14, 9 ],
    "faceData": {
        "down": {
            "uv": [ 8, 4, 9, 5 ],
            "textureFacing": "down",
            "cull": false
        },
        "up": {
            "uv": [ 8, 2, 9, 3 ],
            "textureFacing": "up",
            "cull": false
        },
        "north": {
            "uv": [ 8, 2, 9, 5 ],
            "textureFacing": "north",
            "cull": false
        },
        "south": {
            "uv": [ 8, 2, 9, 5 ],
            "textureFacing": "south",
            "cull": false
        },
        "west": {
            "uv": [ 8, 2, 9, 5 ],
            "textureFacing": "down",
            "cull": false
        },
        "east": {
            "uv": [ 8, 2, 9, 5 ],
            "textureFacing": "east",
            "cull": false
        }
    }
},
{
    "type": "cube",
    "from": [ 8, 0, 7 ],
    "to": [ 9, 13, 8 ],
    "faceData": {
        "down": {
            "uv": [ 7, 15, 8, 16 ],
            "textureFacing": "down",
            "cull": false
        },
        "up": {
            "uv": [ 7, 3, 8, 4 ],
            "textureFacing": "up",
            "cull": false
        },
        "north": {
            "uv": [ 7, 3, 8, 16 ],
            "textureFacing": "north",
            "cull": false
        },
        "south": {
            "uv": [ 7, 3, 8, 16 ],
            "textureFacing": "south",
            "cull": false
        },
        "west": {
            "uv": [ 7, 3, 8, 16 ],
            "textureFacing": "down",
            "cull": false
        },
        "east": {
            "uv": [ 7, 3, 8, 16 ],
            "textureFacing": "east",
            "cull": false
        }
    }
},
{
    "type": "cube",
    "from": [ 9, 0, 6 ],
    "to": [ 10, 10, 7 ],
    "faceData": {
        "down": {
            "uv": [ 6, 15, 7, 16 ],
            "textureFacing": "down",
            "cull": false
        },
        "up": {
            "uv": [ 6, 6, 7, 7 ],
            "textureFacing": "up",
            "cull": false
        },
        "north": {
            "uv": [ 6, 6, 7, 16 ],
            "textureFacing": "north",
            "cull": false
        },
        "south": {
            "uv": [ 6, 6, 7, 16 ],
            "textureFacing": "south",
            "cull": false
        },
        "west": {
            "uv": [ 6, 6, 7, 16 ],
            "textureFacing": "down",
            "cull": false
        },
        "east": {
            "uv": [ 6, 6, 7, 16 ],
            "textureFacing": "east",
            "cull": false
        }
    }
},
{
    "type": "cube",
    "from": [ 9, 11, 6 ],
    "to": [ 10, 14, 7 ],
    "faceData": {
        "down": {
            "uv": [ 6, 4, 7, 5 ],
            "textureFacing": "down",
            "cull": false
        },
        "up": {
            "uv": [ 6, 2, 7, 3 ],
            "textureFacing": "up",
            "cull": false
        },
        "north": {
            "uv": [ 6, 2, 7, 5 ],
            "textureFacing": "north",
            "cull": false
        },
        "south": {
            "uv": [ 6, 2, 7, 5 ],
            "textureFacing": "south",
            "cull": false
        },
        "west": {
            "uv": [ 6, 2, 7, 5 ],
            "textureFacing": "down",
            "cull": false
        },
        "east": {
            "uv": [ 6, 2, 7, 5 ],
            "textureFacing": "east",
            "cull": false
        }
    }
},
{
    "type": "cube",
    "from": [ 10, 6, 5 ],
    "to": [ 11, 11, 6 ],
    "faceData": {
        "down": {
            "uv": [ 5, 9, 6, 10 ],
            "textureFacing": "down",
            "cull": false
        },
        "up": {
            "uv": [ 5, 5, 6, 6 ],
            "textureFacing": "up",
            "cull": false
        },
        "north": {
            "uv": [ 5, 5, 6, 10 ],
            "textureFacing": "north",
            "cull": false
        },
        "south": {
            "uv": [ 5, 5, 6, 10 ],
            "textureFacing": "south",
            "cull": false
        },
        "west": {
            "uv": [ 5, 5, 6, 10 ],
            "textureFacing": "down",
            "cull": false
        },
        "east": {
            "uv": [ 5, 5, 6, 10 ],
            "textureFacing": "east",
            "cull": false
        }
    }
},
{
    "type": "cube",
    "from": [ 11, 5, 4 ],
    "to": [ 12, 14, 5 ],
    "faceData": {
        "down": {
            "uv": [ 4, 10, 5, 11 ],
            "textureFacing": "down",
            "cull": false
        },
        "up": {
            "uv": [ 4, 2, 5, 3 ],
            "textureFacing": "up",
            "cull": false
        },
        "north": {
            "uv": [ 4, 2, 5, 11 ],
            "textureFacing": "north",
            "cull": false
        },
        "south": {
            "uv": [ 4, 2, 5, 11 ],
            "textureFacing": "south",
            "cull": false
        },
        "west": {
            "uv": [ 4, 2, 5, 11 ],
            "textureFacing": "down",
            "cull": false
        },
        "east": {
            "uv": [ 4, 2, 5, 11 ],
            "textureFacing": "east",
            "cull": false
        }
    }
},
{
    "type": "cube",
    "from": [ 12, 8, 3 ],
    "to": [ 13, 9, 4 ],
    "faceData": {
        "down": {
            "uv": [ 3, 7, 4, 8 ],
            "textureFacing": "down",
            "cull": false
        },
        "up": {
            "uv": [ 3, 7, 4, 8 ],
            "textureFacing": "up",
            "cull": false
        },
        "north": {
            "uv": [ 3, 7, 4, 8 ],
            "textureFacing": "north",
            "cull": false
        },
        "south": {
            "uv": [ 3, 7, 4, 8 ],
            "textureFacing": "south",
            "cull": false
        },
        "west": {
            "uv": [ 3, 7, 4, 8 ],
            "textureFacing": "down",
            "cull": false
        },
        "east": {
            "uv": [ 3, 7, 4, 8 ],
            "textureFacing": "east",
            "cull": false
        }
    }
},
{
    "type": "cube",
    "from": [ 12, 10, 3 ],
    "to": [ 13, 15, 4 ],
    "faceData": {
        "down": {
            "uv": [ 3, 5, 4, 6 ],
            "textureFacing": "down",
            "cull": false
        },
        "up": {
            "uv": [ 3, 1, 4, 2 ],
            "textureFacing": "up",
            "cull": false
        },
        "north": {
            "uv": [ 3, 1, 4, 6 ],
            "textureFacing": "north",
            "cull": false
        },
        "south": {
            "uv": [ 3, 1, 4, 6 ],
            "textureFacing": "south",
            "cull": false
        },
        "west": {
            "uv": [ 3, 1, 4, 6 ],
            "textureFacing": "down",
            "cull": false
        },
        "east": {
            "uv": [ 3, 1, 4, 6 ],
            "textureFacing": "east",
            "cull": false
        }
    }
},
{
    "type": "cube",
    "from": [ 13, 7, 2 ],
    "to": [ 14, 9, 3 ],
    "faceData": {
        "down": {
            "uv": [ 2, 8, 3, 9 ],
            "textureFacing": "down",
            "cull": false
        },
        "up": {
            "uv": [ 2, 7, 3, 8 ],
            "textureFacing": "up",
            "cull": false
        },
        "north": {
            "uv": [ 2, 7, 3, 9 ],
            "textureFacing": "north",
            "cull": false
        },
        "south": {
            "uv": [ 2, 7, 3, 9 ],
            "textureFacing": "south",
            "cull": false
        },
        "west": {
            "uv": [ 2, 7, 3, 9 ],
            "textureFacing": "down",
            "cull": false
        },
        "east": {
            "uv": [ 2, 7, 3, 9 ],
            "textureFacing": "east",
            "cull": false
        }
    }
},
{
    "type": "cube",
    "from": [ 13, 10, 2 ],
    "to": [ 14, 12, 3 ],
    "faceData": {
        "down": {
            "uv": [ 2, 5, 3, 6 ],
            "textureFacing": "down",
            "cull": false
        },
        "up": {
            "uv": [ 2, 4, 3, 5 ],
            "textureFacing": "up",
            "cull": false
        },
        "north": {
            "uv": [ 2, 4, 3, 6 ],
            "textureFacing": "north",
            "cull": false
        },
        "south": {
            "uv": [ 2, 4, 3, 6 ],
            "textureFacing": "south",
            "cull": false
        },
        "west": {
            "uv": [ 2, 4, 3, 6 ],
            "textureFacing": "down",
            "cull": false
        },
        "east": {
            "uv": [ 2, 4, 3, 6 ],
            "textureFacing": "east",
            "cull": false
        }
    }
},
{
    "type": "cube",
    "from": [ 13, 14, 2 ],
    "to": [ 14, 15, 3 ],
    "faceData": {
        "down": {
            "uv": [ 2, 1, 3, 2 ],
            "textureFacing": "down",
            "cull": false
        },
        "up": {
            "uv": [ 2, 1, 3, 2 ],
            "textureFacing": "up",
            "cull": false
        },
        "north": {
            "uv": [ 2, 1, 3, 2 ],
            "textureFacing": "north",
            "cull": false
        },
        "south": {
            "uv": [ 2, 1, 3, 2 ],
            "textureFacing": "south",
            "cull": false
        },
        "west": {
            "uv": [ 2, 1, 3, 2 ],
            "textureFacing": "down",
            "cull": false
        },
        "east": {
            "uv": [ 2, 1, 3, 2 ],
            "textureFacing": "east",
            "cull": false
        }
    }
},
{
    "type": "cube",
    "from": [ 14, 8, 1 ],
    "to": [ 15, 9, 2 ],
    "faceData": {
        "down": {
            "uv": [ 1, 7, 2, 8 ],
            "textureFacing": "down",
            "cull": false
        },
        "up": {
            "uv": [ 1, 7, 2, 8 ],
            "textureFacing": "up",
            "cull": false
        },
        "north": {
            "uv": [ 1, 7, 2, 8 ],
            "textureFacing": "north",
            "cull": false
        },
        "south": {
            "uv": [ 1, 7, 2, 8 ],
            "textureFacing": "south",
            "cull": false
        },
        "west": {
            "uv": [ 1, 7, 2, 8 ],
            "textureFacing": "down",
            "cull": false
        },
        "east": {
            "uv": [ 1, 7, 2, 8 ],
            "textureFacing": "east",
            "cull": false
        }
    }
},
{
    "type": "cube",
    "from": [ 14, 11, 1 ],
    "to": [ 15, 12, 2 ],
    "faceData": {
        "down": {
            "uv": [ 1, 4, 2, 5 ],
            "textureFacing": "down",
            "cull": false
        },
        "up": {
            "uv": [ 1, 4, 2, 5 ],
            "textureFacing": "up",
            "cull": false
        },
        "north": {
            "uv": [ 1, 4, 2, 5 ],
            "textureFacing": "north",
            "cull": false
        },
        "south": {
            "uv": [ 1, 4, 2, 5 ],
            "textureFacing": "south",
            "cull": false
        },
        "west": {
            "uv": [ 1, 4, 2, 5 ],
            "textureFacing": "down",
            "cull": false
        },
        "east": {
            "uv": [ 1, 4, 2, 5 ],
            "textureFacing": "east",
            "cull": false
        }
    }
}
]
}