{
"__comment": "3D Stem Disconnected",
"elements": [ 
{
    "type": "cube",
    "from": [ 7, -10, 7 ],
    "to": [ 8.5, 1, 8.5 ],
    "faceData": {
        "down": {
            "uv": [ 7, 7, 8, 9 ],
            "textureFacing": "down",
            "cull": false,
            "tint": true
        },
        "up": {
            "uv": [ 7, 7, 8, 9 ],
            "textureFacing": "down",
            "cull": false,
            "tint": true
        },
        "north": {
            "uv": [ 7, 5, 9, 16 ],
            "textureFacing": "down",
            "cull": false,
            "tint": true
        },
        "south": {
            "uv": [ 7, 5, 9, 16 ],
            "textureFacing": "down",
            "cull": false,
            "tint": true
        },
        "west": {
            "uv": [ 9, 5, 7, 16 ],
            "textureFacing": "down",
            "cull": false,
            "tint": true
        },
        "east": {
            "uv": [ 9, 5, 7, 16 ],
            "textureFacing": "down",
            "cull": false,
            "tint": true
        }
    }
},
{
    "type": "cube",
    "from": [ 6, 3, 6 ],
    "to": [ 7, 5, 7 ],
    "faceData": {
        "down": {
            "uv": [ 6, 3, 7, 4 ],
            "textureFacing": "down",
            "cull": false,
            "tint": true
        },
        "up": {
            "uv": [ 6, 1, 7, 2 ],
            "textureFacing": "down",
            "cull": false,
            "tint": true
        },
        "north": {
            "uv": [ 6, 1, 7, 4 ],
            "textureFacing": "down",
            "cull": false,
            "tint": true
        },
        "south": {
            "uv": [ 6, 1, 7, 4 ],
            "textureFacing": "down",
            "cull": false,
            "tint": true
        },
        "west": {
            "uv": [ 6, 1, 7, 4 ],
            "textureFacing": "down",
            "cull": false,
            "tint": true
        },
        "east": {
            "uv": [ 6, 1, 7, 4 ],
            "textureFacing": "down",
            "cull": false,
            "tint": true
        }
    }
},
{
    "type": "cube",
    "from": [ 7, 1, 7 ],
    "to": [ 8, 4, 8 ],
    "faceData": {
        "down": {
            "uv": [ 7, 3, 8, 4 ],
            "textureFacing": "down",
            "cull": false,
            "tint": true
        },
        "up": {
            "uv": [ 7, 2, 8, 3 ],
            "textureFacing": "down",
            "cull": false,
            "tint": true
        },
        "north": {
            "uv": [ 7, 2, 8, 5 ],
            "textureFacing": "down",
            "cull": false,
            "tint": true
        },
        "south": {
            "uv": [ 7, 2, 8, 5 ],
            "textureFacing": "down",
            "cull": false,
            "tint": true
        },
        "west": {
            "uv": [ 7, 2, 8, 5 ],
            "textureFacing": "down",
            "cull": false,
            "tint": true
        },
        "east": {
            "uv": [ 7, 2, 8, 5 ],
            "textureFacing": "down",
            "cull": false,
            "tint": true
        }
    }
}
]
}