{
    "__comment": "Fair warning, this format is highly likely to change even more in the future!",
    "elements": [
        {   "type": "cube",
            "from": [ 0, 0, 0 ],
            "to": [ 16, 16, 16 ],
            "faceData": {
                "down": {
                    "uv": [ 0, 0, 8, 8 ],
                    "textureFacing": "down"
                },
                "up": {
                    "uv": [ 0, 0, 16, 16 ],
                    "textureFacing": "up"
                },
                "north": {
                    "uv": [ 0, 0, 16, 16 ],
                    "textureFacing": "north"
                },
                "south": {
                    "uv": [ 0, 0, 16, 16 ],
                    "textureFacing": "south"
                },
                "west": {
                    "uv": [ 0, 0, 16, 16 ],
                    "textureFacing": "west"
                },
                "east": {
                    "uv": [ 0, 0, 16, 16 ],
                    "textureFacing": "east"
                }
            }
        },
        {   "type": "cube",
            "from": [ 6, 16, 7 ],
            "to": [ 7, 17, 8 ],
            "faceData": {
                "down": {
                    "uv": [ 8, 8, 9, 9 ],
                    "textureFacing": "down"
                },
                "up": {
                    "uv": [ 6, 6, 7, 7 ],
                    "textureFacing": "up"
                },
                "north": {
                    "uv": [ 6, 6, 7, 7 ],
                    "textureFacing": "north"
                },
                "south": {
                    "uv": [ 6, 6, 7, 7 ],
                    "textureFacing": "south"
                },
                "west": {
                    "uv": [ 6, 6, 7, 7 ],
                    "textureFacing": "west"
                },
                "east": {
                    "uv": [ 6, 6, 7, 7 ],
                    "textureFacing": "east"
                }
            }
        },
        {   "type": "cube",
            "from": [ 8, 16, 7 ],
            "to": [ 9, 17, 8 ],
            "faceData": {
                "down": {
                    "uv": [ 8, 8, 9, 9 ],
                    "textureFacing": "down"
                },
                "up": {
                    "uv": [ 6, 6, 7, 7 ],
                    "textureFacing": "up"
                },
                "north": {
                    "uv": [ 6, 6, 7, 7 ],
                    "textureFacing": "north"
                },
                "south": {
                    "uv": [ 6, 6, 7, 7 ],
                    "textureFacing": "south"
                },
                "west": {
                    "uv": [ 6, 6, 7, 7 ],
                    "textureFacing": "west"
                },
                "east": {
                    "uv": [ 6, 6, 7, 7 ],
                    "textureFacing": "east"
                }
            }
        },
        {   "type": "cube",
            "from": [ 6, 16, 9 ],
            "to": [ 7, 17, 10 ],
            "faceData": {
                "down": {
                    "uv": [ 8, 8, 9, 9 ],
                    "textureFacing": "down"
                },
                "up": {
                    "uv": [ 6, 6, 7, 7 ],
                    "textureFacing": "up"
                },
                "north": {
                    "uv": [ 6, 6, 7, 7 ],
                    "textureFacing": "north"
                },
                "south": {
                    "uv": [ 6, 6, 7, 7 ],
                    "textureFacing": "south"
                },
                "west": {
                    "uv": [ 6, 6, 7, 7 ],
                    "textureFacing": "west"
                },
                "east": {
                    "uv": [ 6, 6, 7, 7 ],
                    "textureFacing": "east"
                }
            }
        },
        {   "type": "cube",
            "from": [ 7, 16, 10 ],
            "to": [ 8, 17, 11 ],
            "faceData": {
                "down": {
                    "uv": [ 8, 8, 9, 9 ],
                    "textureFacing": "down"
                },
                "up": {
                    "uv": [ 6, 6, 7, 7 ],
                    "textureFacing": "up"
                },
                "north": {
                    "uv": [ 6, 6, 7, 7 ],
                    "textureFacing": "north"
                },
                "south": {
                    "uv": [ 6, 6, 7, 7 ],
                    "textureFacing": "south"
                },
                "west": {
                    "uv": [ 6, 6, 7, 7 ],
                    "textureFacing": "west"
                },
                "east": {
                    "uv": [ 6, 6, 7, 7 ],
                    "textureFacing": "east"
                }
            }
        },
        {   "type": "cube",
            "from": [ 9, 16, 9 ],
            "to": [ 10, 17, 10 ],
            "faceData": {
                "down": {
                    "uv": [ 8, 8, 9, 9 ],
                    "textureFacing": "down"
                },
                "up": {
                    "uv": [ 6, 6, 7, 7 ],
                    "textureFacing": "up"
                },
                "north": {
                    "uv": [ 6, 6, 7, 7 ],
                    "textureFacing": "north"
                },
                "south": {
                    "uv": [ 6, 6, 7, 7 ],
                    "textureFacing": "south"
                },
                "west": {
                    "uv": [ 6, 6, 7, 7 ],
                    "textureFacing": "west"
                },
                "east": {
                    "uv": [ 6, 6, 7, 7 ],
                    "textureFacing": "east"
                }
            }
        },
        {   "type": "cube",
            "from": [ 7, 17, 8 ],
            "to": [ 8, 18, 9 ],
            "faceData": {
                "down": {
                    "uv": [ 8, 8, 9, 9 ],
                    "textureFacing": "down"
                },
                "up": {
                    "uv": [ 6, 6, 7, 7 ],
                    "textureFacing": "up"
                },
                "north": {
                    "uv": [ 6, 6, 7, 7 ],
                    "textureFacing": "north"
                },
                "south": {
                    "uv": [ 6, 6, 7, 7 ],
                    "textureFacing": "south"
                },
                "west": {
                    "uv": [ 6, 6, 7, 7 ],
                    "textureFacing": "west"
                },
                "east": {
                    "uv": [ 6, 6, 7, 7 ],
                    "textureFacing": "east"
                }
            }
        },
        {   "type": "cube",
            "from": [ 7, 17, 9 ],
            "to": [ 8, 18, 10 ],
            "faceData": {
                "down": {
                    "uv": [ 8, 8, 9, 9 ],
                    "textureFacing": "down"
                },
                "up": {
                    "uv": [ 6, 6, 7, 7 ],
                    "textureFacing": "up"
                },
                "north": {
                    "uv": [ 6, 6, 7, 7 ],
                    "textureFacing": "north"
                },
                "south": {
                    "uv": [ 6, 6, 7, 7 ],
                    "textureFacing": "south"
                },
                "west": {
                    "uv": [ 6, 6, 7, 7 ],
                    "textureFacing": "west"
                },
                "east": {
                    "uv": [ 6, 6, 7, 7 ],
                    "textureFacing": "east"
                }
            }
        },
        {   "type": "cube",
            "from": [ 8, 17, 9 ],
            "to": [ 9, 18, 10 ],
            "faceData": {
                "down": {
                    "uv": [ 8, 8, 9, 9 ],
                    "textureFacing": "down"
                },
                "up": {
                    "uv": [ 6, 6, 7, 7 ],
                    "textureFacing": "up"
                },
                "north": {
                    "uv": [ 6, 6, 7, 7 ],
                    "textureFacing": "north"
                },
                "south": {
                    "uv": [ 6, 6, 7, 7 ],
                    "textureFacing": "south"
                },
                "west": {
                    "uv": [ 6, 6, 7, 7 ],
                    "textureFacing": "west"
                },
                "east": {
                    "uv": [ 6, 6, 7, 7 ],
                    "textureFacing": "east"
                }
            }
        },
        {   "type": "cube",
            "from": [ 8, 18, 10 ],
            "to": [ 9, 19, 11 ],
            "faceData": {
                "down": {
                    "uv": [ 8, 8, 9, 9 ],
                    "textureFacing": "down"
                },
                "up": {
                    "uv": [ 6, 6, 7, 7 ],
                    "textureFacing": "up"
                },
                "north": {
                    "uv": [ 6, 6, 7, 7 ],
                    "textureFacing": "north"
                },
                "south": {
                    "uv": [ 6, 6, 7, 7 ],
                    "textureFacing": "south"
                },
                "west": {
                    "uv": [ 6, 6, 7, 7 ],
                    "textureFacing": "west"
                },
                "east": {
                    "uv": [ 6, 6, 7, 7 ],
                    "textureFacing": "east"
                }
            }
        },
        {   "type": "cube",
            "from": [ 8, 18, 11 ],
            "to": [ 9, 19, 12 ],
            "faceData": {
                "down": {
                    "uv": [ 8, 8, 9, 9 ],
                    "textureFacing": "down"
                },
                "up": {
                    "uv": [ 6, 6, 7, 7 ],
                    "textureFacing": "up"
                },
                "north": {
                    "uv": [ 6, 6, 7, 7 ],
                    "textureFacing": "north"
                },
                "south": {
                    "uv": [ 6, 6, 7, 7 ],
                    "textureFacing": "south"
                },
                "west": {
                    "uv": [ 6, 6, 7, 7 ],
                    "textureFacing": "west"
                },
                "east": {
                    "uv": [ 6, 6, 7, 7 ],
                    "textureFacing": "east"
                }
            }
        },
        {   "type": "cube",
            "from": [ 9, 19, 12 ],
            "to": [ 11, 20, 13 ],
            "faceData": {
                "down": {
                    "uv": [ 8, 8, 9, 9 ],
                    "textureFacing": "down"
                },
                "up": {
                    "uv": [ 6, 6, 7, 7 ],
                    "textureFacing": "up"
                },
                "north": {
                    "uv": [ 6, 6, 7, 7 ],
                    "textureFacing": "north"
                },
                "south": {
                    "uv": [ 6, 6, 7, 7 ],
                    "textureFacing": "south"
                },
                "west": {
                    "uv": [ 6, 6, 7, 7 ],
                    "textureFacing": "west"
                },
                "east": {
                    "uv": [ 6, 6, 7, 7 ],
                    "textureFacing": "east"
                }
            }
        },
        {   "type": "cube",
            "from": [ 11, 19, 11 ],
            "to": [ 12, 20, 12 ],
            "faceData": {
                "down": {
                    "uv": [ 8, 8, 9, 9 ],
                    "textureFacing": "down"
                },
                "up": {
                    "uv": [ 6, 6, 7, 7 ],
                    "textureFacing": "up"
                },
                "north": {
                    "uv": [ 6, 6, 7, 7 ],
                    "textureFacing": "north"
                },
                "south": {
                    "uv": [ 6, 6, 7, 7 ],
                    "textureFacing": "south"
                },
                "west": {
                    "uv": [ 6, 6, 7, 7 ],
                    "textureFacing": "west"
                },
                "east": {
                    "uv": [ 6, 6, 7, 7 ],
                    "textureFacing": "east"
                }
            }
        },
        {   "type": "cube",
            "from": [ 12, 20, 9 ],
            "to": [ 13, 21, 11 ],
            "faceData": {
                "down": {
                    "uv": [ 8, 8, 9, 9 ],
                    "textureFacing": "down"
                },
                "up": {
                    "uv": [ 6, 6, 7, 7 ],
                    "textureFacing": "up"
                },
                "north": {
                    "uv": [ 6, 6, 7, 7 ],
                    "textureFacing": "north"
                },
                "south": {
                    "uv": [ 6, 6, 7, 7 ],
                    "textureFacing": "south"
                },
                "west": {
                    "uv": [ 6, 6, 7, 7 ],
                    "textureFacing": "west"
                },
                "east": {
                    "uv": [ 6, 6, 7, 7 ],
                    "textureFacing": "east"
                }
            }
        },
        {   "type": "cube",
            "from": [ 13, 20, 6 ],
            "to": [ 14, 21, 9 ],
            "faceData": {
                "down": {
                    "uv": [ 8, 8, 9, 9 ],
                    "textureFacing": "down"
                },
                "up": {
                    "uv": [ 6, 6, 7, 7 ],
                    "textureFacing": "up"
                },
                "north": {
                    "uv": [ 6, 6, 7, 7 ],
                    "textureFacing": "north"
                },
                "south": {
                    "uv": [ 6, 6, 7, 7 ],
                    "textureFacing": "south"
                },
                "west": {
                    "uv": [ 6, 6, 7, 7 ],
                    "textureFacing": "west"
                },
                "east": {
                    "uv": [ 6, 6, 7, 7 ],
                    "textureFacing": "east"
                }
            }
        },
        {   "type": "cube",
            "from": [ 12, 19, 5 ],
            "to": [ 13, 20, 6 ],
            "faceData": {
                "down": {
                    "uv": [ 8, 8, 9, 9 ],
                    "textureFacing": "down"
                },
                "up": {
                    "uv": [ 6, 6, 7, 7 ],
                    "textureFacing": "up"
                },
                "north": {
                    "uv": [ 6, 6, 7, 7 ],
                    "textureFacing": "north"
                },
                "south": {
                    "uv": [ 6, 6, 7, 7 ],
                    "textureFacing": "south"
                },
                "west": {
                    "uv": [ 6, 6, 7, 7 ],
                    "textureFacing": "west"
                },
                "east": {
                    "uv": [ 6, 6, 7, 7 ],
                    "textureFacing": "east"
                }
            }
        },
        {   "type": "cube",
            "from": [ 10, 18, 4 ],
            "to": [ 12, 19, 5 ],
            "faceData": {
                "down": {
                    "uv": [ 8, 8, 9, 9 ],
                    "textureFacing": "down"
                },
                "up": {
                    "uv": [ 6, 6, 7, 7 ],
                    "textureFacing": "up"
                },
                "north": {
                    "uv": [ 6, 6, 7, 7 ],
                    "textureFacing": "north"
                },
                "south": {
                    "uv": [ 6, 6, 7, 7 ],
                    "textureFacing": "south"
                },
                "west": {
                    "uv": [ 6, 6, 7, 7 ],
                    "textureFacing": "west"
                },
                "east": {
                    "uv": [ 6, 6, 7, 7 ],
                    "textureFacing": "east"
                }
            }
        },
        {   "type": "cube",
            "from": [ 9, 17, 3 ],
            "to": [ 10, 18, 4 ],
            "faceData": {
                "down": {
                    "uv": [ 8, 8, 9, 9 ],
                    "textureFacing": "down"
                },
                "up": {
                    "uv": [ 6, 6, 7, 7 ],
                    "textureFacing": "up"
                },
                "north": {
                    "uv": [ 6, 6, 7, 7 ],
                    "textureFacing": "north"
                },
                "south": {
                    "uv": [ 6, 6, 7, 7 ],
                    "textureFacing": "south"
                },
                "west": {
                    "uv": [ 6, 6, 7, 7 ],
                    "textureFacing": "west"
                },
                "east": {
                    "uv": [ 6, 6, 7, 7 ],
                    "textureFacing": "east"
                }
            }
        },
        {   "type": "cube",
            "from": [ 7, 17, 2 ],
            "to": [ 9, 18, 3 ],
            "faceData": {
                "down": {
                    "uv": [ 8, 8, 9, 9 ],
                    "textureFacing": "down"
                },
                "up": {
                    "uv": [ 6, 6, 7, 7 ],
                    "textureFacing": "up"
                },
                "north": {
                    "uv": [ 6, 6, 7, 7 ],
                    "textureFacing": "north"
                },
                "south": {
                    "uv": [ 6, 6, 7, 7 ],
                    "textureFacing": "south"
                },
                "west": {
                    "uv": [ 6, 6, 7, 7 ],
                    "textureFacing": "west"
                },
                "east": {
                    "uv": [ 6, 6, 7, 7 ],
                    "textureFacing": "east"
                }
            }
        },
        {   "type": "cube",
            "from": [ -0.4, 5, -0.4 ],
            "to": [ 16.4, 11, 16.4 ],
            "faceData": {
                "down": {
                    "uv": [ 0.5, 0.5, 1, 1 ],
                    "textureFacing": "down"
                },
                "up": {
                    "uv": [ 1, 1, 2, 2 ],
                    "textureFacing": "up"
                },
                "north": {
                    "uv": [ 0, 5, 16, 11 ],
                    "textureFacing": "north"
                },
                "south": {
                    "uv": [ 0, 5, 16, 11 ],
                    "textureFacing": "south"
                },
                "west": {
                    "uv": [ 0, 5, 16, 11 ],
                    "textureFacing": "west"
                },
                "east": {
                    "uv": [ 0, 5, 16, 11 ],
                    "textureFacing": "east"
                }
            }
        }
    ]
}
