{
    "__comment": "Fair warning, this format is highly likely to change even more in the future!",
    "elements": [
        {   "type": "cube",
            "from": [ 0, 0, 0 ],
            "to": [ 16, 3, 3 ],
            "faceData": {
                "down": {
                    "uv": [ 0, 13, 16, 16 ],
                    "textureFacing": "down",
                    "cull": false
                },
                "up": {
                    "uv": [ 0, 0, 16, 3 ],
                    "textureFacing": "up",
                    "cull": false
                },
                "north": {
                    "uv": [ 0, 16, 16, 13 ],
                    "textureFacing": "north",
                    "cull": false
                },
                "south": {
                    "uv": [ 0, 6, 16, 9 ],
                    "textureFacing": "south",
                    "cull": false
                },
                "west": {
                    "uv": [ 0, 16, 3, 13 ],
                    "textureFacing": "west",
                    "cull": false
                },
                "east": {
                    "uv": [ 13, 16, 16, 13 ],
                    "textureFacing": "east",
                    "cull": false
                }
            }
        },
        {   "type": "cube",
            "from": [ 0, 0, 13 ],
            "to": [ 16, 3, 16 ],
            "faceData": {
                "down": {
                    "uv": [ 0, 0, 16, 3 ],
                    "textureFacing": "down",
                    "cull": false
                },
                "up": {
                    "uv": [ 0, 13, 16, 16 ],
                    "textureFacing": "up",
                    "cull": false
                },
                "north": {
                    "uv": [ 0, 10, 16, 7 ],
                    "textureFacing": "north",
                    "cull": false
                },
                "south": {
                    "uv": [ 0, 16, 16, 13 ],
                    "textureFacing": "south",
                    "cull": false
                },
                "west": {
                    "uv": [ 13, 16, 16, 13 ],
                    "textureFacing": "west",
                    "cull": false
                },
                "east": {
                    "uv": [ 0, 16, 3, 13 ],
                    "textureFacing": "east",
                    "cull": false
                }
            }
        },
        {   "type": "cube",
            "from": [ 0, 0, 0 ],
            "to": [ 3, 3, 16 ],
            "faceData": {
                "down": {
                    "uv": [ 0, 0, 3, 16 ],
                    "textureFacing": "down",
                    "cull": false
                },
                "up": {
                    "uv": [ 0, 0, 3, 16 ],
                    "textureFacing": "up",
                    "cull": false
                },
                "north": {
                    "uv": [ 13, 16, 16, 13 ],
                    "textureFacing": "north",
                    "cull": false
                },
                "south": {
                    "uv": [ 0, 16, 3, 13 ],
                    "textureFacing": "south",
                    "cull": false
                },
                "west": {
                    "uv": [ 0, 16, 16, 13 ],
                    "textureFacing": "west",
                    "cull": false
                },
                "east": {
                    "uv": [ 0, 6, 16, 9 ],
                    "textureFacing": "east",
                    "cull": false
                }
            }
        },
        {   "type": "cube",
            "from": [ 13, 0, 0 ],
            "to": [ 16, 3, 16 ],
            "faceData": {
                "down": {
                    "uv": [ 13, 0, 16, 16 ],
                    "textureFacing": "down",
                    "cull": false
                },
                "up": {
                    "uv": [ 13, 0, 16, 16 ],
                    "textureFacing": "up",
                    "cull": false
                },
                "north": {
                    "uv": [ 0, 16, 3, 13 ],
                    "textureFacing": "north",
                    "cull": false
                },
                "south": {
                    "uv": [ 13, 16, 16, 13 ],
                    "textureFacing": "south",
                    "cull": false
                },
                "west": {
                    "uv": [ 0, 10, 16, 7 ],
                    "textureFacing": "west",
                    "cull": false
                },
                "east": {
                    "uv": [ 0, 16, 16, 13 ],
                    "textureFacing": "east",
                    "cull": false
                }
            }
        },
        {   "type": "cube",
            "from": [ 6, 0, 0 ],
            "to": [ 10, 3, 16 ],
            "faceData": {
                "down": {
                    "uv": [ 6, 0, 10, 16 ],
                    "textureFacing": "down",
                    "cull": false
                },
                "up": {
                    "uv": [ 6, 0, 10, 16 ],
                    "textureFacing": "up",
                    "cull": false
                },
                "north": {
                    "uv": [ 6, 16, 10, 13 ],
                    "textureFacing": "north",
                    "cull": false
                },
                "south": {
                    "uv": [ 6, 16, 10, 13 ],
                    "textureFacing": "south",
                    "cull": false
                },
                "west": {
                    "uv": [ 0, 10, 16, 7 ],
                    "textureFacing": "west",
                    "cull": false
                },
                "east": {
                    "uv": [ 0, 6, 16, 9 ],
                    "textureFacing": "east",
                    "cull": false
                }
            }
        },
        {   "type": "cube",
            "from": [ 0, 0, 6 ],
            "to": [ 16, 3, 10 ],
            "faceData": {
                "down": {
                    "uv": [ 0, 6, 16, 10 ],
                    "textureFacing": "down",
                    "cull": false
                },
                "up": {
                    "uv": [ 0, 6, 16, 10 ],
                    "textureFacing": "up",
                    "cull": false
                },
                "north": {
                    "uv": [ 0, 10, 16, 7 ],
                    "textureFacing": "north",
                    "cull": false
                },
                "south": {
                    "uv": [ 0, 6, 16, 9 ],
                    "textureFacing": "south",
                    "cull": false
                },
                "west": {
                    "uv": [ 6, 16, 10, 13 ],
                    "textureFacing": "west",
                    "cull": false
                },
                "east": {
                    "uv": [ 6, 16, 10, 13 ],
                    "textureFacing": "east",
                    "cull": false
                }
            }
        }
    ]
}
