{
"__comment": "3D Mesh designed with BDcraft Cubik - Version PRO 0.4.1 Beta",
"elements": [ 
{
    "type": "cube",
    "from": [ 13, -1, 3 ],
    "to": [ 14, 0, 4 ],
    "faceData": {
        "down": {
            "uv": [ 13, 15, 14, 16 ],
            "textureFacing": "down",
            "cull": false
        },
        "up": {
            "uv": [ 13, 15, 14, 16 ],
            "textureFacing": "up",
            "cull": false
        },
        "north": {
            "uv": [ 13, 15, 14, 16 ],
            "textureFacing": "north",
            "cull": false
        },
        "south": {
            "uv": [ 13, 15, 14, 16 ],
            "textureFacing": "south",
            "cull": false
        },
        "west": {
            "uv": [ 13, 15, 14, 16 ],
            "textureFacing": "down",
            "cull": false
        },
        "east": {
            "uv": [ 13, 15, 14, 16 ],
            "textureFacing": "east",
            "cull": false
        }
    }
},
{
    "type": "cube",
    "from": [ 13, 2, 3 ],
    "to": [ 14, 3, 4 ],
    "faceData": {
        "down": {
            "uv": [ 13, 12, 14, 13 ],
            "textureFacing": "down",
            "cull": false
        },
        "up": {
            "uv": [ 13, 12, 14, 13 ],
            "textureFacing": "up",
            "cull": false
        },
        "north": {
            "uv": [ 13, 12, 14, 13 ],
            "textureFacing": "north",
            "cull": false
        },
        "south": {
            "uv": [ 13, 12, 14, 13 ],
            "textureFacing": "south",
            "cull": false
        },
        "west": {
            "uv": [ 13, 12, 14, 13 ],
            "textureFacing": "down",
            "cull": false
        },
        "east": {
            "uv": [ 13, 12, 14, 13 ],
            "textureFacing": "east",
            "cull": false
        }
    }
},
{
    "type": "cube",
    "from": [ 12, 3, 3 ],
    "to": [ 13, 4, 4 ],
    "faceData": {
        "down": {
            "uv": [ 12, 11, 13, 12 ],
            "textureFacing": "down",
            "cull": false
        },
        "up": {
            "uv": [ 12, 11, 13, 12 ],
            "textureFacing": "up",
            "cull": false
        },
        "north": {
            "uv": [ 12, 11, 13, 12 ],
            "textureFacing": "north",
            "cull": false
        },
        "south": {
            "uv": [ 12, 11, 13, 12 ],
            "textureFacing": "south",
            "cull": false
        },
        "west": {
            "uv": [ 12, 11, 13, 12 ],
            "textureFacing": "down",
            "cull": false
        },
        "east": {
            "uv": [ 12, 11, 13, 12 ],
            "textureFacing": "east",
            "cull": false
        }
    }
},
{
    "type": "cube",
    "from": [ 11, -1, 3 ],
    "to": [ 12, 3, 4 ],
    "faceData": {
        "down": {
            "uv": [ 11, 15, 12, 16 ],
            "textureFacing": "down",
            "cull": false
        },
        "up": {
            "uv": [ 11, 12, 12, 13 ],
            "textureFacing": "up",
            "cull": false
        },
        "north": {
            "uv": [ 11, 12, 12, 16 ],
            "textureFacing": "north",
            "cull": false
        },
        "south": {
            "uv": [ 11, 12, 12, 16 ],
            "textureFacing": "south",
            "cull": false
        },
        "west": {
            "uv": [ 11, 12, 12, 16 ],
            "textureFacing": "down",
            "cull": false
        },
        "east": {
            "uv": [ 11, 12, 12, 16 ],
            "textureFacing": "east",
            "cull": false
        }
    }
},
{
    "type": "cube",
    "from": [ 10, -1, 3 ],
    "to": [ 11, 1, 4 ],
    "faceData": {
        "down": {
            "uv": [ 10, 15, 11, 16 ],
            "textureFacing": "down",
            "cull": false
        },
        "up": {
            "uv": [ 10, 14, 11, 15 ],
            "textureFacing": "up",
            "cull": false
        },
        "north": {
            "uv": [ 10, 14, 11, 16 ],
            "textureFacing": "north",
            "cull": false
        },
        "south": {
            "uv": [ 10, 14, 11, 16 ],
            "textureFacing": "south",
            "cull": false
        },
        "west": {
            "uv": [ 10, 14, 11, 16 ],
            "textureFacing": "down",
            "cull": false
        },
        "east": {
            "uv": [ 10, 14, 11, 16 ],
            "textureFacing": "east",
            "cull": false
        }
    }
},
{
    "type": "cube",
    "from": [ 9, -1, 3 ],
    "to": [ 10, 2, 4 ],
    "faceData": {
        "down": {
            "uv": [ 9, 15, 10, 16 ],
            "textureFacing": "down",
            "cull": false
        },
        "up": {
            "uv": [ 9, 13, 10, 14 ],
            "textureFacing": "up",
            "cull": false
        },
        "north": {
            "uv": [ 9, 13, 10, 16 ],
            "textureFacing": "north",
            "cull": false
        },
        "south": {
            "uv": [ 9, 13, 10, 16 ],
            "textureFacing": "south",
            "cull": false
        },
        "west": {
            "uv": [ 9, 13, 10, 16 ],
            "textureFacing": "down",
            "cull": false
        },
        "east": {
            "uv": [ 9, 13, 10, 16 ],
            "textureFacing": "east",
            "cull": false
        }
    }
},
{
    "type": "cube",
    "from": [ 8, -1, 3 ],
    "to": [ 9, 4, 4 ],
    "faceData": {
        "down": {
            "uv": [ 8, 15, 9, 16 ],
            "textureFacing": "down",
            "cull": false
        },
        "up": {
            "uv": [ 8, 11, 9, 12 ],
            "textureFacing": "up",
            "cull": false
        },
        "north": {
            "uv": [ 8, 11, 9, 16 ],
            "textureFacing": "north",
            "cull": false
        },
        "south": {
            "uv": [ 8, 11, 9, 16 ],
            "textureFacing": "south",
            "cull": false
        },
        "west": {
            "uv": [ 8, 11, 9, 16 ],
            "textureFacing": "down",
            "cull": false
        },
        "east": {
            "uv": [ 8, 11, 9, 16 ],
            "textureFacing": "east",
            "cull": false
        }
    }
},
{
    "type": "cube",
    "from": [ 7, -1, 3 ],
    "to": [ 8, 6, 4 ],
    "faceData": {
        "down": {
            "uv": [ 7, 15, 8, 16 ],
            "textureFacing": "down",
            "cull": false
        },
        "up": {
            "uv": [ 7, 9, 8, 10 ],
            "textureFacing": "up",
            "cull": false
        },
        "north": {
            "uv": [ 7, 9, 8, 16 ],
            "textureFacing": "north",
            "cull": false
        },
        "south": {
            "uv": [ 7, 9, 8, 16 ],
            "textureFacing": "south",
            "cull": false
        },
        "west": {
            "uv": [ 7, 9, 8, 16 ],
            "textureFacing": "down",
            "cull": false
        },
        "east": {
            "uv": [ 7, 9, 8, 16 ],
            "textureFacing": "east",
            "cull": false
        }
    }
},
{
    "type": "cube",
    "from": [ 6, 5, 3 ],
    "to": [ 7, 7, 4 ],
    "faceData": {
        "down": {
            "uv": [ 6, 9, 7, 10 ],
            "textureFacing": "down",
            "cull": false
        },
        "up": {
            "uv": [ 6, 8, 7, 9 ],
            "textureFacing": "up",
            "cull": false
        },
        "north": {
            "uv": [ 6, 8, 7, 10 ],
            "textureFacing": "north",
            "cull": false
        },
        "south": {
            "uv": [ 6, 8, 7, 10 ],
            "textureFacing": "south",
            "cull": false
        },
        "west": {
            "uv": [ 6, 8, 7, 10 ],
            "textureFacing": "down",
            "cull": false
        },
        "east": {
            "uv": [ 6, 8, 7, 10 ],
            "textureFacing": "east",
            "cull": false
        }
    }
},
{
    "type": "cube",
    "from": [ 6, 1, 3 ],
    "to": [ 7, 2, 4 ],
    "faceData": {
        "down": {
            "uv": [ 6, 13, 7, 14 ],
            "textureFacing": "down",
            "cull": false
        },
        "up": {
            "uv": [ 6, 13, 7, 14 ],
            "textureFacing": "up",
            "cull": false
        },
        "north": {
            "uv": [ 6, 13, 7, 14 ],
            "textureFacing": "north",
            "cull": false
        },
        "south": {
            "uv": [ 6, 13, 7, 14 ],
            "textureFacing": "south",
            "cull": false
        },
        "west": {
            "uv": [ 6, 13, 7, 14 ],
            "textureFacing": "down",
            "cull": false
        },
        "east": {
            "uv": [ 6, 13, 7, 14 ],
            "textureFacing": "east",
            "cull": false
        }
    }
},
{
    "type": "cube",
    "from": [ 5, -1, 3 ],
    "to": [ 6, 1, 4 ],
    "faceData": {
        "down": {
            "uv": [ 5, 15, 6, 16 ],
            "textureFacing": "down",
            "cull": false
        },
        "up": {
            "uv": [ 5, 14, 6, 15 ],
            "textureFacing": "up",
            "cull": false
        },
        "north": {
            "uv": [ 5, 14, 6, 16 ],
            "textureFacing": "north",
            "cull": false
        },
        "south": {
            "uv": [ 5, 14, 6, 16 ],
            "textureFacing": "south",
            "cull": false
        },
        "west": {
            "uv": [ 5, 14, 6, 16 ],
            "textureFacing": "down",
            "cull": false
        },
        "east": {
            "uv": [ 5, 14, 6, 16 ],
            "textureFacing": "east",
            "cull": false
        }
    }
},
{
    "type": "cube",
    "from": [ 5, 2, 3 ],
    "to": [ 6, 3, 4 ],
    "faceData": {
        "down": {
            "uv": [ 5, 12, 6, 13 ],
            "textureFacing": "down",
            "cull": false
        },
        "up": {
            "uv": [ 5, 12, 6, 13 ],
            "textureFacing": "up",
            "cull": false
        },
        "north": {
            "uv": [ 5, 12, 6, 13 ],
            "textureFacing": "north",
            "cull": false
        },
        "south": {
            "uv": [ 5, 12, 6, 13 ],
            "textureFacing": "south",
            "cull": false
        },
        "west": {
            "uv": [ 5, 12, 6, 13 ],
            "textureFacing": "down",
            "cull": false
        },
        "east": {
            "uv": [ 5, 12, 6, 13 ],
            "textureFacing": "east",
            "cull": false
        }
    }
},
{
    "type": "cube",
    "from": [ 3, -1, 3 ],
    "to": [ 5, 2, 4 ],
    "faceData": {
        "down": {
            "uv": [ 3, 15, 5, 16 ],
            "textureFacing": "down",
            "cull": false
        },
        "up": {
            "uv": [ 3, 13, 5, 14 ],
            "textureFacing": "up",
            "cull": false
        },
        "north": {
            "uv": [ 3, 13, 5, 16 ],
            "textureFacing": "north",
            "cull": false
        },
        "south": {
            "uv": [ 3, 13, 5, 16 ],
            "textureFacing": "south",
            "cull": false
        },
        "west": {
            "uv": [ 3, 13, 4, 16 ],
            "textureFacing": "down",
            "cull": false
        },
        "east": {
            "uv": [ 4, 13, 5, 16 ],
            "textureFacing": "east",
            "cull": false
        }
    }
},
{
    "type": "cube",
    "from": [ 0, -1, 3 ],
    "to": [ 1, 0, 4 ],
    "faceData": {
        "down": {
            "uv": [ 0, 15, 1, 16 ],
            "textureFacing": "down",
            "cull": false
        },
        "up": {
            "uv": [ 0, 15, 1, 16 ],
            "textureFacing": "up",
            "cull": false
        },
        "north": {
            "uv": [ 0, 15, 1, 16 ],
            "textureFacing": "north",
            "cull": false
        },
        "south": {
            "uv": [ 0, 15, 1, 16 ],
            "textureFacing": "south",
            "cull": false
        },
        "west": {
            "uv": [ 7, 15, 8, 16 ],
            "textureFacing": "down",
            "cull": false
        },
        "east": {
            "uv": [ 7, 15, 8, 16 ],
            "textureFacing": "east",
            "cull": false
        }
    }
},
{
    "type": "cube",
    "from": [ 1, 3, 3 ],
    "to": [ 2, 5, 4 ],
    "faceData": {
        "down": {
            "uv": [ 1, 11, 2, 12 ],
            "textureFacing": "down",
            "cull": false
        },
        "up": {
            "uv": [ 1, 10, 2, 11 ],
            "textureFacing": "up",
            "cull": false
        },
        "north": {
            "uv": [ 1, 10, 2, 12 ],
            "textureFacing": "north",
            "cull": false
        },
        "south": {
            "uv": [ 1, 10, 2, 12 ],
            "textureFacing": "south",
            "cull": false
        },
        "west": {
            "uv": [ 1, 10, 2, 12 ],
            "textureFacing": "down",
            "cull": false
        },
        "east": {
            "uv": [ 1, 10, 2, 12 ],
            "textureFacing": "east",
            "cull": false
        }
    }
},
{
    "type": "cube",
    "from": [ 2, -1, 3 ],
    "to": [ 3, 4, 4 ],
    "faceData": {
        "down": {
            "uv": [ 2, 15, 3, 16 ],
            "textureFacing": "down",
            "cull": false
        },
        "up": {
            "uv": [ 2, 11, 3, 12 ],
            "textureFacing": "up",
            "cull": false
        },
        "north": {
            "uv": [ 2, 11, 3, 16 ],
            "textureFacing": "north",
            "cull": false
        },
        "south": {
            "uv": [ 2, 11, 3, 16 ],
            "textureFacing": "south",
            "cull": false
        },
        "west": {
            "uv": [ 2, 11, 3, 16 ],
            "textureFacing": "down",
            "cull": false
        },
        "east": {
            "uv": [ 2, 11, 3, 16 ],
            "textureFacing": "east",
            "cull": false
        }
    }
},
{
    "type": "cube",
    "from": [ 12, -1, 13 ],
    "to": [ 13, 0, 14 ],
    "faceData": {
        "down": {
            "uv": [ 13, 15, 14, 16 ],
            "textureFacing": "down",
            "cull": false
        },
        "up": {
            "uv": [ 13, 15, 14, 16 ],
            "textureFacing": "up",
            "cull": false
        },
        "north": {
            "uv": [ 13, 15, 14, 16 ],
            "textureFacing": "north",
            "cull": false
        },
        "south": {
            "uv": [ 13, 15, 14, 16 ],
            "textureFacing": "south",
            "cull": false
        },
        "west": {
            "uv": [ 13, 15, 14, 16 ],
            "textureFacing": "down",
            "cull": false
        },
        "east": {
            "uv": [ 13, 15, 14, 16 ],
            "textureFacing": "east",
            "cull": false
        }
    }
},
{
    "type": "cube",
    "from": [ 12, 2, 13 ],
    "to": [ 13, 3, 14 ],
    "faceData": {
        "down": {
            "uv": [ 13, 12, 14, 13 ],
            "textureFacing": "down",
            "cull": false
        },
        "up": {
            "uv": [ 13, 12, 14, 13 ],
            "textureFacing": "up",
            "cull": false
        },
        "north": {
            "uv": [ 13, 12, 14, 13 ],
            "textureFacing": "north",
            "cull": false
        },
        "south": {
            "uv": [ 13, 12, 14, 13 ],
            "textureFacing": "south",
            "cull": false
        },
        "west": {
            "uv": [ 13, 12, 14, 13 ],
            "textureFacing": "down",
            "cull": false
        },
        "east": {
            "uv": [ 13, 12, 14, 13 ],
            "textureFacing": "east",
            "cull": false
        }
    }
},
{
    "type": "cube",
    "from": [ 12, 3, 12 ],
    "to": [ 13, 4, 13 ],
    "faceData": {
        "down": {
            "uv": [ 12, 11, 13, 12 ],
            "textureFacing": "down",
            "cull": false
        },
        "up": {
            "uv": [ 12, 11, 13, 12 ],
            "textureFacing": "up",
            "cull": false
        },
        "north": {
            "uv": [ 12, 11, 13, 12 ],
            "textureFacing": "north",
            "cull": false
        },
        "south": {
            "uv": [ 12, 11, 13, 12 ],
            "textureFacing": "south",
            "cull": false
        },
        "west": {
            "uv": [ 12, 11, 13, 12 ],
            "textureFacing": "down",
            "cull": false
        },
        "east": {
            "uv": [ 12, 11, 13, 12 ],
            "textureFacing": "east",
            "cull": false
        }
    }
},
{
    "type": "cube",
    "from": [ 12, -1, 11 ],
    "to": [ 13, 3, 12 ],
    "faceData": {
        "down": {
            "uv": [ 11, 15, 12, 16 ],
            "textureFacing": "down",
            "cull": false
        },
        "up": {
            "uv": [ 11, 12, 12, 13 ],
            "textureFacing": "up",
            "cull": false
        },
        "north": {
            "uv": [ 11, 12, 12, 16 ],
            "textureFacing": "north",
            "cull": false
        },
        "south": {
            "uv": [ 11, 12, 12, 16 ],
            "textureFacing": "south",
            "cull": false
        },
        "west": {
            "uv": [ 11, 12, 12, 16 ],
            "textureFacing": "down",
            "cull": false
        },
        "east": {
            "uv": [ 11, 12, 12, 16 ],
            "textureFacing": "east",
            "cull": false
        }
    }
},
{
    "type": "cube",
    "from": [ 12, -1, 10 ],
    "to": [ 13, 1, 11 ],
    "faceData": {
        "down": {
            "uv": [ 10, 15, 11, 16 ],
            "textureFacing": "down",
            "cull": false
        },
        "up": {
            "uv": [ 10, 14, 11, 15 ],
            "textureFacing": "up",
            "cull": false
        },
        "north": {
            "uv": [ 10, 14, 11, 16 ],
            "textureFacing": "north",
            "cull": false
        },
        "south": {
            "uv": [ 10, 14, 11, 16 ],
            "textureFacing": "south",
            "cull": false
        },
        "west": {
            "uv": [ 10, 14, 11, 16 ],
            "textureFacing": "down",
            "cull": false
        },
        "east": {
            "uv": [ 10, 14, 11, 16 ],
            "textureFacing": "east",
            "cull": false
        }
    }
},
{
    "type": "cube",
    "from": [ 12, -1, 9 ],
    "to": [ 13, 2, 10 ],
    "faceData": {
        "down": {
            "uv": [ 9, 15, 10, 16 ],
            "textureFacing": "down",
            "cull": false
        },
        "up": {
            "uv": [ 9, 13, 10, 14 ],
            "textureFacing": "up",
            "cull": false
        },
        "north": {
            "uv": [ 9, 13, 10, 16 ],
            "textureFacing": "north",
            "cull": false
        },
        "south": {
            "uv": [ 9, 13, 10, 16 ],
            "textureFacing": "south",
            "cull": false
        },
        "west": {
            "uv": [ 9, 13, 10, 16 ],
            "textureFacing": "down",
            "cull": false
        },
        "east": {
            "uv": [ 9, 13, 10, 16 ],
            "textureFacing": "east",
            "cull": false
        }
    }
},
{
    "type": "cube",
    "from": [ 12, -1, 8 ],
    "to": [ 13, 4, 9 ],
    "faceData": {
        "down": {
            "uv": [ 8, 15, 9, 16 ],
            "textureFacing": "down",
            "cull": false
        },
        "up": {
            "uv": [ 8, 11, 9, 12 ],
            "textureFacing": "up",
            "cull": false
        },
        "north": {
            "uv": [ 8, 11, 9, 16 ],
            "textureFacing": "north",
            "cull": false
        },
        "south": {
            "uv": [ 8, 11, 9, 16 ],
            "textureFacing": "south",
            "cull": false
        },
        "west": {
            "uv": [ 8, 11, 9, 16 ],
            "textureFacing": "down",
            "cull": false
        },
        "east": {
            "uv": [ 8, 11, 9, 16 ],
            "textureFacing": "east",
            "cull": false
        }
    }
},
{
    "type": "cube",
    "from": [ 12, -1, 7 ],
    "to": [ 13, 6, 8 ],
    "faceData": {
        "down": {
            "uv": [ 7, 15, 8, 16 ],
            "textureFacing": "down",
            "cull": false
        },
        "up": {
            "uv": [ 7, 9, 8, 10 ],
            "textureFacing": "up",
            "cull": false
        },
        "north": {
            "uv": [ 7, 9, 8, 16 ],
            "textureFacing": "north",
            "cull": false
        },
        "south": {
            "uv": [ 7, 9, 8, 16 ],
            "textureFacing": "south",
            "cull": false
        },
        "west": {
            "uv": [ 7, 9, 8, 16 ],
            "textureFacing": "down",
            "cull": false
        },
        "east": {
            "uv": [ 7, 9, 8, 16 ],
            "textureFacing": "east",
            "cull": false
        }
    }
},
{
    "type": "cube",
    "from": [ 12, 5, 6 ],
    "to": [ 13, 7, 7 ],
    "faceData": {
        "down": {
            "uv": [ 6, 9, 7, 10 ],
            "textureFacing": "down",
            "cull": false
        },
        "up": {
            "uv": [ 6, 8, 7, 9 ],
            "textureFacing": "up",
            "cull": false
        },
        "north": {
            "uv": [ 6, 8, 7, 10 ],
            "textureFacing": "north",
            "cull": false
        },
        "south": {
            "uv": [ 6, 8, 7, 10 ],
            "textureFacing": "south",
            "cull": false
        },
        "west": {
            "uv": [ 6, 8, 7, 10 ],
            "textureFacing": "down",
            "cull": false
        },
        "east": {
            "uv": [ 6, 8, 7, 10 ],
            "textureFacing": "east",
            "cull": false
        }
    }
},
{
    "type": "cube",
    "from": [ 12, 1, 6 ],
    "to": [ 13, 2, 7 ],
    "faceData": {
        "down": {
            "uv": [ 6, 13, 7, 14 ],
            "textureFacing": "down",
            "cull": false
        },
        "up": {
            "uv": [ 6, 13, 7, 14 ],
            "textureFacing": "up",
            "cull": false
        },
        "north": {
            "uv": [ 6, 13, 7, 14 ],
            "textureFacing": "north",
            "cull": false
        },
        "south": {
            "uv": [ 6, 13, 7, 14 ],
            "textureFacing": "south",
            "cull": false
        },
        "west": {
            "uv": [ 6, 13, 7, 14 ],
            "textureFacing": "down",
            "cull": false
        },
        "east": {
            "uv": [ 6, 13, 7, 14 ],
            "textureFacing": "east",
            "cull": false
        }
    }
},
{
    "type": "cube",
    "from": [ 12, -1, 5 ],
    "to": [ 13, 1, 6 ],
    "faceData": {
        "down": {
            "uv": [ 5, 15, 6, 16 ],
            "textureFacing": "down",
            "cull": false
        },
        "up": {
            "uv": [ 5, 14, 6, 15 ],
            "textureFacing": "up",
            "cull": false
        },
        "north": {
            "uv": [ 5, 14, 6, 16 ],
            "textureFacing": "north",
            "cull": false
        },
        "south": {
            "uv": [ 5, 14, 6, 16 ],
            "textureFacing": "south",
            "cull": false
        },
        "west": {
            "uv": [ 5, 14, 6, 16 ],
            "textureFacing": "down",
            "cull": false
        },
        "east": {
            "uv": [ 5, 14, 6, 16 ],
            "textureFacing": "east",
            "cull": false
        }
    }
},
{
    "type": "cube",
    "from": [ 12, 2, 5 ],
    "to": [ 13, 3, 6 ],
    "faceData": {
        "down": {
            "uv": [ 5, 12, 6, 13 ],
            "textureFacing": "down",
            "cull": false
        },
        "up": {
            "uv": [ 5, 12, 6, 13 ],
            "textureFacing": "up",
            "cull": false
        },
        "north": {
            "uv": [ 5, 12, 6, 13 ],
            "textureFacing": "north",
            "cull": false
        },
        "south": {
            "uv": [ 5, 12, 6, 13 ],
            "textureFacing": "south",
            "cull": false
        },
        "west": {
            "uv": [ 5, 12, 6, 13 ],
            "textureFacing": "down",
            "cull": false
        },
        "east": {
            "uv": [ 5, 12, 6, 13 ],
            "textureFacing": "east",
            "cull": false
        }
    }
},
{
    "type": "cube",
    "from": [ 12, -1, 3 ],
    "to": [ 13, 2, 5 ],
    "faceData": {
        "down": {
            "uv": [ 3, 15, 5, 16 ],
            "textureFacing": "down",
            "cull": false
        },
        "up": {
            "uv": [ 3, 13, 5, 14 ],
            "textureFacing": "up",
            "cull": false
        },
        "north": {
            "uv": [ 3, 13, 5, 16 ],
            "textureFacing": "north",
            "cull": false
        },
        "south": {
            "uv": [ 3, 13, 5, 16 ],
            "textureFacing": "south",
            "cull": false
        },
        "west": {
            "uv": [ 3, 13, 4, 16 ],
            "textureFacing": "down",
            "cull": false
        },
        "east": {
            "uv": [ 4, 13, 5, 16 ],
            "textureFacing": "east",
            "cull": false
        }
    }
},
{
    "type": "cube",
    "from": [ 12, -1, 0 ],
    "to": [ 13, 0, 1 ],
    "faceData": {
        "down": {
            "uv": [ 0, 15, 1, 16 ],
            "textureFacing": "down",
            "cull": false
        },
        "up": {
            "uv": [ 0, 15, 1, 16 ],
            "textureFacing": "up",
            "cull": false
        },
        "north": {
            "uv": [ 0, 15, 1, 16 ],
            "textureFacing": "north",
            "cull": false
        },
        "south": {
            "uv": [ 0, 15, 1, 16 ],
            "textureFacing": "south",
            "cull": false
        },
        "west": {
            "uv": [ 0, 15, 1, 16 ],
            "textureFacing": "down",
            "cull": false
        },
        "east": {
            "uv": [ 0, 15, 1, 16 ],
            "textureFacing": "east",
            "cull": false
        }
    }
},
{
    "type": "cube",
    "from": [ 12, 3, 1 ],
    "to": [ 13, 5, 2 ],
    "faceData": {
        "down": {
            "uv": [ 1, 11, 2, 12 ],
            "textureFacing": "down",
            "cull": false
        },
        "up": {
            "uv": [ 1, 10, 2, 11 ],
            "textureFacing": "up",
            "cull": false
        },
        "north": {
            "uv": [ 1, 10, 2, 12 ],
            "textureFacing": "north",
            "cull": false
        },
        "south": {
            "uv": [ 1, 10, 2, 12 ],
            "textureFacing": "south",
            "cull": false
        },
        "west": {
            "uv": [ 1, 10, 2, 12 ],
            "textureFacing": "down",
            "cull": false
        },
        "east": {
            "uv": [ 1, 10, 2, 12 ],
            "textureFacing": "east",
            "cull": false
        }
    }
},
{
    "type": "cube",
    "from": [ 12, -1, 2 ],
    "to": [ 13, 4, 3 ],
    "faceData": {
        "down": {
            "uv": [ 2, 15, 3, 16 ],
            "textureFacing": "down",
            "cull": false
        },
        "up": {
            "uv": [ 2, 11, 3, 12 ],
            "textureFacing": "up",
            "cull": false
        },
        "north": {
            "uv": [ 2, 11, 3, 16 ],
            "textureFacing": "north",
            "cull": false
        },
        "south": {
            "uv": [ 2, 11, 3, 16 ],
            "textureFacing": "south",
            "cull": false
        },
        "west": {
            "uv": [ 2, 11, 3, 16 ],
            "textureFacing": "down",
            "cull": false
        },
        "east": {
            "uv": [ 2, 11, 3, 16 ],
            "textureFacing": "east",
            "cull": false
        }
    }
},
{
    "type": "cube",
    "from": [ 2, -1, 12 ],
    "to": [ 3, 0, 13 ],
    "faceData": {
        "down": {
            "uv": [ 13, 15, 14, 16 ],
            "textureFacing": "down",
            "cull": false
        },
        "up": {
            "uv": [ 13, 15, 14, 16 ],
            "textureFacing": "up",
            "cull": false
        },
        "north": {
            "uv": [ 13, 15, 14, 16 ],
            "textureFacing": "north",
            "cull": false
        },
        "south": {
            "uv": [ 13, 15, 14, 16 ],
            "textureFacing": "south",
            "cull": false
        },
        "west": {
            "uv": [ 13, 15, 14, 16 ],
            "textureFacing": "down",
            "cull": false
        },
        "east": {
            "uv": [ 13, 15, 14, 16 ],
            "textureFacing": "east",
            "cull": false
        }
    }
},
{
    "type": "cube",
    "from": [ 2, 2, 12 ],
    "to": [ 3, 3, 13 ],
    "faceData": {
        "down": {
            "uv": [ 13, 12, 14, 13 ],
            "textureFacing": "down",
            "cull": false
        },
        "up": {
            "uv": [ 13, 12, 14, 13 ],
            "textureFacing": "up",
            "cull": false
        },
        "north": {
            "uv": [ 13, 12, 14, 13 ],
            "textureFacing": "north",
            "cull": false
        },
        "south": {
            "uv": [ 13, 12, 14, 13 ],
            "textureFacing": "south",
            "cull": false
        },
        "west": {
            "uv": [ 13, 12, 14, 13 ],
            "textureFacing": "down",
            "cull": false
        },
        "east": {
            "uv": [ 13, 12, 14, 13 ],
            "textureFacing": "east",
            "cull": false
        }
    }
},
{
    "type": "cube",
    "from": [ 3, 3, 12 ],
    "to": [ 4, 4, 13 ],
    "faceData": {
        "down": {
            "uv": [ 12, 11, 13, 12 ],
            "textureFacing": "down",
            "cull": false
        },
        "up": {
            "uv": [ 12, 11, 13, 12 ],
            "textureFacing": "up",
            "cull": false
        },
        "north": {
            "uv": [ 12, 11, 13, 12 ],
            "textureFacing": "north",
            "cull": false
        },
        "south": {
            "uv": [ 12, 11, 13, 12 ],
            "textureFacing": "south",
            "cull": false
        },
        "west": {
            "uv": [ 12, 11, 13, 12 ],
            "textureFacing": "down",
            "cull": false
        },
        "east": {
            "uv": [ 12, 11, 13, 12 ],
            "textureFacing": "east",
            "cull": false
        }
    }
},
{
    "type": "cube",
    "from": [ 4, -1, 12 ],
    "to": [ 5, 3, 13 ],
    "faceData": {
        "down": {
            "uv": [ 11, 15, 12, 16 ],
            "textureFacing": "down",
            "cull": false
        },
        "up": {
            "uv": [ 11, 12, 12, 13 ],
            "textureFacing": "up",
            "cull": false
        },
        "north": {
            "uv": [ 11, 12, 12, 16 ],
            "textureFacing": "north",
            "cull": false
        },
        "south": {
            "uv": [ 11, 12, 12, 16 ],
            "textureFacing": "south",
            "cull": false
        },
        "west": {
            "uv": [ 11, 12, 12, 16 ],
            "textureFacing": "down",
            "cull": false
        },
        "east": {
            "uv": [ 11, 12, 12, 16 ],
            "textureFacing": "east",
            "cull": false
        }
    }
},
{
    "type": "cube",
    "from": [ 5, -1, 12 ],
    "to": [ 6, 1, 13 ],
    "faceData": {
        "down": {
            "uv": [ 10, 15, 11, 16 ],
            "textureFacing": "down",
            "cull": false
        },
        "up": {
            "uv": [ 10, 14, 11, 15 ],
            "textureFacing": "up",
            "cull": false
        },
        "north": {
            "uv": [ 10, 14, 11, 16 ],
            "textureFacing": "north",
            "cull": false
        },
        "south": {
            "uv": [ 10, 14, 11, 16 ],
            "textureFacing": "south",
            "cull": false
        },
        "west": {
            "uv": [ 10, 14, 11, 16 ],
            "textureFacing": "down",
            "cull": false
        },
        "east": {
            "uv": [ 10, 14, 11, 16 ],
            "textureFacing": "east",
            "cull": false
        }
    }
},
{
    "type": "cube",
    "from": [ 6, -1, 12 ],
    "to": [ 7, 2, 13 ],
    "faceData": {
        "down": {
            "uv": [ 9, 15, 10, 16 ],
            "textureFacing": "down",
            "cull": false
        },
        "up": {
            "uv": [ 9, 13, 10, 14 ],
            "textureFacing": "up",
            "cull": false
        },
        "north": {
            "uv": [ 9, 13, 10, 16 ],
            "textureFacing": "north",
            "cull": false
        },
        "south": {
            "uv": [ 9, 13, 10, 16 ],
            "textureFacing": "south",
            "cull": false
        },
        "west": {
            "uv": [ 9, 13, 10, 16 ],
            "textureFacing": "down",
            "cull": false
        },
        "east": {
            "uv": [ 9, 13, 10, 16 ],
            "textureFacing": "east",
            "cull": false
        }
    }
},
{
    "type": "cube",
    "from": [ 7, -1, 12 ],
    "to": [ 8, 4, 13 ],
    "faceData": {
        "down": {
            "uv": [ 8, 15, 9, 16 ],
            "textureFacing": "down",
            "cull": false
        },
        "up": {
            "uv": [ 8, 11, 9, 12 ],
            "textureFacing": "up",
            "cull": false
        },
        "north": {
            "uv": [ 8, 11, 9, 16 ],
            "textureFacing": "north",
            "cull": false
        },
        "south": {
            "uv": [ 8, 11, 9, 16 ],
            "textureFacing": "south",
            "cull": false
        },
        "west": {
            "uv": [ 8, 11, 9, 16 ],
            "textureFacing": "down",
            "cull": false
        },
        "east": {
            "uv": [ 8, 11, 9, 16 ],
            "textureFacing": "east",
            "cull": false
        }
    }
},
{
    "type": "cube",
    "from": [ 8, -1, 12 ],
    "to": [ 9, 6, 13 ],
    "faceData": {
        "down": {
            "uv": [ 7, 15, 8, 16 ],
            "textureFacing": "down",
            "cull": false
        },
        "up": {
            "uv": [ 7, 9, 8, 10 ],
            "textureFacing": "up",
            "cull": false
        },
        "north": {
            "uv": [ 7, 9, 8, 16 ],
            "textureFacing": "north",
            "cull": false
        },
        "south": {
            "uv": [ 7, 9, 8, 16 ],
            "textureFacing": "south",
            "cull": false
        },
        "west": {
            "uv": [ 7, 9, 8, 16 ],
            "textureFacing": "down",
            "cull": false
        },
        "east": {
            "uv": [ 7, 9, 8, 16 ],
            "textureFacing": "east",
            "cull": false
        }
    }
},
{
    "type": "cube",
    "from": [ 9, 5, 12 ],
    "to": [ 10, 7, 13 ],
    "faceData": {
        "down": {
            "uv": [ 6, 9, 7, 10 ],
            "textureFacing": "down",
            "cull": false
        },
        "up": {
            "uv": [ 6, 8, 7, 9 ],
            "textureFacing": "up",
            "cull": false
        },
        "north": {
            "uv": [ 6, 8, 7, 10 ],
            "textureFacing": "north",
            "cull": false
        },
        "south": {
            "uv": [ 6, 8, 7, 10 ],
            "textureFacing": "south",
            "cull": false
        },
        "west": {
            "uv": [ 6, 8, 7, 10 ],
            "textureFacing": "down",
            "cull": false
        },
        "east": {
            "uv": [ 6, 8, 7, 10 ],
            "textureFacing": "east",
            "cull": false
        }
    }
},
{
    "type": "cube",
    "from": [ 9, 1, 12 ],
    "to": [ 10, 2, 13 ],
    "faceData": {
        "down": {
            "uv": [ 6, 13, 7, 14 ],
            "textureFacing": "down",
            "cull": false
        },
        "up": {
            "uv": [ 6, 13, 7, 14 ],
            "textureFacing": "up",
            "cull": false
        },
        "north": {
            "uv": [ 6, 13, 7, 14 ],
            "textureFacing": "north",
            "cull": false
        },
        "south": {
            "uv": [ 6, 13, 7, 14 ],
            "textureFacing": "south",
            "cull": false
        },
        "west": {
            "uv": [ 6, 13, 7, 14 ],
            "textureFacing": "down",
            "cull": false
        },
        "east": {
            "uv": [ 6, 13, 7, 14 ],
            "textureFacing": "east",
            "cull": false
        }
    }
},
{
    "type": "cube",
    "from": [ 10, 2, 12 ],
    "to": [ 11, 3, 13 ],
    "faceData": {
        "down": {
            "uv": [ 5, 12, 6, 13 ],
            "textureFacing": "down",
            "cull": false
        },
        "up": {
            "uv": [ 5, 12, 6, 13 ],
            "textureFacing": "up",
            "cull": false
        },
        "north": {
            "uv": [ 5, 12, 6, 13 ],
            "textureFacing": "north",
            "cull": false
        },
        "south": {
            "uv": [ 5, 12, 6, 13 ],
            "textureFacing": "south",
            "cull": false
        },
        "west": {
            "uv": [ 5, 12, 6, 13 ],
            "textureFacing": "down",
            "cull": false
        },
        "east": {
            "uv": [ 5, 12, 6, 13 ],
            "textureFacing": "east",
            "cull": false
        }
    }
},
{
    "type": "cube",
    "from": [ 10, -1, 12 ],
    "to": [ 11, 1, 13 ],
    "faceData": {
        "down": {
            "uv": [ 5, 15, 6, 16 ],
            "textureFacing": "down",
            "cull": false
        },
        "up": {
            "uv": [ 5, 14, 6, 15 ],
            "textureFacing": "up",
            "cull": false
        },
        "north": {
            "uv": [ 5, 14, 6, 16 ],
            "textureFacing": "north",
            "cull": false
        },
        "south": {
            "uv": [ 5, 14, 6, 16 ],
            "textureFacing": "south",
            "cull": false
        },
        "west": {
            "uv": [ 5, 14, 6, 16 ],
            "textureFacing": "down",
            "cull": false
        },
        "east": {
            "uv": [ 5, 14, 6, 16 ],
            "textureFacing": "east",
            "cull": false
        }
    }
},
{
    "type": "cube",
    "from": [ 11, -1, 12 ],
    "to": [ 13, 2, 13 ],
    "faceData": {
        "down": {
            "uv": [ 3, 15, 5, 16 ],
            "textureFacing": "down",
            "cull": false
        },
        "up": {
            "uv": [ 3, 13, 5, 14 ],
            "textureFacing": "up",
            "cull": false
        },
        "north": {
            "uv": [ 3, 13, 5, 16 ],
            "textureFacing": "north",
            "cull": false
        },
        "south": {
            "uv": [ 3, 13, 5, 16 ],
            "textureFacing": "south",
            "cull": false
        },
        "west": {
            "uv": [ 3, 13, 4, 16 ],
            "textureFacing": "down",
            "cull": false
        },
        "east": {
            "uv": [ 4, 13, 5, 16 ],
            "textureFacing": "east",
            "cull": false
        }
    }
},
{
    "type": "cube",
    "from": [ 15, -1, 12 ],
    "to": [ 16, 0, 13 ],
    "faceData": {
        "down": {
            "uv": [ 0, 15, 1, 16 ],
            "textureFacing": "down",
            "cull": false
        },
        "up": {
            "uv": [ 0, 15, 1, 16 ],
            "textureFacing": "up",
            "cull": false
        },
        "north": {
            "uv": [ 0, 15, 1, 16 ],
            "textureFacing": "north",
            "cull": false
        },
        "south": {
            "uv": [ 0, 15, 1, 16 ],
            "textureFacing": "south",
            "cull": false
        },
        "west": {
            "uv": [ 0, 15, 1, 16 ],
            "textureFacing": "down",
            "cull": false
        },
        "east": {
            "uv": [ 0, 15, 1, 16 ],
            "textureFacing": "east",
            "cull": false
        }
    }
},
{
    "type": "cube",
    "from": [ 14, 3, 12 ],
    "to": [ 15, 5, 13 ],
    "faceData": {
        "down": {
            "uv": [ 1, 11, 2, 12 ],
            "textureFacing": "down",
            "cull": false
        },
        "up": {
            "uv": [ 1, 10, 2, 11 ],
            "textureFacing": "up",
            "cull": false
        },
        "north": {
            "uv": [ 1, 10, 2, 12 ],
            "textureFacing": "north",
            "cull": false
        },
        "south": {
            "uv": [ 1, 10, 2, 12 ],
            "textureFacing": "south",
            "cull": false
        },
        "west": {
            "uv": [ 1, 10, 2, 12 ],
            "textureFacing": "down",
            "cull": false
        },
        "east": {
            "uv": [ 1, 10, 2, 12 ],
            "textureFacing": "east",
            "cull": false
        }
    }
},
{
    "type": "cube",
    "from": [ 13, -1, 12 ],
    "to": [ 14, 4, 13 ],
    "faceData": {
        "down": {
            "uv": [ 2, 15, 3, 16 ],
            "textureFacing": "down",
            "cull": false
        },
        "up": {
            "uv": [ 2, 11, 3, 12 ],
            "textureFacing": "up",
            "cull": false
        },
        "north": {
            "uv": [ 2, 11, 3, 16 ],
            "textureFacing": "north",
            "cull": false
        },
        "south": {
            "uv": [ 2, 11, 3, 16 ],
            "textureFacing": "south",
            "cull": false
        },
        "west": {
            "uv": [ 2, 11, 3, 16 ],
            "textureFacing": "down",
            "cull": false
        },
        "east": {
            "uv": [ 2, 11, 3, 16 ],
            "textureFacing": "east",
            "cull": false
        }
    }
},
{
    "type": "cube",
    "from": [ 3, -1, 2 ],
    "to": [ 4, 0, 3 ],
    "faceData": {
        "down": {
            "uv": [ 13, 15, 14, 16 ],
            "textureFacing": "down",
            "cull": false
        },
        "up": {
            "uv": [ 13, 15, 14, 16 ],
            "textureFacing": "up",
            "cull": false
        },
        "north": {
            "uv": [ 13, 15, 14, 16 ],
            "textureFacing": "north",
            "cull": false
        },
        "south": {
            "uv": [ 13, 15, 14, 16 ],
            "textureFacing": "south",
            "cull": false
        },
        "west": {
            "uv": [ 13, 15, 14, 16 ],
            "textureFacing": "down",
            "cull": false
        },
        "east": {
            "uv": [ 13, 15, 14, 16 ],
            "textureFacing": "east",
            "cull": false
        }
    }
},
{
    "type": "cube",
    "from": [ 3, 2, 2 ],
    "to": [ 4, 3, 3 ],
    "faceData": {
        "down": {
            "uv": [ 13, 12, 14, 13 ],
            "textureFacing": "down",
            "cull": false
        },
        "up": {
            "uv": [ 13, 12, 14, 13 ],
            "textureFacing": "up",
            "cull": false
        },
        "north": {
            "uv": [ 13, 12, 14, 13 ],
            "textureFacing": "north",
            "cull": false
        },
        "south": {
            "uv": [ 13, 12, 14, 13 ],
            "textureFacing": "south",
            "cull": false
        },
        "west": {
            "uv": [ 13, 12, 14, 13 ],
            "textureFacing": "down",
            "cull": false
        },
        "east": {
            "uv": [ 13, 12, 14, 13 ],
            "textureFacing": "east",
            "cull": false
        }
    }
},
{
    "type": "cube",
    "from": [ 3, 3, 3 ],
    "to": [ 4, 4, 4 ],
    "faceData": {
        "down": {
            "uv": [ 12, 11, 13, 12 ],
            "textureFacing": "down",
            "cull": false
        },
        "up": {
            "uv": [ 12, 11, 13, 12 ],
            "textureFacing": "up",
            "cull": false
        },
        "north": {
            "uv": [ 12, 11, 13, 12 ],
            "textureFacing": "north",
            "cull": false
        },
        "south": {
            "uv": [ 12, 11, 13, 12 ],
            "textureFacing": "south",
            "cull": false
        },
        "west": {
            "uv": [ 12, 11, 13, 12 ],
            "textureFacing": "down",
            "cull": false
        },
        "east": {
            "uv": [ 12, 11, 13, 12 ],
            "textureFacing": "east",
            "cull": false
        }
    }
},
{
    "type": "cube",
    "from": [ 3, -1, 4 ],
    "to": [ 4, 3, 5 ],
    "faceData": {
        "down": {
            "uv": [ 11, 15, 12, 16 ],
            "textureFacing": "down",
            "cull": false
        },
        "up": {
            "uv": [ 11, 12, 12, 13 ],
            "textureFacing": "up",
            "cull": false
        },
        "north": {
            "uv": [ 11, 12, 12, 16 ],
            "textureFacing": "north",
            "cull": false
        },
        "south": {
            "uv": [ 11, 12, 12, 16 ],
            "textureFacing": "south",
            "cull": false
        },
        "west": {
            "uv": [ 11, 12, 12, 16 ],
            "textureFacing": "down",
            "cull": false
        },
        "east": {
            "uv": [ 11, 12, 12, 16 ],
            "textureFacing": "east",
            "cull": false
        }
    }
},
{
    "type": "cube",
    "from": [ 3, -1, 5 ],
    "to": [ 4, 1, 6 ],
    "faceData": {
        "down": {
            "uv": [ 10, 15, 11, 16 ],
            "textureFacing": "down",
            "cull": false
        },
        "up": {
            "uv": [ 10, 14, 11, 15 ],
            "textureFacing": "up",
            "cull": false
        },
        "north": {
            "uv": [ 10, 14, 11, 16 ],
            "textureFacing": "north",
            "cull": false
        },
        "south": {
            "uv": [ 10, 14, 11, 16 ],
            "textureFacing": "south",
            "cull": false
        },
        "west": {
            "uv": [ 10, 14, 11, 16 ],
            "textureFacing": "down",
            "cull": false
        },
        "east": {
            "uv": [ 10, 14, 11, 16 ],
            "textureFacing": "east",
            "cull": false
        }
    }
},
{
    "type": "cube",
    "from": [ 3, -1, 6 ],
    "to": [ 4, 2, 7 ],
    "faceData": {
        "down": {
            "uv": [ 9, 15, 10, 16 ],
            "textureFacing": "down",
            "cull": false
        },
        "up": {
            "uv": [ 9, 13, 10, 14 ],
            "textureFacing": "up",
            "cull": false
        },
        "north": {
            "uv": [ 9, 13, 10, 16 ],
            "textureFacing": "north",
            "cull": false
        },
        "south": {
            "uv": [ 9, 13, 10, 16 ],
            "textureFacing": "south",
            "cull": false
        },
        "west": {
            "uv": [ 9, 13, 10, 16 ],
            "textureFacing": "down",
            "cull": false
        },
        "east": {
            "uv": [ 9, 13, 10, 16 ],
            "textureFacing": "east",
            "cull": false
        }
    }
},
{
    "type": "cube",
    "from": [ 3, -1, 7 ],
    "to": [ 4, 4, 8 ],
    "faceData": {
        "down": {
            "uv": [ 8, 15, 9, 16 ],
            "textureFacing": "down",
            "cull": false
        },
        "up": {
            "uv": [ 8, 11, 9, 12 ],
            "textureFacing": "up",
            "cull": false
        },
        "north": {
            "uv": [ 8, 11, 9, 16 ],
            "textureFacing": "north",
            "cull": false
        },
        "south": {
            "uv": [ 8, 11, 9, 16 ],
            "textureFacing": "south",
            "cull": false
        },
        "west": {
            "uv": [ 8, 11, 9, 16 ],
            "textureFacing": "down",
            "cull": false
        },
        "east": {
            "uv": [ 8, 11, 9, 16 ],
            "textureFacing": "east",
            "cull": false
        }
    }
},
{
    "type": "cube",
    "from": [ 3, -1, 8 ],
    "to": [ 4, 6, 9 ],
    "faceData": {
        "down": {
            "uv": [ 7, 15, 8, 16 ],
            "textureFacing": "down",
            "cull": false
        },
        "up": {
            "uv": [ 7, 9, 8, 10 ],
            "textureFacing": "up",
            "cull": false
        },
        "north": {
            "uv": [ 7, 9, 8, 16 ],
            "textureFacing": "north",
            "cull": false
        },
        "south": {
            "uv": [ 7, 9, 8, 16 ],
            "textureFacing": "south",
            "cull": false
        },
        "west": {
            "uv": [ 7, 9, 8, 16 ],
            "textureFacing": "down",
            "cull": false
        },
        "east": {
            "uv": [ 7, 9, 8, 16 ],
            "textureFacing": "east",
            "cull": false
        }
    }
},
{
    "type": "cube",
    "from": [ 3, 5, 9 ],
    "to": [ 4, 7, 10 ],
    "faceData": {
        "down": {
            "uv": [ 6, 9, 7, 10 ],
            "textureFacing": "down",
            "cull": false
        },
        "up": {
            "uv": [ 6, 8, 7, 9 ],
            "textureFacing": "up",
            "cull": false
        },
        "north": {
            "uv": [ 6, 8, 7, 10 ],
            "textureFacing": "north",
            "cull": false
        },
        "south": {
            "uv": [ 6, 8, 7, 10 ],
            "textureFacing": "south",
            "cull": false
        },
        "west": {
            "uv": [ 6, 8, 7, 10 ],
            "textureFacing": "down",
            "cull": false
        },
        "east": {
            "uv": [ 6, 8, 7, 10 ],
            "textureFacing": "east",
            "cull": false
        }
    }
},
{
    "type": "cube",
    "from": [ 3, 1, 9 ],
    "to": [ 4, 2, 10 ],
    "faceData": {
        "down": {
            "uv": [ 6, 13, 7, 14 ],
            "textureFacing": "down",
            "cull": false
        },
        "up": {
            "uv": [ 6, 13, 7, 14 ],
            "textureFacing": "up",
            "cull": false
        },
        "north": {
            "uv": [ 6, 13, 7, 14 ],
            "textureFacing": "north",
            "cull": false
        },
        "south": {
            "uv": [ 6, 13, 7, 14 ],
            "textureFacing": "south",
            "cull": false
        },
        "west": {
            "uv": [ 6, 13, 7, 14 ],
            "textureFacing": "down",
            "cull": false
        },
        "east": {
            "uv": [ 6, 13, 7, 14 ],
            "textureFacing": "east",
            "cull": false
        }
    }
},
{
    "type": "cube",
    "from": [ 3, 2, 10 ],
    "to": [ 4, 3, 11 ],
    "faceData": {
        "down": {
            "uv": [ 5, 12, 6, 13 ],
            "textureFacing": "down",
            "cull": false
        },
        "up": {
            "uv": [ 5, 12, 6, 13 ],
            "textureFacing": "up",
            "cull": false
        },
        "north": {
            "uv": [ 5, 12, 6, 13 ],
            "textureFacing": "north",
            "cull": false
        },
        "south": {
            "uv": [ 5, 12, 6, 13 ],
            "textureFacing": "south",
            "cull": false
        },
        "west": {
            "uv": [ 5, 12, 6, 13 ],
            "textureFacing": "down",
            "cull": false
        },
        "east": {
            "uv": [ 5, 12, 6, 13 ],
            "textureFacing": "east",
            "cull": false
        }
    }
},
{
    "type": "cube",
    "from": [ 3, -1, 10 ],
    "to": [ 4, 1, 11 ],
    "faceData": {
        "down": {
            "uv": [ 5, 15, 6, 16 ],
            "textureFacing": "down",
            "cull": false
        },
        "up": {
            "uv": [ 5, 14, 6, 15 ],
            "textureFacing": "up",
            "cull": false
        },
        "north": {
            "uv": [ 5, 14, 6, 16 ],
            "textureFacing": "north",
            "cull": false
        },
        "south": {
            "uv": [ 5, 14, 6, 16 ],
            "textureFacing": "south",
            "cull": false
        },
        "west": {
            "uv": [ 5, 14, 6, 16 ],
            "textureFacing": "down",
            "cull": false
        },
        "east": {
            "uv": [ 5, 14, 6, 16 ],
            "textureFacing": "east",
            "cull": false
        }
    }
},
{
    "type": "cube",
    "from": [ 3, -1, 11 ],
    "to": [ 4, 2, 13 ],
    "faceData": {
        "down": {
            "uv": [ 3, 15, 5, 16 ],
            "textureFacing": "down",
            "cull": false
        },
        "up": {
            "uv": [ 3, 13, 5, 14 ],
            "textureFacing": "up",
            "cull": false
        },
        "north": {
            "uv": [ 3, 13, 5, 16 ],
            "textureFacing": "north",
            "cull": false
        },
        "south": {
            "uv": [ 3, 13, 5, 16 ],
            "textureFacing": "south",
            "cull": false
        },
        "west": {
            "uv": [ 3, 13, 4, 16 ],
            "textureFacing": "down",
            "cull": false
        },
        "east": {
            "uv": [ 4, 13, 5, 16 ],
            "textureFacing": "east",
            "cull": false
        }
    }
},
{
    "type": "cube",
    "from": [ 3, -1, 15 ],
    "to": [ 4, 0, 16 ],
    "faceData": {
        "down": {
            "uv": [ 0, 15, 1, 16 ],
            "textureFacing": "down",
            "cull": false
        },
        "up": {
            "uv": [ 0, 15, 1, 16 ],
            "textureFacing": "up",
            "cull": false
        },
        "north": {
            "uv": [ 0, 15, 1, 16 ],
            "textureFacing": "north",
            "cull": false
        },
        "south": {
            "uv": [ 0, 15, 1, 16 ],
            "textureFacing": "south",
            "cull": false
        },
        "west": {
            "uv": [ 0, 15, 1, 16 ],
            "textureFacing": "down",
            "cull": false
        },
        "east": {
            "uv": [ 0, 15, 1, 16 ],
            "textureFacing": "east",
            "cull": false
        }
    }
},
{
    "type": "cube",
    "from": [ 3, 3, 14 ],
    "to": [ 4, 5, 15 ],
    "faceData": {
        "down": {
            "uv": [ 1, 11, 2, 12 ],
            "textureFacing": "down",
            "cull": false
        },
        "up": {
            "uv": [ 1, 10, 2, 11 ],
            "textureFacing": "up",
            "cull": false
        },
        "north": {
            "uv": [ 1, 10, 2, 12 ],
            "textureFacing": "north",
            "cull": false
        },
        "south": {
            "uv": [ 1, 10, 2, 12 ],
            "textureFacing": "south",
            "cull": false
        },
        "west": {
            "uv": [ 1, 10, 2, 12 ],
            "textureFacing": "down",
            "cull": false
        },
        "east": {
            "uv": [ 1, 10, 2, 12 ],
            "textureFacing": "east",
            "cull": false
        }
    }
},
{
    "type": "cube",
    "from": [ 3, -1, 13 ],
    "to": [ 4, 4, 14 ],
    "faceData": {
        "down": {
            "uv": [ 2, 15, 3, 16 ],
            "textureFacing": "down",
            "cull": false
        },
        "up": {
            "uv": [ 2, 11, 3, 12 ],
            "textureFacing": "up",
            "cull": false
        },
        "north": {
            "uv": [ 2, 11, 3, 16 ],
            "textureFacing": "north",
            "cull": false
        },
        "south": {
            "uv": [ 2, 11, 3, 16 ],
            "textureFacing": "south",
            "cull": false
        },
        "west": {
            "uv": [ 2, 11, 3, 16 ],
            "textureFacing": "down",
            "cull": false
        },
        "east": {
            "uv": [ 2, 11, 3, 16 ],
            "textureFacing": "east",
            "cull": false
        }
    }
}
]
}