{
"__comment": "",
"elements": [ 
{
    "type": "cube",
    "from": [ 13, 0, 3 ],
    "to": [ 14, 1, 4 ],
    "faceData": {
        "down": {
            "uv": [ 13, 14, 14, 15 ],
            "textureFacing": "down",
            "cull": false
        },
        "up": {
            "uv": [ 13, 14, 14, 15 ],
            "textureFacing": "up",
            "cull": false
        },
        "north": {
            "uv": [ 13, 14, 14, 15 ],
            "textureFacing": "north",
            "cull": false
        },
        "south": {
            "uv": [ 13, 14, 14, 15 ],
            "textureFacing": "south",
            "cull": false
        },
        "west": {
            "uv": [ 13, 14, 14, 15 ],
            "textureFacing": "down",
            "cull": false
        },
        "east": {
            "uv": [ 13, 14, 14, 15 ],
            "textureFacing": "east",
            "cull": false
        }
    }
},
{
    "type": "cube",
    "from": [ 12, 1, 3 ],
    "to": [ 13, 2, 4 ],
    "faceData": {
        "down": {
            "uv": [ 12, 13, 13, 14 ],
            "textureFacing": "down",
            "cull": false
        },
        "up": {
            "uv": [ 12, 13, 13, 14 ],
            "textureFacing": "up",
            "cull": false
        },
        "north": {
            "uv": [ 12, 13, 13, 14 ],
            "textureFacing": "north",
            "cull": false
        },
        "south": {
            "uv": [ 12, 13, 13, 14 ],
            "textureFacing": "south",
            "cull": false
        },
        "west": {
            "uv": [ 12, 13, 13, 14 ],
            "textureFacing": "down",
            "cull": false
        },
        "east": {
            "uv": [ 12, 13, 13, 14 ],
            "textureFacing": "east",
            "cull": false
        }
    }
},
{
    "type": "cube",
    "from": [ 11, -1, 3 ],
    "to": [ 12, 1, 4 ],
    "faceData": {
        "down": {
            "uv": [ 11, 15, 12, 16 ],
            "textureFacing": "down",
            "cull": false
        },
        "up": {
            "uv": [ 11, 14, 12, 15 ],
            "textureFacing": "up",
            "cull": false
        },
        "north": {
            "uv": [ 11, 14, 12, 16 ],
            "textureFacing": "north",
            "cull": false
        },
        "south": {
            "uv": [ 11, 14, 12, 16 ],
            "textureFacing": "south",
            "cull": false
        },
        "west": {
            "uv": [ 11, 14, 12, 16 ],
            "textureFacing": "down",
            "cull": false
        },
        "east": {
            "uv": [ 11, 14, 12, 16 ],
            "textureFacing": "east",
            "cull": false
        }
    }
},
{
    "type": "cube",
    "from": [ 9, -1, 3 ],
    "to": [ 10, 0, 4 ],
    "faceData": {
        "down": {
            "uv": [ 9, 15, 10, 16 ],
            "textureFacing": "down",
            "cull": false
        },
        "up": {
            "uv": [ 9, 15, 10, 16 ],
            "textureFacing": "up",
            "cull": false
        },
        "north": {
            "uv": [ 9, 15, 10, 16 ],
            "textureFacing": "north",
            "cull": false
        },
        "south": {
            "uv": [ 9, 15, 10, 16 ],
            "textureFacing": "south",
            "cull": false
        },
        "west": {
            "uv": [ 9, 15, 10, 16 ],
            "textureFacing": "down",
            "cull": false
        },
        "east": {
            "uv": [ 9, 15, 10, 16 ],
            "textureFacing": "east",
            "cull": false
        }
    }
},
{
    "type": "cube",
    "from": [ 8, -1, 3 ],
    "to": [ 9, 2, 4 ],
    "faceData": {
        "down": {
            "uv": [ 8, 15, 9, 16 ],
            "textureFacing": "down",
            "cull": false
        },
        "up": {
            "uv": [ 8, 13, 9, 14 ],
            "textureFacing": "up",
            "cull": false
        },
        "north": {
            "uv": [ 8, 13, 9, 16 ],
            "textureFacing": "north",
            "cull": false
        },
        "south": {
            "uv": [ 8, 13, 9, 16 ],
            "textureFacing": "south",
            "cull": false
        },
        "west": {
            "uv": [ 8, 13, 9, 16 ],
            "textureFacing": "down",
            "cull": false
        },
        "east": {
            "uv": [ 8, 13, 9, 16 ],
            "textureFacing": "east",
            "cull": false
        }
    }
},
{
    "type": "cube",
    "from": [ 6, 3, 3 ],
    "to": [ 7, 5, 4 ],
    "faceData": {
        "down": {
            "uv": [ 6, 11, 7, 12 ],
            "textureFacing": "down",
            "cull": false
        },
        "up": {
            "uv": [ 6, 10, 7, 11 ],
            "textureFacing": "up",
            "cull": false
        },
        "north": {
            "uv": [ 6, 10, 7, 12 ],
            "textureFacing": "north",
            "cull": false
        },
        "south": {
            "uv": [ 6, 10, 7, 12 ],
            "textureFacing": "south",
            "cull": false
        },
        "west": {
            "uv": [ 6, 10, 7, 12 ],
            "textureFacing": "down",
            "cull": false
        },
        "east": {
            "uv": [ 6, 10, 7, 12 ],
            "textureFacing": "east",
            "cull": false
        }
    }
},
{
    "type": "cube",
    "from": [ 7, -1, 3 ],
    "to": [ 8, 4, 4 ],
    "faceData": {
        "down": {
            "uv": [ 7, 15, 8, 16 ],
            "textureFacing": "down",
            "cull": false
        },
        "up": {
            "uv": [ 7, 11, 8, 12 ],
            "textureFacing": "up",
            "cull": false
        },
        "north": {
            "uv": [ 7, 11, 8, 16 ],
            "textureFacing": "north",
            "cull": false
        },
        "south": {
            "uv": [ 7, 11, 8, 16 ],
            "textureFacing": "south",
            "cull": false
        },
        "west": {
            "uv": [ 7, 11, 8, 16 ],
            "textureFacing": "down",
            "cull": false
        },
        "east": {
            "uv": [ 7, 11, 8, 16 ],
            "textureFacing": "east",
            "cull": false
        }
    }
},
{
    "type": "cube",
    "from": [ 3, -1, 3 ],
    "to": [ 5, 0, 4 ],
    "faceData": {
        "down": {
            "uv": [ 3, 15, 5, 16 ],
            "textureFacing": "down",
            "cull": false
        },
        "up": {
            "uv": [ 3, 15, 5, 16 ],
            "textureFacing": "up",
            "cull": false
        },
        "north": {
            "uv": [ 3, 15, 5, 16 ],
            "textureFacing": "north",
            "cull": false
        },
        "south": {
            "uv": [ 3, 15, 5, 16 ],
            "textureFacing": "south",
            "cull": false
        },
        "west": {
            "uv": [ 3, 15, 4, 16 ],
            "textureFacing": "down",
            "cull": false
        },
        "east": {
            "uv": [ 4, 15, 5, 16 ],
            "textureFacing": "east",
            "cull": false
        }
    }
},
{
    "type": "cube",
    "from": [ 1, 1, 3 ],
    "to": [ 2, 2, 4 ],
    "faceData": {
        "down": {
            "uv": [ 1, 13, 2, 14 ],
            "textureFacing": "down",
            "cull": false
        },
        "up": {
            "uv": [ 1, 13, 2, 14 ],
            "textureFacing": "up",
            "cull": false
        },
        "north": {
            "uv": [ 1, 13, 2, 14 ],
            "textureFacing": "north",
            "cull": false
        },
        "south": {
            "uv": [ 1, 13, 2, 14 ],
            "textureFacing": "south",
            "cull": false
        },
        "west": {
            "uv": [ 1, 13, 2, 14 ],
            "textureFacing": "down",
            "cull": false
        },
        "east": {
            "uv": [ 1, 13, 2, 14 ],
            "textureFacing": "east",
            "cull": false
        }
    }
},
{
    "type": "cube",
    "from": [ 2, -1, 3 ],
    "to": [ 3, 1, 4 ],
    "faceData": {
        "down": {
            "uv": [ 2, 15, 3, 16 ],
            "textureFacing": "down",
            "cull": false
        },
        "up": {
            "uv": [ 2, 14, 3, 15 ],
            "textureFacing": "up",
            "cull": false
        },
        "north": {
            "uv": [ 2, 14, 3, 16 ],
            "textureFacing": "north",
            "cull": false
        },
        "south": {
            "uv": [ 2, 14, 3, 16 ],
            "textureFacing": "south",
            "cull": false
        },
        "west": {
            "uv": [ 2, 14, 3, 16 ],
            "textureFacing": "down",
            "cull": false
        },
        "east": {
            "uv": [ 2, 14, 3, 16 ],
            "textureFacing": "east",
            "cull": false
        }
    }
},
{
    "type": "cube",
    "from": [ 12, 0, 13 ],
    "to": [ 13, 1, 14 ],
    "faceData": {
        "down": {
            "uv": [ 13, 14, 14, 15 ],
            "textureFacing": "down",
            "cull": false
        },
        "up": {
            "uv": [ 13, 14, 14, 15 ],
            "textureFacing": "up",
            "cull": false
        },
        "north": {
            "uv": [ 13, 14, 14, 15 ],
            "textureFacing": "north",
            "cull": false
        },
        "south": {
            "uv": [ 13, 14, 14, 15 ],
            "textureFacing": "south",
            "cull": false
        },
        "west": {
            "uv": [ 13, 14, 14, 15 ],
            "textureFacing": "down",
            "cull": false
        },
        "east": {
            "uv": [ 13, 14, 14, 15 ],
            "textureFacing": "east",
            "cull": false
        }
    }
},
{
    "type": "cube",
    "from": [ 12, 1, 12 ],
    "to": [ 13, 2, 13 ],
    "faceData": {
        "down": {
            "uv": [ 12, 13, 13, 14 ],
            "textureFacing": "down",
            "cull": false
        },
        "up": {
            "uv": [ 12, 13, 13, 14 ],
            "textureFacing": "up",
            "cull": false
        },
        "north": {
            "uv": [ 12, 13, 13, 14 ],
            "textureFacing": "north",
            "cull": false
        },
        "south": {
            "uv": [ 12, 13, 13, 14 ],
            "textureFacing": "south",
            "cull": false
        },
        "west": {
            "uv": [ 12, 13, 13, 14 ],
            "textureFacing": "down",
            "cull": false
        },
        "east": {
            "uv": [ 12, 13, 13, 14 ],
            "textureFacing": "east",
            "cull": false
        }
    }
},
{
    "type": "cube",
    "from": [ 12, -1, 11 ],
    "to": [ 13, 1, 12 ],
    "faceData": {
        "down": {
            "uv": [ 11, 15, 12, 16 ],
            "textureFacing": "down",
            "cull": false
        },
        "up": {
            "uv": [ 11, 14, 12, 15 ],
            "textureFacing": "up",
            "cull": false
        },
        "north": {
            "uv": [ 11, 14, 12, 16 ],
            "textureFacing": "north",
            "cull": false
        },
        "south": {
            "uv": [ 11, 14, 12, 16 ],
            "textureFacing": "south",
            "cull": false
        },
        "west": {
            "uv": [ 11, 14, 12, 16 ],
            "textureFacing": "down",
            "cull": false
        },
        "east": {
            "uv": [ 11, 14, 12, 16 ],
            "textureFacing": "east",
            "cull": false
        }
    }
},
{
    "type": "cube",
    "from": [ 12, -1, 9 ],
    "to": [ 13, 0, 10 ],
    "faceData": {
        "down": {
            "uv": [ 9, 15, 10, 16 ],
            "textureFacing": "down",
            "cull": false
        },
        "up": {
            "uv": [ 9, 15, 10, 16 ],
            "textureFacing": "up",
            "cull": false
        },
        "north": {
            "uv": [ 9, 15, 10, 16 ],
            "textureFacing": "north",
            "cull": false
        },
        "south": {
            "uv": [ 9, 15, 10, 16 ],
            "textureFacing": "south",
            "cull": false
        },
        "west": {
            "uv": [ 9, 15, 10, 16 ],
            "textureFacing": "down",
            "cull": false
        },
        "east": {
            "uv": [ 9, 15, 10, 16 ],
            "textureFacing": "east",
            "cull": false
        }
    }
},
{
    "type": "cube",
    "from": [ 12, -1, 8 ],
    "to": [ 13, 2, 9 ],
    "faceData": {
        "down": {
            "uv": [ 8, 15, 9, 16 ],
            "textureFacing": "down",
            "cull": false
        },
        "up": {
            "uv": [ 8, 13, 9, 14 ],
            "textureFacing": "up",
            "cull": false
        },
        "north": {
            "uv": [ 8, 13, 9, 16 ],
            "textureFacing": "north",
            "cull": false
        },
        "south": {
            "uv": [ 8, 13, 9, 16 ],
            "textureFacing": "south",
            "cull": false
        },
        "west": {
            "uv": [ 8, 13, 9, 16 ],
            "textureFacing": "down",
            "cull": false
        },
        "east": {
            "uv": [ 8, 13, 9, 16 ],
            "textureFacing": "east",
            "cull": false
        }
    }
},
{
    "type": "cube",
    "from": [ 12, 3, 6 ],
    "to": [ 13, 5, 7 ],
    "faceData": {
        "down": {
            "uv": [ 6, 11, 7, 12 ],
            "textureFacing": "down",
            "cull": false
        },
        "up": {
            "uv": [ 6, 10, 7, 11 ],
            "textureFacing": "up",
            "cull": false
        },
        "north": {
            "uv": [ 6, 10, 7, 12 ],
            "textureFacing": "north",
            "cull": false
        },
        "south": {
            "uv": [ 6, 10, 7, 12 ],
            "textureFacing": "south",
            "cull": false
        },
        "west": {
            "uv": [ 6, 10, 7, 12 ],
            "textureFacing": "down",
            "cull": false
        },
        "east": {
            "uv": [ 6, 10, 7, 12 ],
            "textureFacing": "east",
            "cull": false
        }
    }
},
{
    "type": "cube",
    "from": [ 12, -1, 7 ],
    "to": [ 13, 4, 8 ],
    "faceData": {
        "down": {
            "uv": [ 7, 11, 8, 12 ],
            "textureFacing": "down",
            "cull": false
        },
        "up": {
            "uv": [ 7, 11, 8, 12 ],
            "textureFacing": "up",
            "cull": false
        },
        "north": {
            "uv": [ 7, 11, 8, 16 ],
            "textureFacing": "north",
            "cull": false
        },
        "south": {
            "uv": [ 7, 11, 8, 16 ],
            "textureFacing": "south",
            "cull": false
        },
        "west": {
            "uv": [ 7, 11, 8, 16 ],
            "textureFacing": "down",
            "cull": false
        },
        "east": {
            "uv": [ 7, 11, 8, 16 ],
            "textureFacing": "east",
            "cull": false
        }
    }
},
{
    "type": "cube",
    "from": [ 12, -1, 3 ],
    "to": [ 13, 0, 5 ],
    "faceData": {
        "down": {
            "uv": [ 3, 15, 5, 16 ],
            "textureFacing": "down",
            "cull": false
        },
        "up": {
            "uv": [ 3, 15, 5, 16 ],
            "textureFacing": "up",
            "cull": false
        },
        "north": {
            "uv": [ 3, 15, 5, 16 ],
            "textureFacing": "north",
            "cull": false
        },
        "south": {
            "uv": [ 3, 15, 5, 16 ],
            "textureFacing": "south",
            "cull": false
        },
        "west": {
            "uv": [ 3, 15, 4, 16 ],
            "textureFacing": "down",
            "cull": false
        },
        "east": {
            "uv": [ 4, 15, 5, 16 ],
            "textureFacing": "east",
            "cull": false
        }
    }
},
{
    "type": "cube",
    "from": [ 12, 1, 1 ],
    "to": [ 13, 2, 2 ],
    "faceData": {
        "down": {
            "uv": [ 1, 13, 2, 14 ],
            "textureFacing": "down",
            "cull": false
        },
        "up": {
            "uv": [ 1, 13, 2, 14 ],
            "textureFacing": "up",
            "cull": false
        },
        "north": {
            "uv": [ 1, 13, 2, 14 ],
            "textureFacing": "north",
            "cull": false
        },
        "south": {
            "uv": [ 1, 13, 2, 14 ],
            "textureFacing": "south",
            "cull": false
        },
        "west": {
            "uv": [ 1, 13, 2, 14 ],
            "textureFacing": "down",
            "cull": false
        },
        "east": {
            "uv": [ 1, 13, 2, 14 ],
            "textureFacing": "east",
            "cull": false
        }
    }
},
{
    "type": "cube",
    "from": [ 12, -1, 2 ],
    "to": [ 13, 1, 3 ],
    "faceData": {
        "down": {
            "uv": [ 2, 15, 3, 16 ],
            "textureFacing": "down",
            "cull": false
        },
        "up": {
            "uv": [ 2, 14, 3, 15 ],
            "textureFacing": "up",
            "cull": false
        },
        "north": {
            "uv": [ 2, 14, 3, 16 ],
            "textureFacing": "north",
            "cull": false
        },
        "south": {
            "uv": [ 2, 14, 3, 16 ],
            "textureFacing": "south",
            "cull": false
        },
        "west": {
            "uv": [ 2, 14, 3, 16 ],
            "textureFacing": "down",
            "cull": false
        },
        "east": {
            "uv": [ 2, 14, 3, 16 ],
            "textureFacing": "east",
            "cull": false
        }
    }
},
{
    "type": "cube",
    "from": [ 2, 0, 12 ],
    "to": [ 3, 1, 13 ],
    "faceData": {
        "down": {
            "uv": [ 13, 14, 14, 15 ],
            "textureFacing": "down",
            "cull": false
        },
        "up": {
            "uv": [ 13, 14, 14, 15 ],
            "textureFacing": "up",
            "cull": false
        },
        "north": {
            "uv": [ 13, 14, 14, 15 ],
            "textureFacing": "north",
            "cull": false
        },
        "south": {
            "uv": [ 13, 14, 14, 15 ],
            "textureFacing": "south",
            "cull": false
        },
        "west": {
            "uv": [ 13, 14, 14, 15 ],
            "textureFacing": "down",
            "cull": false
        },
        "east": {
            "uv": [ 13, 14, 14, 15 ],
            "textureFacing": "east",
            "cull": false
        }
    }
},
{
    "type": "cube",
    "from": [ 3, 1, 12 ],
    "to": [ 4, 2, 13 ],
    "faceData": {
        "down": {
            "uv": [ 12, 13, 13, 14 ],
            "textureFacing": "down",
            "cull": false
        },
        "up": {
            "uv": [ 12, 13, 13, 14 ],
            "textureFacing": "up",
            "cull": false
        },
        "north": {
            "uv": [ 12, 13, 13, 14 ],
            "textureFacing": "north",
            "cull": false
        },
        "south": {
            "uv": [ 12, 13, 13, 14 ],
            "textureFacing": "south",
            "cull": false
        },
        "west": {
            "uv": [ 12, 13, 13, 14 ],
            "textureFacing": "down",
            "cull": false
        },
        "east": {
            "uv": [ 12, 13, 13, 14 ],
            "textureFacing": "east",
            "cull": false
        }
    }
},
{
    "type": "cube",
    "from": [ 4, -1, 12 ],
    "to": [ 5, 1, 13 ],
    "faceData": {
        "down": {
            "uv": [ 11, 15, 12, 16 ],
            "textureFacing": "down",
            "cull": false
        },
        "up": {
            "uv": [ 11, 14, 12, 15 ],
            "textureFacing": "up",
            "cull": false
        },
        "north": {
            "uv": [ 11, 14, 12, 16 ],
            "textureFacing": "north",
            "cull": false
        },
        "south": {
            "uv": [ 11, 14, 12, 16 ],
            "textureFacing": "south",
            "cull": false
        },
        "west": {
            "uv": [ 11, 14, 12, 16 ],
            "textureFacing": "down",
            "cull": false
        },
        "east": {
            "uv": [ 11, 14, 12, 16 ],
            "textureFacing": "east",
            "cull": false
        }
    }
},
{
    "type": "cube",
    "from": [ 6, -1, 12 ],
    "to": [ 7, 0, 13 ],
    "faceData": {
        "down": {
            "uv": [ 9, 15, 10, 16 ],
            "textureFacing": "down",
            "cull": false
        },
        "up": {
            "uv": [ 9, 15, 10, 16 ],
            "textureFacing": "up",
            "cull": false
        },
        "north": {
            "uv": [ 9, 15, 10, 16 ],
            "textureFacing": "north",
            "cull": false
        },
        "south": {
            "uv": [ 9, 15, 10, 16 ],
            "textureFacing": "south",
            "cull": false
        },
        "west": {
            "uv": [ 9, 15, 10, 16 ],
            "textureFacing": "down",
            "cull": false
        },
        "east": {
            "uv": [ 9, 15, 10, 16 ],
            "textureFacing": "east",
            "cull": false
        }
    }
},
{
    "type": "cube",
    "from": [ 7, -1, 12 ],
    "to": [ 8, 2, 13 ],
    "faceData": {
        "down": {
            "uv": [ 8, 15, 9, 16 ],
            "textureFacing": "down",
            "cull": false
        },
        "up": {
            "uv": [ 8, 13, 9, 14 ],
            "textureFacing": "up",
            "cull": false
        },
        "north": {
            "uv": [ 8, 13, 9, 16 ],
            "textureFacing": "north",
            "cull": false
        },
        "south": {
            "uv": [ 8, 13, 9, 16 ],
            "textureFacing": "south",
            "cull": false
        },
        "west": {
            "uv": [ 8, 13, 9, 16 ],
            "textureFacing": "down",
            "cull": false
        },
        "east": {
            "uv": [ 8, 13, 9, 16 ],
            "textureFacing": "east",
            "cull": false
        }
    }
},
{
    "type": "cube",
    "from": [ 9, 3, 12 ],
    "to": [ 10, 5, 13 ],
    "faceData": {
        "down": {
            "uv": [ 6, 11, 7, 12 ],
            "textureFacing": "down",
            "cull": false
        },
        "up": {
            "uv": [ 6, 10, 7, 11 ],
            "textureFacing": "up",
            "cull": false
        },
        "north": {
            "uv": [ 6, 10, 7, 12 ],
            "textureFacing": "north",
            "cull": false
        },
        "south": {
            "uv": [ 6, 10, 7, 12 ],
            "textureFacing": "south",
            "cull": false
        },
        "west": {
            "uv": [ 6, 10, 7, 12 ],
            "textureFacing": "down",
            "cull": false
        },
        "east": {
            "uv": [ 6, 10, 7, 12 ],
            "textureFacing": "east",
            "cull": false
        }
    }
},
{
    "type": "cube",
    "from": [ 8, -1, 12 ],
    "to": [ 9, 4, 13 ],
    "faceData": {
        "down": {
            "uv": [ 7, 15, 8, 16 ],
            "textureFacing": "down",
            "cull": false
        },
        "up": {
            "uv": [ 7, 11, 8, 12 ],
            "textureFacing": "up",
            "cull": false
        },
        "north": {
            "uv": [ 7, 11, 8, 16 ],
            "textureFacing": "north",
            "cull": false
        },
        "south": {
            "uv": [ 7, 11, 8, 16 ],
            "textureFacing": "south",
            "cull": false
        },
        "west": {
            "uv": [ 7, 11, 8, 16 ],
            "textureFacing": "down",
            "cull": false
        },
        "east": {
            "uv": [ 7, 11, 8, 16 ],
            "textureFacing": "east",
            "cull": false
        }
    }
},
{
    "type": "cube",
    "from": [ 11, -1, 12 ],
    "to": [ 13, 0, 13 ],
    "faceData": {
        "down": {
            "uv": [ 3, 15, 5, 16 ],
            "textureFacing": "down",
            "cull": false
        },
        "up": {
            "uv": [ 3, 15, 5, 16 ],
            "textureFacing": "up",
            "cull": false
        },
        "north": {
            "uv": [ 3, 15, 5, 16 ],
            "textureFacing": "north",
            "cull": false
        },
        "south": {
            "uv": [ 3, 15, 5, 16 ],
            "textureFacing": "south",
            "cull": false
        },
        "west": {
            "uv": [ 3, 15, 4, 16 ],
            "textureFacing": "down",
            "cull": false
        },
        "east": {
            "uv": [ 4, 15, 5, 16 ],
            "textureFacing": "east",
            "cull": false
        }
    }
},
{
    "type": "cube",
    "from": [ 14, 1, 12 ],
    "to": [ 15, 2, 13 ],
    "faceData": {
        "down": {
            "uv": [ 1, 13, 2, 14 ],
            "textureFacing": "down",
            "cull": false
        },
        "up": {
            "uv": [ 1, 13, 2, 14 ],
            "textureFacing": "up",
            "cull": false
        },
        "north": {
            "uv": [ 1, 13, 2, 14 ],
            "textureFacing": "north",
            "cull": false
        },
        "south": {
            "uv": [ 1, 13, 2, 14 ],
            "textureFacing": "south",
            "cull": false
        },
        "west": {
            "uv": [ 1, 13, 2, 14 ],
            "textureFacing": "down",
            "cull": false
        },
        "east": {
            "uv": [ 1, 13, 2, 14 ],
            "textureFacing": "east",
            "cull": false
        }
    }
},
{
    "type": "cube",
    "from": [ 13, -1, 12 ],
    "to": [ 14, 1, 13 ],
    "faceData": {
        "down": {
            "uv": [ 2, 15, 3, 16 ],
            "textureFacing": "down",
            "cull": false
        },
        "up": {
            "uv": [ 2, 14, 3, 15 ],
            "textureFacing": "up",
            "cull": false
        },
        "north": {
            "uv": [ 2, 14, 3, 16 ],
            "textureFacing": "north",
            "cull": false
        },
        "south": {
            "uv": [ 2, 14, 3, 16 ],
            "textureFacing": "south",
            "cull": false
        },
        "west": {
            "uv": [ 2, 14, 3, 16 ],
            "textureFacing": "down",
            "cull": false
        },
        "east": {
            "uv": [ 2, 14, 3, 16 ],
            "textureFacing": "east",
            "cull": false
        }
    }
},
{
    "type": "cube",
    "from": [ 3, 0, 2 ],
    "to": [ 4, 1, 3 ],
    "faceData": {
        "down": {
            "uv": [ 13, 14, 14, 15 ],
            "textureFacing": "down",
            "cull": false
        },
        "up": {
            "uv": [ 13, 14, 14, 15 ],
            "textureFacing": "up",
            "cull": false
        },
        "north": {
            "uv": [ 13, 14, 14, 15 ],
            "textureFacing": "north",
            "cull": false
        },
        "south": {
            "uv": [ 13, 14, 14, 15 ],
            "textureFacing": "south",
            "cull": false
        },
        "west": {
            "uv": [ 13, 14, 14, 15 ],
            "textureFacing": "down",
            "cull": false
        },
        "east": {
            "uv": [ 13, 14, 14, 15 ],
            "textureFacing": "east",
            "cull": false
        }
    }
},
{
    "type": "cube",
    "from": [ 3, 1, 3 ],
    "to": [ 4, 2, 4 ],
    "faceData": {
        "down": {
            "uv": [ 12, 13, 13, 14 ],
            "textureFacing": "down",
            "cull": false
        },
        "up": {
            "uv": [ 12, 13, 13, 14 ],
            "textureFacing": "up",
            "cull": false
        },
        "north": {
            "uv": [ 12, 13, 13, 14 ],
            "textureFacing": "north",
            "cull": false
        },
        "south": {
            "uv": [ 12, 13, 13, 14 ],
            "textureFacing": "south",
            "cull": false
        },
        "west": {
            "uv": [ 12, 13, 13, 14 ],
            "textureFacing": "down",
            "cull": false
        },
        "east": {
            "uv": [ 12, 13, 13, 14 ],
            "textureFacing": "east",
            "cull": false
        }
    }
},
{
    "type": "cube",
    "from": [ 3, -1, 4 ],
    "to": [ 4, 1, 5 ],
    "faceData": {
        "down": {
            "uv": [ 11, 14, 12, 15 ],
            "textureFacing": "down",
            "cull": false
        },
        "up": {
            "uv": [ 11, 14, 12, 15 ],
            "textureFacing": "up",
            "cull": false
        },
        "north": {
            "uv": [ 11, 14, 12, 16 ],
            "textureFacing": "north",
            "cull": false
        },
        "south": {
            "uv": [ 11, 14, 12, 16 ],
            "textureFacing": "south",
            "cull": false
        },
        "west": {
            "uv": [ 11, 14, 12, 16 ],
            "textureFacing": "down",
            "cull": false
        },
        "east": {
            "uv": [ 11, 14, 12, 16 ],
            "textureFacing": "east",
            "cull": false
        }
    }
},
{
    "type": "cube",
    "from": [ 3, -1, 6 ],
    "to": [ 4, 0, 7 ],
    "faceData": {
        "down": {
            "uv": [ 9, 15, 10, 16 ],
            "textureFacing": "down",
            "cull": false
        },
        "up": {
            "uv": [ 9, 15, 10, 16 ],
            "textureFacing": "up",
            "cull": false
        },
        "north": {
            "uv": [ 9, 15, 10, 16 ],
            "textureFacing": "north",
            "cull": false
        },
        "south": {
            "uv": [ 9, 15, 10, 16 ],
            "textureFacing": "south",
            "cull": false
        },
        "west": {
            "uv": [ 9, 15, 10, 16 ],
            "textureFacing": "down",
            "cull": false
        },
        "east": {
            "uv": [ 9, 15, 10, 16 ],
            "textureFacing": "east",
            "cull": false
        }
    }
},
{
    "type": "cube",
    "from": [ 3, -1, 7 ],
    "to": [ 4, 2, 8 ],
    "faceData": {
        "down": {
            "uv": [ 8, 15, 9, 16 ],
            "textureFacing": "down",
            "cull": false
        },
        "up": {
            "uv": [ 8, 13, 9, 14 ],
            "textureFacing": "up",
            "cull": false
        },
        "north": {
            "uv": [ 8, 13, 9, 16 ],
            "textureFacing": "north",
            "cull": false
        },
        "south": {
            "uv": [ 8, 13, 9, 16 ],
            "textureFacing": "south",
            "cull": false
        },
        "west": {
            "uv": [ 8, 13, 9, 16 ],
            "textureFacing": "down",
            "cull": false
        },
        "east": {
            "uv": [ 8, 13, 9, 16 ],
            "textureFacing": "east",
            "cull": false
        }
    }
},
{
    "type": "cube",
    "from": [ 3, 3, 9 ],
    "to": [ 4, 5, 10 ],
    "faceData": {
        "down": {
            "uv": [ 6, 11, 7, 12 ],
            "textureFacing": "down",
            "cull": false
        },
        "up": {
            "uv": [ 6, 10, 7, 11 ],
            "textureFacing": "up",
            "cull": false
        },
        "north": {
            "uv": [ 6, 10, 7, 12 ],
            "textureFacing": "north",
            "cull": false
        },
        "south": {
            "uv": [ 6, 10, 7, 12 ],
            "textureFacing": "south",
            "cull": false
        },
        "west": {
            "uv": [ 6, 10, 7, 12 ],
            "textureFacing": "down",
            "cull": false
        },
        "east": {
            "uv": [ 6, 10, 7, 12 ],
            "textureFacing": "east",
            "cull": false
        }
    }
},
{
    "type": "cube",
    "from": [ 3, -1, 8 ],
    "to": [ 4, 4, 9 ],
    "faceData": {
        "down": {
            "uv": [ 7, 15, 8, 16 ],
            "textureFacing": "down",
            "cull": false
        },
        "up": {
            "uv": [ 7, 11, 8, 12 ],
            "textureFacing": "up",
            "cull": false
        },
        "north": {
            "uv": [ 7, 11, 8, 16 ],
            "textureFacing": "north",
            "cull": false
        },
        "south": {
            "uv": [ 7, 11, 8, 16 ],
            "textureFacing": "south",
            "cull": false
        },
        "west": {
            "uv": [ 7, 11, 8, 16 ],
            "textureFacing": "down",
            "cull": false
        },
        "east": {
            "uv": [ 7, 11, 8, 16 ],
            "textureFacing": "east",
            "cull": false
        }
    }
},
{
    "type": "cube",
    "from": [ 3, -1, 11 ],
    "to": [ 4, 0, 13 ],
    "faceData": {
        "down": {
            "uv": [ 3, 14, 5, 15 ],
            "textureFacing": "down",
            "cull": false
        },
        "up": {
            "uv": [ 3, 15, 5, 16 ],
            "textureFacing": "up",
            "cull": false
        },
        "north": {
            "uv": [ 3, 15, 5, 16 ],
            "textureFacing": "north",
            "cull": false
        },
        "south": {
            "uv": [ 3, 15, 5, 16 ],
            "textureFacing": "south",
            "cull": false
        },
        "west": {
            "uv": [ 3, 15, 4, 16 ],
            "textureFacing": "down",
            "cull": false
        },
        "east": {
            "uv": [ 4, 15, 5, 16 ],
            "textureFacing": "east",
            "cull": false
        }
    }
},
{
    "type": "cube",
    "from": [ 3, 1, 14 ],
    "to": [ 4, 2, 15 ],
    "faceData": {
        "down": {
            "uv": [ 1, 13, 2, 14 ],
            "textureFacing": "down",
            "cull": false
        },
        "up": {
            "uv": [ 1, 13, 2, 14 ],
            "textureFacing": "up",
            "cull": false
        },
        "north": {
            "uv": [ 1, 13, 2, 14 ],
            "textureFacing": "north",
            "cull": false
        },
        "south": {
            "uv": [ 1, 13, 2, 14 ],
            "textureFacing": "south",
            "cull": false
        },
        "west": {
            "uv": [ 1, 13, 2, 14 ],
            "textureFacing": "down",
            "cull": false
        },
        "east": {
            "uv": [ 1, 13, 2, 14 ],
            "textureFacing": "east",
            "cull": false
        }
    }
},
{
    "type": "cube",
    "from": [ 3, -1, 13 ],
    "to": [ 4, 1, 14 ],
    "faceData": {
        "down": {
            "uv": [ 2, 15, 3, 16 ],
            "textureFacing": "down",
            "cull": false
        },
        "up": {
            "uv": [ 2, 14, 3, 15 ],
            "textureFacing": "up",
            "cull": false
        },
        "north": {
            "uv": [ 2, 14, 3, 16 ],
            "textureFacing": "north",
            "cull": false
        },
        "south": {
            "uv": [ 2, 14, 3, 16 ],
            "textureFacing": "south",
            "cull": false
        },
        "west": {
            "uv": [ 2, 14, 3, 16 ],
            "textureFacing": "down",
            "cull": false
        },
        "east": {
            "uv": [ 2, 14, 3, 16 ],
            "textureFacing": "east",
            "cull": false
        }
    }
}
]
}