{
"__comment": "3D Mesh designed with BDcraft Cubik - Version PRO 0.4.1 Beta",
"elements": [ 
{
    "type": "cube",
    "from": [ 15, 1, 3 ],
    "to": [ 16, 2, 4 ],
    "faceData": {
        "down": {
            "uv": [ 15, 13, 16, 14 ],
            "textureFacing": "down",
            "cull": false
        },
        "up": {
            "uv": [ 15, 13, 16, 14 ],
            "textureFacing": "up",
            "cull": false
        },
        "north": {
            "uv": [ 15, 13, 16, 14 ],
            "textureFacing": "north",
            "cull": false
        },
        "south": {
            "uv": [ 15, 13, 16, 14 ],
            "textureFacing": "south",
            "cull": false
        },
        "west": {
            "uv": [ 15, 13, 16, 14 ],
            "textureFacing": "down",
            "cull": false
        },
        "east": {
            "uv": [ 15, 13, 16, 14 ],
            "textureFacing": "east",
            "cull": false
        }
    }
},
{
    "type": "cube",
    "from": [ 14, -1, 3 ],
    "to": [ 15, 1, 4 ],
    "faceData": {
        "down": {
            "uv": [ 14, 15, 15, 16 ],
            "textureFacing": "down",
            "cull": false
        },
        "up": {
            "uv": [ 14, 14, 15, 15 ],
            "textureFacing": "up",
            "cull": false
        },
        "north": {
            "uv": [ 14, 14, 15, 16 ],
            "textureFacing": "north",
            "cull": false
        },
        "south": {
            "uv": [ 14, 14, 15, 16 ],
            "textureFacing": "south",
            "cull": false
        },
        "west": {
            "uv": [ 14, 14, 15, 16 ],
            "textureFacing": "down",
            "cull": false
        },
        "east": {
            "uv": [ 14, 14, 15, 16 ],
            "textureFacing": "east",
            "cull": false
        }
    }
},
{
    "type": "cube",
    "from": [ 14, 2, 3 ],
    "to": [ 15, 3, 4 ],
    "faceData": {
        "down": {
            "uv": [ 14, 12, 15, 13 ],
            "textureFacing": "down",
            "cull": false
        },
        "up": {
            "uv": [ 14, 12, 15, 13 ],
            "textureFacing": "up",
            "cull": false
        },
        "north": {
            "uv": [ 14, 12, 15, 13 ],
            "textureFacing": "north",
            "cull": false
        },
        "south": {
            "uv": [ 14, 12, 15, 13 ],
            "textureFacing": "south",
            "cull": false
        },
        "west": {
            "uv": [ 14, 12, 15, 13 ],
            "textureFacing": "down",
            "cull": false
        },
        "east": {
            "uv": [ 14, 12, 15, 13 ],
            "textureFacing": "east",
            "cull": false
        }
    }
},
{
    "type": "cube",
    "from": [ 13, -1, 3 ],
    "to": [ 14, 2, 4 ],
    "faceData": {
        "down": {
            "uv": [ 13, 15, 14, 16 ],
            "textureFacing": "down",
            "cull": false
        },
        "up": {
            "uv": [ 13, 13, 14, 14 ],
            "textureFacing": "up",
            "cull": false
        },
        "north": {
            "uv": [ 13, 13, 14, 16 ],
            "textureFacing": "north",
            "cull": false
        },
        "south": {
            "uv": [ 13, 13, 14, 16 ],
            "textureFacing": "south",
            "cull": false
        },
        "west": {
            "uv": [ 13, 13, 14, 16 ],
            "textureFacing": "down",
            "cull": false
        },
        "east": {
            "uv": [ 13, 13, 14, 16 ],
            "textureFacing": "east",
            "cull": false
        }
    }
},
{
    "type": "cube",
    "from": [ 13, 4, 3 ],
    "to": [ 14, 6, 4 ],
    "faceData": {
        "down": {
            "uv": [ 13, 10, 14, 11 ],
            "textureFacing": "down",
            "cull": false
        },
        "up": {
            "uv": [ 13, 9, 14, 10 ],
            "textureFacing": "up",
            "cull": false
        },
        "north": {
            "uv": [ 13, 9, 14, 11 ],
            "textureFacing": "north",
            "cull": false
        },
        "south": {
            "uv": [ 13, 9, 14, 11 ],
            "textureFacing": "south",
            "cull": false
        },
        "west": {
            "uv": [ 13, 9, 14, 11 ],
            "textureFacing": "down",
            "cull": false
        },
        "east": {
            "uv": [ 13, 9, 14, 11 ],
            "textureFacing": "east",
            "cull": false
        }
    }
},
{
    "type": "cube",
    "from": [ 12, 5, 3 ],
    "to": [ 13, 7, 4 ],
    "faceData": {
        "down": {
            "uv": [ 12, 9, 13, 10 ],
            "textureFacing": "down",
            "cull": false
        },
        "up": {
            "uv": [ 12, 8, 13, 9 ],
            "textureFacing": "up",
            "cull": false
        },
        "north": {
            "uv": [ 12, 8, 13, 10 ],
            "textureFacing": "north",
            "cull": false
        },
        "south": {
            "uv": [ 12, 8, 13, 10 ],
            "textureFacing": "south",
            "cull": false
        },
        "west": {
            "uv": [ 12, 8, 13, 10 ],
            "textureFacing": "down",
            "cull": false
        },
        "east": {
            "uv": [ 12, 8, 13, 10 ],
            "textureFacing": "east",
            "cull": false
        }
    }
},
{
    "type": "cube",
    "from": [ 11, -1, 3 ],
    "to": [ 12, 5, 4 ],
    "faceData": {
        "down": {
            "uv": [ 11, 15, 12, 16 ],
            "textureFacing": "down",
            "cull": false
        },
        "up": {
            "uv": [ 11, 10, 12, 11 ],
            "textureFacing": "up",
            "cull": false
        },
        "north": {
            "uv": [ 11, 10, 12, 16 ],
            "textureFacing": "north",
            "cull": false
        },
        "south": {
            "uv": [ 11, 10, 12, 16 ],
            "textureFacing": "south",
            "cull": false
        },
        "west": {
            "uv": [ 11, 10, 12, 16 ],
            "textureFacing": "down",
            "cull": false
        },
        "east": {
            "uv": [ 11, 10, 12, 16 ],
            "textureFacing": "east",
            "cull": false
        }
    }
},
{
    "type": "cube",
    "from": [ 10, -1, 3 ],
    "to": [ 11, 3, 4 ],
    "faceData": {
        "down": {
            "uv": [ 10, 15, 11, 16 ],
            "textureFacing": "down",
            "cull": false
        },
        "up": {
            "uv": [ 10, 12, 11, 13 ],
            "textureFacing": "up",
            "cull": false
        },
        "north": {
            "uv": [ 10, 12, 11, 16 ],
            "textureFacing": "north",
            "cull": false
        },
        "south": {
            "uv": [ 10, 12, 11, 16 ],
            "textureFacing": "south",
            "cull": false
        },
        "west": {
            "uv": [ 10, 12, 11, 16 ],
            "textureFacing": "down",
            "cull": false
        },
        "east": {
            "uv": [ 10, 12, 11, 16 ],
            "textureFacing": "east",
            "cull": false
        }
    }
},
{
    "type": "cube",
    "from": [ 9, -1, 3 ],
    "to": [ 10, 4, 4 ],
    "faceData": {
        "down": {
            "uv": [ 9, 15, 10, 16 ],
            "textureFacing": "down",
            "cull": false
        },
        "up": {
            "uv": [ 9, 11, 10, 12 ],
            "textureFacing": "up",
            "cull": false
        },
        "north": {
            "uv": [ 9, 11, 10, 16 ],
            "textureFacing": "north",
            "cull": false
        },
        "south": {
            "uv": [ 9, 11, 10, 16 ],
            "textureFacing": "south",
            "cull": false
        },
        "west": {
            "uv": [ 9, 11, 10, 16 ],
            "textureFacing": "down",
            "cull": false
        },
        "east": {
            "uv": [ 9, 11, 10, 16 ],
            "textureFacing": "east",
            "cull": false
        }
    }
},
{
    "type": "cube",
    "from": [ 8, -1, 3 ],
    "to": [ 9, 6, 4 ],
    "faceData": {
        "down": {
            "uv": [ 8, 15, 9, 16 ],
            "textureFacing": "down",
            "cull": false
        },
        "up": {
            "uv": [ 8, 9, 9, 10 ],
            "textureFacing": "up",
            "cull": false
        },
        "north": {
            "uv": [ 8, 9, 9, 16 ],
            "textureFacing": "north",
            "cull": false
        },
        "south": {
            "uv": [ 8, 9, 9, 16 ],
            "textureFacing": "south",
            "cull": false
        },
        "west": {
            "uv": [ 8, 9, 9, 16 ],
            "textureFacing": "down",
            "cull": false
        },
        "east": {
            "uv": [ 8, 9, 9, 16 ],
            "textureFacing": "east",
            "cull": false
        }
    }
},
{
    "type": "cube",
    "from": [ 7, -1, 3 ],
    "to": [ 8, 9, 4 ],
    "faceData": {
        "down": {
            "uv": [ 7, 15, 8, 16 ],
            "textureFacing": "down",
            "cull": false
        },
        "up": {
            "uv": [ 7, 6, 8, 7 ],
            "textureFacing": "up",
            "cull": false
        },
        "north": {
            "uv": [ 7, 6, 8, 16 ],
            "textureFacing": "north",
            "cull": false
        },
        "south": {
            "uv": [ 7, 6, 8, 16 ],
            "textureFacing": "south",
            "cull": false
        },
        "west": {
            "uv": [ 7, 6, 8, 16 ],
            "textureFacing": "down",
            "cull": false
        },
        "east": {
            "uv": [ 7, 6, 8, 16 ],
            "textureFacing": "east",
            "cull": false
        }
    }
},
{
    "type": "cube",
    "from": [ 6, 3, 3 ],
    "to": [ 7, 5, 4 ],
    "faceData": {
        "down": {
            "uv": [ 6, 11, 7, 12 ],
            "textureFacing": "down",
            "cull": false
        },
        "up": {
            "uv": [ 6, 10, 7, 11 ],
            "textureFacing": "up",
            "cull": false
        },
        "north": {
            "uv": [ 6, 10, 7, 12 ],
            "textureFacing": "north",
            "cull": false
        },
        "south": {
            "uv": [ 6, 10, 7, 12 ],
            "textureFacing": "south",
            "cull": false
        },
        "west": {
            "uv": [ 6, 10, 7, 12 ],
            "textureFacing": "down",
            "cull": false
        },
        "east": {
            "uv": [ 6, 10, 7, 12 ],
            "textureFacing": "east",
            "cull": false
        }
    }
},
{
    "type": "cube",
    "from": [ 6, 7, 3 ],
    "to": [ 7, 10, 4 ],
    "faceData": {
        "down": {
            "uv": [ 6, 7, 7, 8 ],
            "textureFacing": "down",
            "cull": false
        },
        "up": {
            "uv": [ 6, 5, 7, 6 ],
            "textureFacing": "up",
            "cull": false
        },
        "north": {
            "uv": [ 6, 5, 7, 8 ],
            "textureFacing": "north",
            "cull": false
        },
        "south": {
            "uv": [ 6, 5, 7, 8 ],
            "textureFacing": "south",
            "cull": false
        },
        "west": {
            "uv": [ 6, 5, 7, 8 ],
            "textureFacing": "down",
            "cull": false
        },
        "east": {
            "uv": [ 6, 5, 7, 8 ],
            "textureFacing": "east",
            "cull": false
        }
    }
},
{
    "type": "cube",
    "from": [ 5, 4, 3 ],
    "to": [ 6, 6, 4 ],
    "faceData": {
        "down": {
            "uv": [ 5, 10, 6, 11 ],
            "textureFacing": "down",
            "cull": false
        },
        "up": {
            "uv": [ 5, 9, 6, 10 ],
            "textureFacing": "up",
            "cull": false
        },
        "north": {
            "uv": [ 5, 9, 6, 11 ],
            "textureFacing": "north",
            "cull": false
        },
        "south": {
            "uv": [ 5, 9, 6, 11 ],
            "textureFacing": "south",
            "cull": false
        },
        "west": {
            "uv": [ 5, 9, 6, 11 ],
            "textureFacing": "down",
            "cull": false
        },
        "east": {
            "uv": [ 5, 9, 6, 11 ],
            "textureFacing": "east",
            "cull": false
        }
    }
},
{
    "type": "cube",
    "from": [ 5, -1, 3 ],
    "to": [ 6, 3, 4 ],
    "faceData": {
        "down": {
            "uv": [ 5, 15, 6, 16 ],
            "textureFacing": "down",
            "cull": false
        },
        "up": {
            "uv": [ 5, 12, 6, 13 ],
            "textureFacing": "up",
            "cull": false
        },
        "north": {
            "uv": [ 5, 12, 6, 16 ],
            "textureFacing": "north",
            "cull": false
        },
        "south": {
            "uv": [ 5, 12, 6, 16 ],
            "textureFacing": "south",
            "cull": false
        },
        "west": {
            "uv": [ 5, 12, 6, 16 ],
            "textureFacing": "down",
            "cull": false
        },
        "east": {
            "uv": [ 5, 12, 6, 16 ],
            "textureFacing": "east",
            "cull": false
        }
    }
},
{
    "type": "cube",
    "from": [ 4, -1, 3 ],
    "to": [ 5, 4, 4 ],
    "faceData": {
        "down": {
            "uv": [ 4, 15, 5, 16 ],
            "textureFacing": "down",
            "cull": false
        },
        "up": {
            "uv": [ 4, 11, 5, 12 ],
            "textureFacing": "up",
            "cull": false
        },
        "north": {
            "uv": [ 4, 11, 5, 16 ],
            "textureFacing": "north",
            "cull": false
        },
        "south": {
            "uv": [ 4, 11, 5, 16 ],
            "textureFacing": "south",
            "cull": false
        },
        "west": {
            "uv": [ 4, 11, 5, 16 ],
            "textureFacing": "down",
            "cull": false
        },
        "east": {
            "uv": [ 4, 11, 5, 16 ],
            "textureFacing": "east",
            "cull": false
        }
    }
},
{
    "type": "cube",
    "from": [ 3, -1, 3 ],
    "to": [ 4, 4, 4 ],
    "faceData": {
        "down": {
            "uv": [ 3, 15, 4, 16 ],
            "textureFacing": "down",
            "cull": false
        },
        "up": {
            "uv": [ 3, 11, 4, 12 ],
            "textureFacing": "up",
            "cull": false
        },
        "north": {
            "uv": [ 3, 11, 4, 16 ],
            "textureFacing": "north",
            "cull": false
        },
        "south": {
            "uv": [ 3, 11, 4, 16 ],
            "textureFacing": "south",
            "cull": false
        },
        "west": {
            "uv": [ 3, 11, 4, 16 ],
            "textureFacing": "down",
            "cull": false
        },
        "east": {
            "uv": [ 3, 11, 4, 16 ],
            "textureFacing": "east",
            "cull": false
        }
    }
},
{
    "type": "cube",
    "from": [ 0, -1, 3 ],
    "to": [ 1, 2, 4 ],
    "faceData": {
        "down": {
            "uv": [ 0, 15, 1, 16 ],
            "textureFacing": "down",
            "cull": false
        },
        "up": {
            "uv": [ 0, 13, 1, 14 ],
            "textureFacing": "up",
            "cull": false
        },
        "north": {
            "uv": [ 0, 13, 1, 16 ],
            "textureFacing": "north",
            "cull": false
        },
        "south": {
            "uv": [ 0, 13, 1, 16 ],
            "textureFacing": "south",
            "cull": false
        },
        "west": {
            "uv": [ 0, 13, 1, 16 ],
            "textureFacing": "down",
            "cull": false
        },
        "east": {
            "uv": [ 0, 13, 1, 16 ],
            "textureFacing": "east",
            "cull": false
        }
    }
},
{
    "type": "cube",
    "from": [ 1, -1, 3 ],
    "to": [ 2, 1, 4 ],
    "faceData": {
        "down": {
            "uv": [ 1, 15, 2, 16 ],
            "textureFacing": "down",
            "cull": false
        },
        "up": {
            "uv": [ 1, 14, 2, 15 ],
            "textureFacing": "up",
            "cull": false
        },
        "north": {
            "uv": [ 1, 14, 2, 16 ],
            "textureFacing": "north",
            "cull": false
        },
        "south": {
            "uv": [ 1, 14, 2, 16 ],
            "textureFacing": "south",
            "cull": false
        },
        "west": {
            "uv": [ 1, 14, 2, 16 ],
            "textureFacing": "down",
            "cull": false
        },
        "east": {
            "uv": [ 1, 14, 2, 16 ],
            "textureFacing": "east",
            "cull": false
        }
    }
},
{
    "type": "cube",
    "from": [ 1, 5, 3 ],
    "to": [ 2, 7, 4 ],
    "faceData": {
        "down": {
            "uv": [ 1, 9, 2, 10 ],
            "textureFacing": "down",
            "cull": false
        },
        "up": {
            "uv": [ 1, 8, 2, 9 ],
            "textureFacing": "up",
            "cull": false
        },
        "north": {
            "uv": [ 1, 8, 2, 10 ],
            "textureFacing": "north",
            "cull": false
        },
        "south": {
            "uv": [ 1, 8, 2, 10 ],
            "textureFacing": "south",
            "cull": false
        },
        "west": {
            "uv": [ 1, 8, 2, 10 ],
            "textureFacing": "down",
            "cull": false
        },
        "east": {
            "uv": [ 1, 8, 2, 10 ],
            "textureFacing": "east",
            "cull": false
        }
    }
},
{
    "type": "cube",
    "from": [ 2, -1, 3 ],
    "to": [ 3, 6, 4 ],
    "faceData": {
        "down": {
            "uv": [ 2, 15, 3, 16 ],
            "textureFacing": "down",
            "cull": false
        },
        "up": {
            "uv": [ 2, 9, 3, 10 ],
            "textureFacing": "up",
            "cull": false
        },
        "north": {
            "uv": [ 2, 9, 3, 16 ],
            "textureFacing": "north",
            "cull": false
        },
        "south": {
            "uv": [ 2, 9, 3, 16 ],
            "textureFacing": "south",
            "cull": false
        },
        "west": {
            "uv": [ 2, 9, 3, 16 ],
            "textureFacing": "down",
            "cull": false
        },
        "east": {
            "uv": [ 2, 9, 3, 16 ],
            "textureFacing": "east",
            "cull": false
        }
    }
},
{
    "type": "cube",
    "from": [ 12, 1, 15 ],
    "to": [ 13, 2, 16 ],
    "faceData": {
        "down": {
            "uv": [ 15, 13, 16, 14 ],
            "textureFacing": "down",
            "cull": false
        },
        "up": {
            "uv": [ 15, 13, 16, 14 ],
            "textureFacing": "up",
            "cull": false
        },
        "north": {
            "uv": [ 15, 13, 16, 14 ],
            "textureFacing": "north",
            "cull": false
        },
        "south": {
            "uv": [ 15, 13, 16, 14 ],
            "textureFacing": "south",
            "cull": false
        },
        "west": {
            "uv": [ 15, 13, 16, 14 ],
            "textureFacing": "down",
            "cull": false
        },
        "east": {
            "uv": [ 15, 13, 16, 14 ],
            "textureFacing": "east",
            "cull": false
        }
    }
},
{
    "type": "cube",
    "from": [ 12, -1, 14 ],
    "to": [ 13, 1, 15 ],
    "faceData": {
        "down": {
            "uv": [ 14, 15, 15, 16 ],
            "textureFacing": "down",
            "cull": false
        },
        "up": {
            "uv": [ 14, 14, 15, 15 ],
            "textureFacing": "up",
            "cull": false
        },
        "north": {
            "uv": [ 14, 14, 15, 16 ],
            "textureFacing": "north",
            "cull": false
        },
        "south": {
            "uv": [ 14, 14, 15, 16 ],
            "textureFacing": "south",
            "cull": false
        },
        "west": {
            "uv": [ 14, 14, 15, 16 ],
            "textureFacing": "down",
            "cull": false
        },
        "east": {
            "uv": [ 14, 14, 15, 16 ],
            "textureFacing": "east",
            "cull": false
        }
    }
},
{
    "type": "cube",
    "from": [ 12, 2, 14 ],
    "to": [ 13, 3, 15 ],
    "faceData": {
        "down": {
            "uv": [ 14, 12, 15, 13 ],
            "textureFacing": "down",
            "cull": false
        },
        "up": {
            "uv": [ 14, 12, 15, 13 ],
            "textureFacing": "up",
            "cull": false
        },
        "north": {
            "uv": [ 14, 12, 15, 13 ],
            "textureFacing": "north",
            "cull": false
        },
        "south": {
            "uv": [ 14, 12, 15, 13 ],
            "textureFacing": "south",
            "cull": false
        },
        "west": {
            "uv": [ 14, 12, 15, 13 ],
            "textureFacing": "down",
            "cull": false
        },
        "east": {
            "uv": [ 14, 12, 15, 13 ],
            "textureFacing": "east",
            "cull": false
        }
    }
},
{
    "type": "cube",
    "from": [ 12, -1, 13 ],
    "to": [ 13, 2, 14 ],
    "faceData": {
        "down": {
            "uv": [ 13, 15, 14, 16 ],
            "textureFacing": "down",
            "cull": false
        },
        "up": {
            "uv": [ 13, 13, 14, 14 ],
            "textureFacing": "up",
            "cull": false
        },
        "north": {
            "uv": [ 13, 13, 14, 16 ],
            "textureFacing": "north",
            "cull": false
        },
        "south": {
            "uv": [ 13, 13, 14, 16 ],
            "textureFacing": "south",
            "cull": false
        },
        "west": {
            "uv": [ 13, 13, 14, 16 ],
            "textureFacing": "down",
            "cull": false
        },
        "east": {
            "uv": [ 13, 13, 14, 16 ],
            "textureFacing": "east",
            "cull": false
        }
    }
},
{
    "type": "cube",
    "from": [ 12, 4, 13 ],
    "to": [ 13, 6, 14 ],
    "faceData": {
        "down": {
            "uv": [ 13, 10, 14, 11 ],
            "textureFacing": "down",
            "cull": false
        },
        "up": {
            "uv": [ 13, 9, 14, 10 ],
            "textureFacing": "up",
            "cull": false
        },
        "north": {
            "uv": [ 13, 9, 14, 11 ],
            "textureFacing": "north",
            "cull": false
        },
        "south": {
            "uv": [ 13, 9, 14, 11 ],
            "textureFacing": "south",
            "cull": false
        },
        "west": {
            "uv": [ 13, 9, 14, 11 ],
            "textureFacing": "down",
            "cull": false
        },
        "east": {
            "uv": [ 13, 9, 14, 11 ],
            "textureFacing": "east",
            "cull": false
        }
    }
},
{
    "type": "cube",
    "from": [ 12, 5, 12 ],
    "to": [ 13, 7, 13 ],
    "faceData": {
        "down": {
            "uv": [ 12, 9, 13, 10 ],
            "textureFacing": "down",
            "cull": false
        },
        "up": {
            "uv": [ 12, 8, 13, 9 ],
            "textureFacing": "up",
            "cull": false
        },
        "north": {
            "uv": [ 12, 8, 13, 10 ],
            "textureFacing": "north",
            "cull": false
        },
        "south": {
            "uv": [ 12, 8, 13, 10 ],
            "textureFacing": "south",
            "cull": false
        },
        "west": {
            "uv": [ 12, 8, 13, 10 ],
            "textureFacing": "down",
            "cull": false
        },
        "east": {
            "uv": [ 12, 8, 13, 10 ],
            "textureFacing": "east",
            "cull": false
        }
    }
},
{
    "type": "cube",
    "from": [ 12, -1, 11 ],
    "to": [ 13, 5, 12 ],
    "faceData": {
        "down": {
            "uv": [ 11, 15, 12, 16 ],
            "textureFacing": "down",
            "cull": false
        },
        "up": {
            "uv": [ 11, 10, 12, 11 ],
            "textureFacing": "up",
            "cull": false
        },
        "north": {
            "uv": [ 11, 10, 12, 16 ],
            "textureFacing": "north",
            "cull": false
        },
        "south": {
            "uv": [ 11, 10, 12, 16 ],
            "textureFacing": "south",
            "cull": false
        },
        "west": {
            "uv": [ 11, 10, 12, 16 ],
            "textureFacing": "down",
            "cull": false
        },
        "east": {
            "uv": [ 11, 10, 12, 16 ],
            "textureFacing": "east",
            "cull": false
        }
    }
},
{
    "type": "cube",
    "from": [ 12, -1, 10 ],
    "to": [ 13, 3, 11 ],
    "faceData": {
        "down": {
            "uv": [ 10, 15, 11, 16 ],
            "textureFacing": "down",
            "cull": false
        },
        "up": {
            "uv": [ 10, 12, 11, 13 ],
            "textureFacing": "up",
            "cull": false
        },
        "north": {
            "uv": [ 10, 12, 11, 16 ],
            "textureFacing": "north",
            "cull": false
        },
        "south": {
            "uv": [ 10, 12, 11, 16 ],
            "textureFacing": "south",
            "cull": false
        },
        "west": {
            "uv": [ 10, 12, 11, 16 ],
            "textureFacing": "down",
            "cull": false
        },
        "east": {
            "uv": [ 10, 12, 11, 16 ],
            "textureFacing": "east",
            "cull": false
        }
    }
},
{
    "type": "cube",
    "from": [ 12, -1, 9 ],
    "to": [ 13, 4, 10 ],
    "faceData": {
        "down": {
            "uv": [ 9, 15, 10, 16 ],
            "textureFacing": "down",
            "cull": false
        },
        "up": {
            "uv": [ 9, 11, 10, 12 ],
            "textureFacing": "up",
            "cull": false
        },
        "north": {
            "uv": [ 9, 11, 10, 16 ],
            "textureFacing": "north",
            "cull": false
        },
        "south": {
            "uv": [ 9, 11, 10, 16 ],
            "textureFacing": "south",
            "cull": false
        },
        "west": {
            "uv": [ 9, 11, 10, 16 ],
            "textureFacing": "down",
            "cull": false
        },
        "east": {
            "uv": [ 9, 11, 10, 16 ],
            "textureFacing": "east",
            "cull": false
        }
    }
},
{
    "type": "cube",
    "from": [ 12, -1, 8 ],
    "to": [ 13, 6, 9 ],
    "faceData": {
        "down": {
            "uv": [ 8, 15, 9, 16 ],
            "textureFacing": "down",
            "cull": false
        },
        "up": {
            "uv": [ 8, 9, 9, 10 ],
            "textureFacing": "up",
            "cull": false
        },
        "north": {
            "uv": [ 8, 9, 9, 16 ],
            "textureFacing": "north",
            "cull": false
        },
        "south": {
            "uv": [ 8, 9, 9, 16 ],
            "textureFacing": "south",
            "cull": false
        },
        "west": {
            "uv": [ 8, 9, 9, 16 ],
            "textureFacing": "down",
            "cull": false
        },
        "east": {
            "uv": [ 8, 9, 9, 16 ],
            "textureFacing": "east",
            "cull": false
        }
    }
},
{
    "type": "cube",
    "from": [ 12, -1, 7 ],
    "to": [ 13, 9, 8 ],
    "faceData": {
        "down": {
            "uv": [ 7, 15, 8, 16 ],
            "textureFacing": "down",
            "cull": false
        },
        "up": {
            "uv": [ 7, 6, 8, 7 ],
            "textureFacing": "up",
            "cull": false
        },
        "north": {
            "uv": [ 7, 6, 8, 16 ],
            "textureFacing": "north",
            "cull": false
        },
        "south": {
            "uv": [ 7, 6, 8, 16 ],
            "textureFacing": "south",
            "cull": false
        },
        "west": {
            "uv": [ 7, 6, 8, 16 ],
            "textureFacing": "down",
            "cull": false
        },
        "east": {
            "uv": [ 7, 6, 8, 16 ],
            "textureFacing": "east",
            "cull": false
        }
    }
},
{
    "type": "cube",
    "from": [ 12, 7, 6 ],
    "to": [ 13, 10, 7 ],
    "faceData": {
        "down": {
            "uv": [ 6, 7, 7, 8 ],
            "textureFacing": "down",
            "cull": false
        },
        "up": {
            "uv": [ 5, 5, 6, 6 ],
            "textureFacing": "up",
            "cull": false
        },
        "north": {
            "uv": [ 6, 5, 7, 8 ],
            "textureFacing": "north",
            "cull": false
        },
        "south": {
            "uv": [ 6, 5, 7, 8 ],
            "textureFacing": "south",
            "cull": false
        },
        "west": {
            "uv": [ 6, 5, 7, 8 ],
            "textureFacing": "down",
            "cull": false
        },
        "east": {
            "uv": [ 6, 5, 7, 8 ],
            "textureFacing": "east",
            "cull": false
        }
    }
},
{
    "type": "cube",
    "from": [ 12, 3, 6 ],
    "to": [ 13, 5, 7 ],
    "faceData": {
        "down": {
            "uv": [ 6, 11, 7, 12 ],
            "textureFacing": "down",
            "cull": false
        },
        "up": {
            "uv": [ 6, 10, 7, 11 ],
            "textureFacing": "up",
            "cull": false
        },
        "north": {
            "uv": [ 6, 10, 7, 12 ],
            "textureFacing": "north",
            "cull": false
        },
        "south": {
            "uv": [ 6, 10, 7, 12 ],
            "textureFacing": "south",
            "cull": false
        },
        "west": {
            "uv": [ 6, 10, 7, 12 ],
            "textureFacing": "down",
            "cull": false
        },
        "east": {
            "uv": [ 6, 10, 7, 12 ],
            "textureFacing": "east",
            "cull": false
        }
    }
},
{
    "type": "cube",
    "from": [ 12, 4, 5 ],
    "to": [ 13, 6, 6 ],
    "faceData": {
        "down": {
            "uv": [ 5, 10, 6, 11 ],
            "textureFacing": "down",
            "cull": false
        },
        "up": {
            "uv": [ 5, 9, 6, 10 ],
            "textureFacing": "up",
            "cull": false
        },
        "north": {
            "uv": [ 5, 9, 6, 11 ],
            "textureFacing": "north",
            "cull": false
        },
        "south": {
            "uv": [ 5, 9, 6, 11 ],
            "textureFacing": "south",
            "cull": false
        },
        "west": {
            "uv": [ 5, 9, 6, 11 ],
            "textureFacing": "down",
            "cull": false
        },
        "east": {
            "uv": [ 5, 9, 6, 11 ],
            "textureFacing": "east",
            "cull": false
        }
    }
},
{
    "type": "cube",
    "from": [ 12, -1, 5 ],
    "to": [ 13, 3, 6 ],
    "faceData": {
        "down": {
            "uv": [ 5, 15, 6, 16 ],
            "textureFacing": "down",
            "cull": false
        },
        "up": {
            "uv": [ 5, 12, 6, 13 ],
            "textureFacing": "up",
            "cull": false
        },
        "north": {
            "uv": [ 5, 12, 6, 16 ],
            "textureFacing": "north",
            "cull": false
        },
        "south": {
            "uv": [ 5, 12, 6, 16 ],
            "textureFacing": "south",
            "cull": false
        },
        "west": {
            "uv": [ 5, 12, 6, 16 ],
            "textureFacing": "down",
            "cull": false
        },
        "east": {
            "uv": [ 5, 12, 6, 16 ],
            "textureFacing": "east",
            "cull": false
        }
    }
},
{
    "type": "cube",
    "from": [ 12, -1, 4 ],
    "to": [ 13, 4, 5 ],
    "faceData": {
        "down": {
            "uv": [ 4, 15, 5, 16 ],
            "textureFacing": "down",
            "cull": false
        },
        "up": {
            "uv": [ 4, 11, 5, 12 ],
            "textureFacing": "up",
            "cull": false
        },
        "north": {
            "uv": [ 4, 11, 5, 16 ],
            "textureFacing": "north",
            "cull": false
        },
        "south": {
            "uv": [ 4, 11, 5, 16 ],
            "textureFacing": "south",
            "cull": false
        },
        "west": {
            "uv": [ 4, 11, 5, 16 ],
            "textureFacing": "down",
            "cull": false
        },
        "east": {
            "uv": [ 4, 11, 5, 16 ],
            "textureFacing": "east",
            "cull": false
        }
    }
},
{
    "type": "cube",
    "from": [ 12, -1, 3 ],
    "to": [ 13, 4, 4 ],
    "faceData": {
        "down": {
            "uv": [ 3, 15, 4, 16 ],
            "textureFacing": "down",
            "cull": false
        },
        "up": {
            "uv": [ 3, 11, 4, 12 ],
            "textureFacing": "up",
            "cull": false
        },
        "north": {
            "uv": [ 3, 11, 4, 16 ],
            "textureFacing": "north",
            "cull": false
        },
        "south": {
            "uv": [ 3, 11, 4, 16 ],
            "textureFacing": "south",
            "cull": false
        },
        "west": {
            "uv": [ 3, 11, 4, 16 ],
            "textureFacing": "down",
            "cull": false
        },
        "east": {
            "uv": [ 3, 11, 4, 16 ],
            "textureFacing": "east",
            "cull": false
        }
    }
},
{
    "type": "cube",
    "from": [ 12, -1, 0 ],
    "to": [ 13, 2, 1 ],
    "faceData": {
        "down": {
            "uv": [ 0, 15, 1, 16 ],
            "textureFacing": "down",
            "cull": false
        },
        "up": {
            "uv": [ 0, 13, 1, 14 ],
            "textureFacing": "up",
            "cull": false
        },
        "north": {
            "uv": [ 0, 13, 1, 16 ],
            "textureFacing": "north",
            "cull": false
        },
        "south": {
            "uv": [ 0, 13, 1, 16 ],
            "textureFacing": "south",
            "cull": false
        },
        "west": {
            "uv": [ 0, 13, 1, 16 ],
            "textureFacing": "down",
            "cull": false
        },
        "east": {
            "uv": [ 0, 13, 1, 16 ],
            "textureFacing": "east",
            "cull": false
        }
    }
},
{
    "type": "cube",
    "from": [ 12, -1, 1 ],
    "to": [ 13, 1, 2 ],
    "faceData": {
        "down": {
            "uv": [ 1, 15, 2, 16 ],
            "textureFacing": "down",
            "cull": false
        },
        "up": {
            "uv": [ 1, 14, 2, 15 ],
            "textureFacing": "up",
            "cull": false
        },
        "north": {
            "uv": [ 1, 14, 2, 16 ],
            "textureFacing": "north",
            "cull": false
        },
        "south": {
            "uv": [ 1, 14, 2, 16 ],
            "textureFacing": "south",
            "cull": false
        },
        "west": {
            "uv": [ 1, 14, 2, 16 ],
            "textureFacing": "down",
            "cull": false
        },
        "east": {
            "uv": [ 1, 14, 2, 16 ],
            "textureFacing": "east",
            "cull": false
        }
    }
},
{
    "type": "cube",
    "from": [ 12, 5, 1 ],
    "to": [ 13, 7, 2 ],
    "faceData": {
        "down": {
            "uv": [ 1, 9, 2, 10 ],
            "textureFacing": "down",
            "cull": false
        },
        "up": {
            "uv": [ 1, 8, 2, 9 ],
            "textureFacing": "up",
            "cull": false
        },
        "north": {
            "uv": [ 1, 8, 2, 10 ],
            "textureFacing": "north",
            "cull": false
        },
        "south": {
            "uv": [ 1, 8, 2, 10 ],
            "textureFacing": "south",
            "cull": false
        },
        "west": {
            "uv": [ 1, 8, 2, 10 ],
            "textureFacing": "down",
            "cull": false
        },
        "east": {
            "uv": [ 1, 8, 2, 10 ],
            "textureFacing": "east",
            "cull": false
        }
    }
},
{
    "type": "cube",
    "from": [ 12, -1, 2 ],
    "to": [ 13, 6, 3 ],
    "faceData": {
        "down": {
            "uv": [ 3, 15, 4, 16 ],
            "textureFacing": "down",
            "cull": false
        },
        "up": {
            "uv": [ 2, 9, 3, 10 ],
            "textureFacing": "up",
            "cull": false
        },
        "north": {
            "uv": [ 2, 9, 3, 16 ],
            "textureFacing": "north",
            "cull": false
        },
        "south": {
            "uv": [ 2, 9, 3, 16 ],
            "textureFacing": "south",
            "cull": false
        },
        "west": {
            "uv": [ 2, 9, 3, 16 ],
            "textureFacing": "down",
            "cull": false
        },
        "east": {
            "uv": [ 2, 9, 3, 16 ],
            "textureFacing": "east",
            "cull": false
        }
    }
},
{
    "type": "cube",
    "from": [ 0, 1, 12 ],
    "to": [ 1, 2, 13 ],
    "faceData": {
        "down": {
            "uv": [ 15, 13, 16, 14 ],
            "textureFacing": "down",
            "cull": false
        },
        "up": {
            "uv": [ 15, 13, 16, 14 ],
            "textureFacing": "up",
            "cull": false
        },
        "north": {
            "uv": [ 15, 13, 16, 14 ],
            "textureFacing": "north",
            "cull": false
        },
        "south": {
            "uv": [ 15, 13, 16, 14 ],
            "textureFacing": "south",
            "cull": false
        },
        "west": {
            "uv": [ 15, 13, 16, 14 ],
            "textureFacing": "down",
            "cull": false
        },
        "east": {
            "uv": [ 15, 13, 16, 14 ],
            "textureFacing": "east",
            "cull": false
        }
    }
},
{
    "type": "cube",
    "from": [ 1, -1, 12 ],
    "to": [ 2, 1, 13 ],
    "faceData": {
        "down": {
            "uv": [ 14, 15, 15, 16 ],
            "textureFacing": "down",
            "cull": false
        },
        "up": {
            "uv": [ 14, 14, 15, 15 ],
            "textureFacing": "up",
            "cull": false
        },
        "north": {
            "uv": [ 14, 14, 15, 16 ],
            "textureFacing": "north",
            "cull": false
        },
        "south": {
            "uv": [ 14, 14, 15, 16 ],
            "textureFacing": "south",
            "cull": false
        },
        "west": {
            "uv": [ 14, 14, 15, 16 ],
            "textureFacing": "down",
            "cull": false
        },
        "east": {
            "uv": [ 14, 14, 15, 16 ],
            "textureFacing": "east",
            "cull": false
        }
    }
},
{
    "type": "cube",
    "from": [ 1, 2, 12 ],
    "to": [ 2, 3, 13 ],
    "faceData": {
        "down": {
            "uv": [ 14, 12, 15, 13 ],
            "textureFacing": "down",
            "cull": false
        },
        "up": {
            "uv": [ 14, 12, 15, 13 ],
            "textureFacing": "up",
            "cull": false
        },
        "north": {
            "uv": [ 14, 12, 15, 13 ],
            "textureFacing": "north",
            "cull": false
        },
        "south": {
            "uv": [ 14, 12, 15, 13 ],
            "textureFacing": "south",
            "cull": false
        },
        "west": {
            "uv": [ 14, 12, 15, 13 ],
            "textureFacing": "down",
            "cull": false
        },
        "east": {
            "uv": [ 14, 12, 15, 13 ],
            "textureFacing": "east",
            "cull": false
        }
    }
},
{
    "type": "cube",
    "from": [ 2, -1, 12 ],
    "to": [ 3, 2, 13 ],
    "faceData": {
        "down": {
            "uv": [ 13, 15, 14, 16 ],
            "textureFacing": "down",
            "cull": false
        },
        "up": {
            "uv": [ 13, 13, 14, 14 ],
            "textureFacing": "up",
            "cull": false
        },
        "north": {
            "uv": [ 13, 13, 14, 16 ],
            "textureFacing": "north",
            "cull": false
        },
        "south": {
            "uv": [ 13, 13, 14, 16 ],
            "textureFacing": "south",
            "cull": false
        },
        "west": {
            "uv": [ 13, 13, 14, 16 ],
            "textureFacing": "down",
            "cull": false
        },
        "east": {
            "uv": [ 13, 13, 14, 16 ],
            "textureFacing": "east",
            "cull": false
        }
    }
},
{
    "type": "cube",
    "from": [ 2, 4, 12 ],
    "to": [ 3, 6, 13 ],
    "faceData": {
        "down": {
            "uv": [ 13, 10, 14, 11 ],
            "textureFacing": "down",
            "cull": false
        },
        "up": {
            "uv": [ 13, 9, 14, 10 ],
            "textureFacing": "up",
            "cull": false
        },
        "north": {
            "uv": [ 13, 9, 14, 11 ],
            "textureFacing": "north",
            "cull": false
        },
        "south": {
            "uv": [ 13, 9, 14, 11 ],
            "textureFacing": "south",
            "cull": false
        },
        "west": {
            "uv": [ 13, 9, 14, 11 ],
            "textureFacing": "down",
            "cull": false
        },
        "east": {
            "uv": [ 13, 9, 14, 11 ],
            "textureFacing": "east",
            "cull": false
        }
    }
},
{
    "type": "cube",
    "from": [ 3, 5, 12 ],
    "to": [ 4, 7, 13 ],
    "faceData": {
        "down": {
            "uv": [ 12, 9, 13, 10 ],
            "textureFacing": "down",
            "cull": false
        },
        "up": {
            "uv": [ 12, 8, 13, 9 ],
            "textureFacing": "up",
            "cull": false
        },
        "north": {
            "uv": [ 12, 8, 13, 10 ],
            "textureFacing": "north",
            "cull": false
        },
        "south": {
            "uv": [ 12, 8, 13, 10 ],
            "textureFacing": "south",
            "cull": false
        },
        "west": {
            "uv": [ 12, 8, 13, 10 ],
            "textureFacing": "down",
            "cull": false
        },
        "east": {
            "uv": [ 12, 8, 13, 10 ],
            "textureFacing": "east",
            "cull": false
        }
    }
},
{
    "type": "cube",
    "from": [ 4, -1, 12 ],
    "to": [ 5, 5, 13 ],
    "faceData": {
        "down": {
            "uv": [ 11, 15, 12, 16 ],
            "textureFacing": "down",
            "cull": false
        },
        "up": {
            "uv": [ 11, 10, 12, 11 ],
            "textureFacing": "up",
            "cull": false
        },
        "north": {
            "uv": [ 11, 10, 12, 16 ],
            "textureFacing": "north",
            "cull": false
        },
        "south": {
            "uv": [ 11, 10, 12, 16 ],
            "textureFacing": "south",
            "cull": false
        },
        "west": {
            "uv": [ 11, 10, 12, 16 ],
            "textureFacing": "down",
            "cull": false
        },
        "east": {
            "uv": [ 11, 10, 12, 16 ],
            "textureFacing": "east",
            "cull": false
        }
    }
},
{
    "type": "cube",
    "from": [ 5, -1, 12 ],
    "to": [ 6, 3, 13 ],
    "faceData": {
        "down": {
            "uv": [ 10, 15, 11, 16 ],
            "textureFacing": "down",
            "cull": false
        },
        "up": {
            "uv": [ 10, 12, 11, 13 ],
            "textureFacing": "up",
            "cull": false
        },
        "north": {
            "uv": [ 10, 12, 11, 16 ],
            "textureFacing": "north",
            "cull": false
        },
        "south": {
            "uv": [ 10, 12, 11, 16 ],
            "textureFacing": "south",
            "cull": false
        },
        "west": {
            "uv": [ 10, 12, 11, 16 ],
            "textureFacing": "down",
            "cull": false
        },
        "east": {
            "uv": [ 10, 12, 11, 16 ],
            "textureFacing": "east",
            "cull": false
        }
    }
},
{
    "type": "cube",
    "from": [ 6, -1, 12 ],
    "to": [ 7, 4, 13 ],
    "faceData": {
        "down": {
            "uv": [ 9, 15, 10, 16 ],
            "textureFacing": "down",
            "cull": false
        },
        "up": {
            "uv": [ 9, 11, 10, 12 ],
            "textureFacing": "up",
            "cull": false
        },
        "north": {
            "uv": [ 9, 11, 10, 16 ],
            "textureFacing": "north",
            "cull": false
        },
        "south": {
            "uv": [ 9, 11, 10, 16 ],
            "textureFacing": "south",
            "cull": false
        },
        "west": {
            "uv": [ 9, 11, 10, 16 ],
            "textureFacing": "down",
            "cull": false
        },
        "east": {
            "uv": [ 9, 11, 10, 16 ],
            "textureFacing": "east",
            "cull": false
        }
    }
},
{
    "type": "cube",
    "from": [ 7, -1, 12 ],
    "to": [ 8, 6, 13 ],
    "faceData": {
        "down": {
            "uv": [ 8, 15, 9, 16 ],
            "textureFacing": "down",
            "cull": false
        },
        "up": {
            "uv": [ 8, 9, 9, 10 ],
            "textureFacing": "up",
            "cull": false
        },
        "north": {
            "uv": [ 8, 9, 9, 16 ],
            "textureFacing": "north",
            "cull": false
        },
        "south": {
            "uv": [ 8, 9, 9, 16 ],
            "textureFacing": "south",
            "cull": false
        },
        "west": {
            "uv": [ 8, 9, 9, 16 ],
            "textureFacing": "down",
            "cull": false
        },
        "east": {
            "uv": [ 8, 9, 9, 16 ],
            "textureFacing": "east",
            "cull": false
        }
    }
},
{
    "type": "cube",
    "from": [ 8, -1, 12 ],
    "to": [ 9, 9, 13 ],
    "faceData": {
        "down": {
            "uv": [ 7, 15, 8, 16 ],
            "textureFacing": "down",
            "cull": false
        },
        "up": {
            "uv": [ 7, 6, 8, 7 ],
            "textureFacing": "up",
            "cull": false
        },
        "north": {
            "uv": [ 7, 6, 8, 16 ],
            "textureFacing": "north",
            "cull": false
        },
        "south": {
            "uv": [ 7, 6, 8, 16 ],
            "textureFacing": "south",
            "cull": false
        },
        "west": {
            "uv": [ 7, 6, 8, 16 ],
            "textureFacing": "down",
            "cull": false
        },
        "east": {
            "uv": [ 7, 6, 8, 16 ],
            "textureFacing": "east",
            "cull": false
        }
    }
},
{
    "type": "cube",
    "from": [ 9, 3, 12 ],
    "to": [ 10, 5, 13 ],
    "faceData": {
        "down": {
            "uv": [ 6, 11, 7, 12 ],
            "textureFacing": "down",
            "cull": false
        },
        "up": {
            "uv": [ 6, 10, 7, 11 ],
            "textureFacing": "up",
            "cull": false
        },
        "north": {
            "uv": [ 6, 10, 7, 12 ],
            "textureFacing": "north",
            "cull": false
        },
        "south": {
            "uv": [ 6, 10, 7, 12 ],
            "textureFacing": "south",
            "cull": false
        },
        "west": {
            "uv": [ 6, 10, 7, 12 ],
            "textureFacing": "down",
            "cull": false
        },
        "east": {
            "uv": [ 6, 10, 7, 12 ],
            "textureFacing": "east",
            "cull": false
        }
    }
},
{
    "type": "cube",
    "from": [ 9, 7, 12 ],
    "to": [ 10, 10, 13 ],
    "faceData": {
        "down": {
            "uv": [ 6, 7, 7, 8 ],
            "textureFacing": "down",
            "cull": false
        },
        "up": {
            "uv": [ 6, 5, 7, 6 ],
            "textureFacing": "up",
            "cull": false
        },
        "north": {
            "uv": [ 6, 5, 7, 8 ],
            "textureFacing": "north",
            "cull": false
        },
        "south": {
            "uv": [ 6, 5, 7, 8 ],
            "textureFacing": "south",
            "cull": false
        },
        "west": {
            "uv": [ 6, 5, 7, 8 ],
            "textureFacing": "down",
            "cull": false
        },
        "east": {
            "uv": [ 6, 5, 7, 8 ],
            "textureFacing": "east",
            "cull": false
        }
    }
},
{
    "type": "cube",
    "from": [ 10, 4, 12 ],
    "to": [ 11, 6, 13 ],
    "faceData": {
        "down": {
            "uv": [ 5, 10, 6, 11 ],
            "textureFacing": "down",
            "cull": false
        },
        "up": {
            "uv": [ 5, 9, 6, 10 ],
            "textureFacing": "up",
            "cull": false
        },
        "north": {
            "uv": [ 5, 9, 6, 11 ],
            "textureFacing": "north",
            "cull": false
        },
        "south": {
            "uv": [ 5, 9, 6, 11 ],
            "textureFacing": "south",
            "cull": false
        },
        "west": {
            "uv": [ 5, 9, 6, 11 ],
            "textureFacing": "down",
            "cull": false
        },
        "east": {
            "uv": [ 5, 9, 6, 11 ],
            "textureFacing": "east",
            "cull": false
        }
    }
},
{
    "type": "cube",
    "from": [ 10, -1, 12 ],
    "to": [ 11, 3, 13 ],
    "faceData": {
        "down": {
            "uv": [ 5, 15, 6, 16 ],
            "textureFacing": "down",
            "cull": false
        },
        "up": {
            "uv": [ 5, 12, 6, 13 ],
            "textureFacing": "up",
            "cull": false
        },
        "north": {
            "uv": [ 5, 12, 6, 16 ],
            "textureFacing": "north",
            "cull": false
        },
        "south": {
            "uv": [ 5, 12, 6, 16 ],
            "textureFacing": "south",
            "cull": false
        },
        "west": {
            "uv": [ 5, 12, 6, 16 ],
            "textureFacing": "down",
            "cull": false
        },
        "east": {
            "uv": [ 5, 12, 6, 16 ],
            "textureFacing": "east",
            "cull": false
        }
    }
},
{
    "type": "cube",
    "from": [ 11, -1, 12 ],
    "to": [ 12, 4, 13 ],
    "faceData": {
        "down": {
            "uv": [ 4, 15, 5, 16 ],
            "textureFacing": "down",
            "cull": false
        },
        "up": {
            "uv": [ 4, 11, 5, 12 ],
            "textureFacing": "up",
            "cull": false
        },
        "north": {
            "uv": [ 4, 11, 5, 16 ],
            "textureFacing": "north",
            "cull": false
        },
        "south": {
            "uv": [ 4, 11, 5, 16 ],
            "textureFacing": "south",
            "cull": false
        },
        "west": {
            "uv": [ 4, 11, 5, 16 ],
            "textureFacing": "down",
            "cull": false
        },
        "east": {
            "uv": [ 4, 11, 5, 16 ],
            "textureFacing": "east",
            "cull": false
        }
    }
},
{
    "type": "cube",
    "from": [ 12, -1, 12 ],
    "to": [ 13, 4, 13 ],
    "faceData": {
        "down": {
            "uv": [ 3, 15, 4, 16 ],
            "textureFacing": "down",
            "cull": false
        },
        "up": {
            "uv": [ 3, 11, 4, 12 ],
            "textureFacing": "up",
            "cull": false
        },
        "north": {
            "uv": [ 3, 11, 4, 16 ],
            "textureFacing": "north",
            "cull": false
        },
        "south": {
            "uv": [ 3, 11, 4, 16 ],
            "textureFacing": "south",
            "cull": false
        },
        "west": {
            "uv": [ 3, 11, 4, 16 ],
            "textureFacing": "down",
            "cull": false
        },
        "east": {
            "uv": [ 3, 11, 4, 16 ],
            "textureFacing": "east",
            "cull": false
        }
    }
},
{
    "type": "cube",
    "from": [ 15, -1, 12 ],
    "to": [ 16, 2, 13 ],
    "faceData": {
        "down": {
            "uv": [ 0, 15, 1, 16 ],
            "textureFacing": "down",
            "cull": false
        },
        "up": {
            "uv": [ 0, 13, 1, 14 ],
            "textureFacing": "up",
            "cull": false
        },
        "north": {
            "uv": [ 0, 13, 1, 16 ],
            "textureFacing": "north",
            "cull": false
        },
        "south": {
            "uv": [ 0, 13, 1, 16 ],
            "textureFacing": "south",
            "cull": false
        },
        "west": {
            "uv": [ 0, 13, 1, 16 ],
            "textureFacing": "down",
            "cull": false
        },
        "east": {
            "uv": [ 0, 13, 1, 16 ],
            "textureFacing": "east",
            "cull": false
        }
    }
},
{
    "type": "cube",
    "from": [ 14, -1, 12 ],
    "to": [ 15, 1, 13 ],
    "faceData": {
        "down": {
            "uv": [ 1, 15, 2, 16 ],
            "textureFacing": "down",
            "cull": false
        },
        "up": {
            "uv": [ 1, 14, 2, 15 ],
            "textureFacing": "up",
            "cull": false
        },
        "north": {
            "uv": [ 1, 14, 2, 16 ],
            "textureFacing": "north",
            "cull": false
        },
        "south": {
            "uv": [ 1, 14, 2, 16 ],
            "textureFacing": "south",
            "cull": false
        },
        "west": {
            "uv": [ 1, 14, 2, 16 ],
            "textureFacing": "down",
            "cull": false
        },
        "east": {
            "uv": [ 1, 14, 2, 16 ],
            "textureFacing": "east",
            "cull": false
        }
    }
},
{
    "type": "cube",
    "from": [ 14, 5, 12 ],
    "to": [ 15, 7, 13 ],
    "faceData": {
        "down": {
            "uv": [ 1, 9, 2, 10 ],
            "textureFacing": "down",
            "cull": false
        },
        "up": {
            "uv": [ 1, 8, 2, 9 ],
            "textureFacing": "up",
            "cull": false
        },
        "north": {
            "uv": [ 1, 8, 2, 10 ],
            "textureFacing": "north",
            "cull": false
        },
        "south": {
            "uv": [ 1, 8, 2, 10 ],
            "textureFacing": "south",
            "cull": false
        },
        "west": {
            "uv": [ 1, 8, 2, 10 ],
            "textureFacing": "down",
            "cull": false
        },
        "east": {
            "uv": [ 1, 8, 2, 10 ],
            "textureFacing": "east",
            "cull": false
        }
    }
},
{
    "type": "cube",
    "from": [ 13, -1, 12 ],
    "to": [ 14, 6, 13 ],
    "faceData": {
        "down": {
            "uv": [ 2, 15, 3, 16 ],
            "textureFacing": "down",
            "cull": false
        },
        "up": {
            "uv": [ 2, 9, 3, 10 ],
            "textureFacing": "up",
            "cull": false
        },
        "north": {
            "uv": [ 2, 9, 3, 16 ],
            "textureFacing": "north",
            "cull": false
        },
        "south": {
            "uv": [ 2, 9, 3, 16 ],
            "textureFacing": "south",
            "cull": false
        },
        "west": {
            "uv": [ 2, 9, 3, 16 ],
            "textureFacing": "down",
            "cull": false
        },
        "east": {
            "uv": [ 2, 9, 3, 16 ],
            "textureFacing": "east",
            "cull": false
        }
    }
},
{
    "type": "cube",
    "from": [ 3, -1, 11 ],
    "to": [ 4, 4, 12 ],
    "faceData": {
        "down": {
            "uv": [ 4, 15, 5, 16 ],
            "textureFacing": "down",
            "cull": false
        },
        "up": {
            "uv": [ 4, 11, 5, 12 ],
            "textureFacing": "up",
            "cull": false
        },
        "north": {
            "uv": [ 4, 11, 5, 16 ],
            "textureFacing": "north",
            "cull": false
        },
        "south": {
            "uv": [ 4, 11, 5, 16 ],
            "textureFacing": "south",
            "cull": false
        },
        "west": {
            "uv": [ 4, 11, 5, 16 ],
            "textureFacing": "down",
            "cull": false
        },
        "east": {
            "uv": [ 4, 11, 5, 16 ],
            "textureFacing": "east",
            "cull": false
        }
    }
},
{
    "type": "cube",
    "from": [ 3, 1, 0 ],
    "to": [ 4, 2, 1 ],
    "faceData": {
        "down": {
            "uv": [ 15, 13, 16, 14 ],
            "textureFacing": "down",
            "cull": false
        },
        "up": {
            "uv": [ 15, 13, 16, 14 ],
            "textureFacing": "up",
            "cull": false
        },
        "north": {
            "uv": [ 15, 13, 16, 14 ],
            "textureFacing": "north",
            "cull": false
        },
        "south": {
            "uv": [ 15, 13, 16, 14 ],
            "textureFacing": "south",
            "cull": false
        },
        "west": {
            "uv": [ 15, 13, 16, 14 ],
            "textureFacing": "down",
            "cull": false
        },
        "east": {
            "uv": [ 15, 13, 16, 14 ],
            "textureFacing": "east",
            "cull": false
        }
    }
},
{
    "type": "cube",
    "from": [ 3, -1, 1 ],
    "to": [ 4, 1, 2 ],
    "faceData": {
        "down": {
            "uv": [ 14, 15, 15, 16 ],
            "textureFacing": "down",
            "cull": false
        },
        "up": {
            "uv": [ 14, 14, 15, 15 ],
            "textureFacing": "up",
            "cull": false
        },
        "north": {
            "uv": [ 14, 14, 15, 16 ],
            "textureFacing": "north",
            "cull": false
        },
        "south": {
            "uv": [ 14, 14, 15, 16 ],
            "textureFacing": "south",
            "cull": false
        },
        "west": {
            "uv": [ 14, 14, 15, 16 ],
            "textureFacing": "down",
            "cull": false
        },
        "east": {
            "uv": [ 14, 14, 15, 16 ],
            "textureFacing": "east",
            "cull": false
        }
    }
},
{
    "type": "cube",
    "from": [ 3, 2, 1 ],
    "to": [ 4, 3, 2 ],
    "faceData": {
        "down": {
            "uv": [ 14, 12, 15, 13 ],
            "textureFacing": "down",
            "cull": false
        },
        "up": {
            "uv": [ 14, 12, 15, 13 ],
            "textureFacing": "up",
            "cull": false
        },
        "north": {
            "uv": [ 14, 12, 15, 13 ],
            "textureFacing": "north",
            "cull": false
        },
        "south": {
            "uv": [ 14, 12, 15, 13 ],
            "textureFacing": "south",
            "cull": false
        },
        "west": {
            "uv": [ 14, 12, 15, 13 ],
            "textureFacing": "down",
            "cull": false
        },
        "east": {
            "uv": [ 14, 12, 15, 13 ],
            "textureFacing": "east",
            "cull": false
        }
    }
},
{
    "type": "cube",
    "from": [ 3, -1, 2 ],
    "to": [ 4, 2, 3 ],
    "faceData": {
        "down": {
            "uv": [ 13, 15, 14, 16 ],
            "textureFacing": "down",
            "cull": false
        },
        "up": {
            "uv": [ 13, 13, 14, 14 ],
            "textureFacing": "up",
            "cull": false
        },
        "north": {
            "uv": [ 13, 13, 14, 16 ],
            "textureFacing": "north",
            "cull": false
        },
        "south": {
            "uv": [ 13, 13, 14, 16 ],
            "textureFacing": "south",
            "cull": false
        },
        "west": {
            "uv": [ 13, 13, 14, 16 ],
            "textureFacing": "down",
            "cull": false
        },
        "east": {
            "uv": [ 13, 13, 14, 16 ],
            "textureFacing": "east",
            "cull": false
        }
    }
},
{
    "type": "cube",
    "from": [ 3, 4, 2 ],
    "to": [ 4, 6, 3 ],
    "faceData": {
        "down": {
            "uv": [ 13, 10, 14, 11 ],
            "textureFacing": "down",
            "cull": false
        },
        "up": {
            "uv": [ 13, 9, 14, 10 ],
            "textureFacing": "up",
            "cull": false
        },
        "north": {
            "uv": [ 13, 9, 14, 11 ],
            "textureFacing": "north",
            "cull": false
        },
        "south": {
            "uv": [ 13, 9, 14, 11 ],
            "textureFacing": "south",
            "cull": false
        },
        "west": {
            "uv": [ 13, 9, 14, 11 ],
            "textureFacing": "down",
            "cull": false
        },
        "east": {
            "uv": [ 13, 9, 14, 11 ],
            "textureFacing": "east",
            "cull": false
        }
    }
},
{
    "type": "cube",
    "from": [ 3, 5, 3 ],
    "to": [ 4, 7, 4 ],
    "faceData": {
        "down": {
            "uv": [ 12, 9, 13, 10 ],
            "textureFacing": "down",
            "cull": false
        },
        "up": {
            "uv": [ 12, 8, 13, 9 ],
            "textureFacing": "up",
            "cull": false
        },
        "north": {
            "uv": [ 12, 8, 13, 10 ],
            "textureFacing": "north",
            "cull": false
        },
        "south": {
            "uv": [ 12, 8, 13, 10 ],
            "textureFacing": "south",
            "cull": false
        },
        "west": {
            "uv": [ 12, 8, 13, 10 ],
            "textureFacing": "down",
            "cull": false
        },
        "east": {
            "uv": [ 12, 8, 13, 10 ],
            "textureFacing": "east",
            "cull": false
        }
    }
},
{
    "type": "cube",
    "from": [ 3, -1, 4 ],
    "to": [ 4, 5, 5 ],
    "faceData": {
        "down": {
            "uv": [ 11, 15, 12, 16 ],
            "textureFacing": "down",
            "cull": false
        },
        "up": {
            "uv": [ 11, 10, 12, 11 ],
            "textureFacing": "up",
            "cull": false
        },
        "north": {
            "uv": [ 11, 10, 12, 16 ],
            "textureFacing": "north",
            "cull": false
        },
        "south": {
            "uv": [ 11, 10, 12, 16 ],
            "textureFacing": "south",
            "cull": false
        },
        "west": {
            "uv": [ 11, 10, 12, 16 ],
            "textureFacing": "down",
            "cull": false
        },
        "east": {
            "uv": [ 11, 10, 12, 16 ],
            "textureFacing": "east",
            "cull": false
        }
    }
},
{
    "type": "cube",
    "from": [ 3, -1, 5 ],
    "to": [ 4, 3, 6 ],
    "faceData": {
        "down": {
            "uv": [ 10, 15, 11, 16 ],
            "textureFacing": "down",
            "cull": false
        },
        "up": {
            "uv": [ 10, 12, 11, 13 ],
            "textureFacing": "up",
            "cull": false
        },
        "north": {
            "uv": [ 10, 12, 11, 16 ],
            "textureFacing": "north",
            "cull": false
        },
        "south": {
            "uv": [ 10, 12, 11, 16 ],
            "textureFacing": "south",
            "cull": false
        },
        "west": {
            "uv": [ 10, 12, 11, 16 ],
            "textureFacing": "down",
            "cull": false
        },
        "east": {
            "uv": [ 10, 12, 11, 16 ],
            "textureFacing": "east",
            "cull": false
        }
    }
},
{
    "type": "cube",
    "from": [ 3, -1, 6 ],
    "to": [ 4, 4, 7 ],
    "faceData": {
        "down": {
            "uv": [ 9, 15, 10, 16 ],
            "textureFacing": "down",
            "cull": false
        },
        "up": {
            "uv": [ 9, 11, 10, 12 ],
            "textureFacing": "up",
            "cull": false
        },
        "north": {
            "uv": [ 9, 11, 10, 16 ],
            "textureFacing": "north",
            "cull": false
        },
        "south": {
            "uv": [ 9, 11, 10, 16 ],
            "textureFacing": "south",
            "cull": false
        },
        "west": {
            "uv": [ 9, 11, 10, 16 ],
            "textureFacing": "down",
            "cull": false
        },
        "east": {
            "uv": [ 9, 11, 10, 16 ],
            "textureFacing": "east",
            "cull": false
        }
    }
},
{
    "type": "cube",
    "from": [ 3, -1, 7 ],
    "to": [ 4, 6, 8 ],
    "faceData": {
        "down": {
            "uv": [ 8, 15, 9, 16 ],
            "textureFacing": "down",
            "cull": false
        },
        "up": {
            "uv": [ 8, 9, 9, 10 ],
            "textureFacing": "up",
            "cull": false
        },
        "north": {
            "uv": [ 8, 9, 9, 16 ],
            "textureFacing": "north",
            "cull": false
        },
        "south": {
            "uv": [ 8, 9, 9, 16 ],
            "textureFacing": "south",
            "cull": false
        },
        "west": {
            "uv": [ 8, 9, 9, 16 ],
            "textureFacing": "down",
            "cull": false
        },
        "east": {
            "uv": [ 8, 9, 9, 16 ],
            "textureFacing": "east",
            "cull": false
        }
    }
},
{
    "type": "cube",
    "from": [ 3, -1, 8 ],
    "to": [ 4, 9, 9 ],
    "faceData": {
        "down": {
            "uv": [ 7, 15, 8, 16 ],
            "textureFacing": "down",
            "cull": false
        },
        "up": {
            "uv": [ 7, 6, 8, 7 ],
            "textureFacing": "up",
            "cull": false
        },
        "north": {
            "uv": [ 7, 6, 8, 16 ],
            "textureFacing": "north",
            "cull": false
        },
        "south": {
            "uv": [ 7, 6, 8, 16 ],
            "textureFacing": "south",
            "cull": false
        },
        "west": {
            "uv": [ 7, 6, 8, 16 ],
            "textureFacing": "down",
            "cull": false
        },
        "east": {
            "uv": [ 7, 6, 8, 16 ],
            "textureFacing": "east",
            "cull": false
        }
    }
},
{
    "type": "cube",
    "from": [ 3, 3, 9 ],
    "to": [ 4, 5, 10 ],
    "faceData": {
        "down": {
            "uv": [ 6, 11, 7, 12 ],
            "textureFacing": "down",
            "cull": false
        },
        "up": {
            "uv": [ 6, 10, 7, 11 ],
            "textureFacing": "up",
            "cull": false
        },
        "north": {
            "uv": [ 6, 10, 7, 12 ],
            "textureFacing": "north",
            "cull": false
        },
        "south": {
            "uv": [ 6, 10, 7, 12 ],
            "textureFacing": "south",
            "cull": false
        },
        "west": {
            "uv": [ 6, 10, 7, 12 ],
            "textureFacing": "down",
            "cull": false
        },
        "east": {
            "uv": [ 6, 10, 7, 12 ],
            "textureFacing": "east",
            "cull": false
        }
    }
},
{
    "type": "cube",
    "from": [ 3, 7, 9 ],
    "to": [ 4, 10, 10 ],
    "faceData": {
        "down": {
            "uv": [ 6, 7, 7, 8 ],
            "textureFacing": "down",
            "cull": false
        },
        "up": {
            "uv": [ 6, 5, 7, 6 ],
            "textureFacing": "up",
            "cull": false
        },
        "north": {
            "uv": [ 6, 5, 7, 8 ],
            "textureFacing": "north",
            "cull": false
        },
        "south": {
            "uv": [ 6, 5, 7, 8 ],
            "textureFacing": "south",
            "cull": false
        },
        "west": {
            "uv": [ 6, 5, 7, 8 ],
            "textureFacing": "down",
            "cull": false
        },
        "east": {
            "uv": [ 6, 5, 7, 8 ],
            "textureFacing": "east",
            "cull": false
        }
    }
},
{
    "type": "cube",
    "from": [ 3, 4, 10 ],
    "to": [ 4, 6, 11 ],
    "faceData": {
        "down": {
            "uv": [ 5, 10, 6, 11 ],
            "textureFacing": "down",
            "cull": false
        },
        "up": {
            "uv": [ 5, 9, 6, 10 ],
            "textureFacing": "up",
            "cull": false
        },
        "north": {
            "uv": [ 5, 9, 6, 11 ],
            "textureFacing": "north",
            "cull": false
        },
        "south": {
            "uv": [ 5, 9, 6, 11 ],
            "textureFacing": "south",
            "cull": false
        },
        "west": {
            "uv": [ 5, 9, 6, 11 ],
            "textureFacing": "down",
            "cull": false
        },
        "east": {
            "uv": [ 5, 9, 6, 11 ],
            "textureFacing": "east",
            "cull": false
        }
    }
},
{
    "type": "cube",
    "from": [ 3, -1, 10 ],
    "to": [ 4, 3, 11 ],
    "faceData": {
        "down": {
            "uv": [ 5, 15, 6, 16 ],
            "textureFacing": "down",
            "cull": false
        },
        "up": {
            "uv": [ 5, 12, 6, 13 ],
            "textureFacing": "up",
            "cull": false
        },
        "north": {
            "uv": [ 5, 12, 6, 16 ],
            "textureFacing": "north",
            "cull": false
        },
        "south": {
            "uv": [ 5, 12, 6, 16 ],
            "textureFacing": "south",
            "cull": false
        },
        "west": {
            "uv": [ 5, 12, 6, 16 ],
            "textureFacing": "down",
            "cull": false
        },
        "east": {
            "uv": [ 5, 12, 6, 16 ],
            "textureFacing": "east",
            "cull": false
        }
    }
},
{
    "type": "cube",
    "from": [ 3, -1, 12 ],
    "to": [ 4, 4, 13 ],
    "faceData": {
        "down": {
            "uv": [ 3, 15, 4, 16 ],
            "textureFacing": "down",
            "cull": false
        },
        "up": {
            "uv": [ 3, 11, 4, 12 ],
            "textureFacing": "up",
            "cull": false
        },
        "north": {
            "uv": [ 3, 11, 4, 16 ],
            "textureFacing": "north",
            "cull": false
        },
        "south": {
            "uv": [ 3, 11, 4, 16 ],
            "textureFacing": "south",
            "cull": false
        },
        "west": {
            "uv": [ 3, 11, 4, 16 ],
            "textureFacing": "down",
            "cull": false
        },
        "east": {
            "uv": [ 3, 11, 4, 16 ],
            "textureFacing": "east",
            "cull": false
        }
    }
},
{
    "type": "cube",
    "from": [ 3, -1, 15 ],
    "to": [ 4, 2, 16 ],
    "faceData": {
        "down": {
            "uv": [ 0, 15, 1, 16 ],
            "textureFacing": "down",
            "cull": false
        },
        "up": {
            "uv": [ 0, 13, 1, 14 ],
            "textureFacing": "up",
            "cull": false
        },
        "north": {
            "uv": [ 0, 13, 1, 16 ],
            "textureFacing": "north",
            "cull": false
        },
        "south": {
            "uv": [ 0, 13, 1, 16 ],
            "textureFacing": "south",
            "cull": false
        },
        "west": {
            "uv": [ 0, 13, 1, 16 ],
            "textureFacing": "down",
            "cull": false
        },
        "east": {
            "uv": [ 0, 13, 1, 16 ],
            "textureFacing": "east",
            "cull": false
        }
    }
},
{
    "type": "cube",
    "from": [ 3, -1, 14 ],
    "to": [ 4, 1, 15 ],
    "faceData": {
        "down": {
            "uv": [ 1, 15, 2, 16 ],
            "textureFacing": "down",
            "cull": false
        },
        "up": {
            "uv": [ 1, 14, 2, 15 ],
            "textureFacing": "up",
            "cull": false
        },
        "north": {
            "uv": [ 1, 14, 2, 16 ],
            "textureFacing": "north",
            "cull": false
        },
        "south": {
            "uv": [ 1, 14, 2, 16 ],
            "textureFacing": "south",
            "cull": false
        },
        "west": {
            "uv": [ 1, 14, 2, 16 ],
            "textureFacing": "down",
            "cull": false
        },
        "east": {
            "uv": [ 1, 14, 2, 16 ],
            "textureFacing": "east",
            "cull": false
        }
    }
},
{
    "type": "cube",
    "from": [ 3, 5, 14 ],
    "to": [ 4, 7, 15 ],
    "faceData": {
        "down": {
            "uv": [ 1, 9, 2, 10 ],
            "textureFacing": "down",
            "cull": false
        },
        "up": {
            "uv": [ 1, 8, 2, 9 ],
            "textureFacing": "up",
            "cull": false
        },
        "north": {
            "uv": [ 1, 8, 2, 10 ],
            "textureFacing": "north",
            "cull": false
        },
        "south": {
            "uv": [ 1, 8, 2, 10 ],
            "textureFacing": "south",
            "cull": false
        },
        "west": {
            "uv": [ 1, 8, 2, 10 ],
            "textureFacing": "down",
            "cull": false
        },
        "east": {
            "uv": [ 1, 8, 2, 10 ],
            "textureFacing": "east",
            "cull": false
        }
    }
},
{
    "type": "cube",
    "from": [ 3, -1, 13 ],
    "to": [ 4, 6, 14 ],
    "faceData": {
        "down": {
            "uv": [ 2, 15, 3, 16 ],
            "textureFacing": "down",
            "cull": false
        },
        "up": {
            "uv": [ 2, 9, 3, 10 ],
            "textureFacing": "up",
            "cull": false
        },
        "north": {
            "uv": [ 2, 9, 3, 16 ],
            "textureFacing": "north",
            "cull": false
        },
        "south": {
            "uv": [ 2, 9, 3, 16 ],
            "textureFacing": "south",
            "cull": false
        },
        "west": {
            "uv": [ 2, 9, 3, 16 ],
            "textureFacing": "down",
            "cull": false
        },
        "east": {
            "uv": [ 2, 9, 3, 16 ],
            "textureFacing": "east",
            "cull": false
        }
    }
}
]
}