{
    "useAmbientOcclusion": false,
    "randomOffsetX": true,
    "randomOffsetZ": true,
    "inventoryRender3D": false,
    "elements": [
        {   "type": "cube",
            "from": [ 7.5, 0, 7.5 ],
            "to": [ 8.5, 5, 8.5 ],
            "faceData": {
                "down": {
                    "uv": [ 7, 16, 9, 15 ],
                    "textureFacing": "down",
                    "cull": false
                },
                "north": {
                    "uv": [ 7, 16, 9, 12 ],
                    "textureFacing": "north",
                    "cull": false
                },
                "south": {
                    "uv": [ 7, 16, 9, 12 ],
                    "textureFacing": "south",
                    "cull": false
                },
                "east": {
                    "uv": [ 7, 16, 9, 12 ],
                    "textureFacing": "east",
                    "cull": false
                },
                "west": {
                    "uv": [ 7, 16, 9, 12 ],
                    "textureFacing": "west",
                    "cull": false
                }
            }
			},
			{   "type": "cube",
            "from": [ 5.5, 2, 7.5 ],
            "to": [ 6.5, 3, 8 ],
            "faceData": {
                "down": {
                    "uv": [ 5, 14, 6, 13 ],
                    "textureFacing": "up",
                    "cull": false
                },
                "up": {
                    "uv": [ 5, 14, 6, 13 ],
                    "textureFacing": "down",
                    "cull": false
                },
                "south": {
                    "uv": [ 5, 14, 6, 13 ],
                    "textureFacing": "north",
                    "cull": false
                },
                "north": {
                    "uv": [ 5, 14, 6, 13 ],
                    "textureFacing": "south",
                    "cull": false
                },
                "east": {
                    "uv": [ 5, 14, 6, 13 ],
                    "textureFacing": "west",
                    "cull": false
                },
                "west": {
                    "uv": [ 5, 14, 6, 13 ],
                    "textureFacing": "east",
                    "cull": false
                }
            }
        },
	{   "type": "cube",
            "from": [ 6.5, 1, 7.5 ],
            "to": [ 7.5, 2, 8 ],
            "faceData": {
                "down": {
                    "uv": [ 5, 14, 6, 13 ],
                    "textureFacing": "down",
                    "cull": false
                },
                "up": {
                    "uv": [ 5, 14, 6, 13 ],
                    "textureFacing": "up",
                    "cull": false
                },
                "south": {
                    "uv": [ 5, 14, 6, 13 ],
                    "textureFacing": "south",
                    "cull": false
                },
                "north": {
                    "uv": [ 5, 14, 6, 13 ],
                    "textureFacing": "north",
                    "cull": false
                },
                "east": {
                    "uv": [ 5, 14, 6, 13 ],
                    "textureFacing": "east",
                    "cull": false
                },
                "west": {
                    "uv": [ 5, 14, 6, 13 ],
                    "textureFacing": "west",
                    "cull": false
                }
            }
        },
	{   "type": "cube",
            "from": [ 6.5, 2, 7.5 ],
            "to": [ 7.5, 3, 8 ],
            "faceData": {
                "down": {
                    "uv": [ 6, 14, 7, 13 ],
                    "textureFacing": "down",
                    "cull": false
                },
                "up": {
                    "uv": [ 6, 14, 7, 13 ],
                    "textureFacing": "up",
                    "cull": false
                },
                "south": {
                    "uv": [ 6, 14, 7, 13 ],
                    "textureFacing": "south",
                    "cull": false
                },
                "north": {
                    "uv": [ 6, 14, 7, 13 ],
                    "textureFacing": "north",
                    "cull": false
                },
                "east": {
                    "uv": [ 6, 14, 7, 13 ],
                    "textureFacing": "east",
                    "cull": false
                },
                "west": {
                    "uv": [ 6, 14, 7, 13 ],
                    "textureFacing": "west",
                    "cull": false
                }
            }
        },
	{   "type": "cube",
            "from": [ 8, 3, 5.5 ],
            "to": [ 8.5, 4, 6.5 ],
            "faceData": {
                "down": {
                    "uv": [ 5, 14, 6, 13 ],
                    "textureFacing": "up",
                    "cull": false
                },
                "up": {
                    "uv": [ 5, 14, 6, 13 ],
                    "textureFacing": "down",
                    "cull": false
                },
                "south": {
                    "uv": [ 5, 14, 6, 13 ],
                    "textureFacing": "north",
                    "cull": false
                },
                "north": {
                    "uv": [ 5, 14, 6, 13 ],
                    "textureFacing": "south",
                    "cull": false
                },
                "east": {
                    "uv": [ 5, 14, 6, 13 ],
                    "textureFacing": "west",
                    "cull": false
                },
                "west": {
                    "uv": [ 5, 14, 6, 13 ],
                    "textureFacing": "east",
                    "cull": false
                }
            }
        },
	{   "type": "cube",
            "from": [ 8, 2, 6.5 ],
            "to": [ 8.5, 3, 7.5 ],
            "faceData": {
                "down": {
                    "uv": [ 5, 14, 6, 13 ],
                    "textureFacing": "down",
                    "cull": false
                },
                "up": {
                    "uv": [ 5, 14, 6, 13 ],
                    "textureFacing": "up",
                    "cull": false
                },
                "south": {
                    "uv": [ 5, 14, 6, 13 ],
                    "textureFacing": "south",
                    "cull": false
                },
                "north": {
                    "uv": [ 5, 14, 6, 13 ],
                    "textureFacing": "north",
                    "cull": false
                },
                "east": {
                    "uv": [ 5, 14, 6, 13 ],
                    "textureFacing": "east",
                    "cull": false
                },
                "west": {
                    "uv": [ 5, 14, 6, 13 ],
                    "textureFacing": "west",
                    "cull": false
                }
            }
        },
	{   "type": "cube",
            "from": [ 8, 3, 6.5 ],
            "to": [ 8.5, 4, 7.5 ],
            "faceData": {
                "down": {
                    "uv": [ 6, 14, 7, 13 ],
                    "textureFacing": "down",
                    "cull": false
                },
                "up": {
                    "uv": [ 6, 14, 7, 13 ],
                    "textureFacing": "up",
                    "cull": false
                },
                "south": {
                    "uv": [ 6, 14, 7, 13 ],
                    "textureFacing": "south",
                    "cull": false
                },
                "north": {
                    "uv": [ 6, 14, 7, 13 ],
                    "textureFacing": "north",
                    "cull": false
                },
                "east": {
                    "uv": [ 6, 14, 7, 13 ],
                    "textureFacing": "east",
                    "cull": false
                },
                "west": {
                    "uv": [ 6, 14, 7, 13 ],
                    "textureFacing": "west",
                    "cull": false
                }
            }
		},
	{   "type": "cube",
            "from": [ 7.5, 0, 8.5 ],
            "to": [ 8, 1, 9.5 ],
            "faceData": {
                "down": {
                    "uv": [ 5, 14, 6, 13 ],
                    "textureFacing": "up",
                    "cull": false
                },
                "up": {
                    "uv": [ 5, 14, 6, 13 ],
                    "textureFacing": "down",
                    "cull": false
                },
                "south": {
                    "uv": [ 5, 14, 6, 13 ],
                    "textureFacing": "north",
                    "cull": false
                },
                "north": {
                    "uv": [ 5, 14, 6, 13 ],
                    "textureFacing": "south",
                    "cull": false
                },
                "east": {
                    "uv": [ 5, 14, 6, 13 ],
                    "textureFacing": "west",
                    "cull": false
                },
                "west": {
                    "uv": [ 5, 14, 6, 13 ],
                    "textureFacing": "east",
                    "cull": false
                }
            }
        },
	{   "type": "cube",
            "from": [ 7.5, 1, 9.5 ],
            "to": [ 8, 2, 10.5 ],
            "faceData": {
                "down": {
                    "uv": [ 5, 14, 6, 13 ],
                    "textureFacing": "down",
                    "cull": false
                },
                "up": {
                    "uv": [ 5, 14, 6, 13 ],
                    "textureFacing": "up",
                    "cull": false
                },
                "south": {
                    "uv": [ 5, 14, 6, 13 ],
                    "textureFacing": "south",
                    "cull": false
                },
                "north": {
                    "uv": [ 5, 14, 6, 13 ],
                    "textureFacing": "north",
                    "cull": false
                },
                "east": {
                    "uv": [ 5, 14, 6, 13 ],
                    "textureFacing": "east",
                    "cull": false
                },
                "west": {
                    "uv": [ 5, 14, 6, 13 ],
                    "textureFacing": "west",
                    "cull": false
                }
            }
        },
		{   "type": "cube",
            "from": [ 7.5, 1, 8.5 ],
            "to": [ 8, 2, 9.5 ],
            "faceData": {
                "down": {
                    "uv": [ 6, 14, 7, 13 ],
                    "textureFacing": "down",
                    "cull": false
                },
                "up": {
                    "uv": [ 6, 14, 7, 13 ],
                    "textureFacing": "up",
                    "cull": false
                },
                "south": {
                    "uv": [ 6, 14, 7, 13 ],
                    "textureFacing": "south",
                    "cull": false
                },
                "north": {
                    "uv": [ 6, 14, 7, 13 ],
                    "textureFacing": "north",
                    "cull": false
                },
                "east": {
                    "uv": [ 6, 14, 7, 13 ],
                    "textureFacing": "east",
                    "cull": false
                },
                "west": {
                    "uv": [ 6, 14, 7, 13 ],
                    "textureFacing": "west",
                    "cull": false
                }
            }
	},
	{   "type": "cube",
            "from": [ 8.5, 1, 7.5 ],
            "to": [ 9.5, 2, 8 ],
            "faceData": {
                "down": {
                    "uv": [ 5, 14, 6, 13 ],
                    "textureFacing": "up",
                    "cull": false
                },
                "up": {
                    "uv": [ 5, 14, 6, 13 ],
                    "textureFacing": "down",
                    "cull": false
                },
                "south": {
                    "uv": [ 5, 14, 6, 13 ],
                    "textureFacing": "north",
                    "cull": false
                },
                "north": {
                    "uv": [ 5, 14, 6, 13 ],
                    "textureFacing": "south",
                    "cull": false
                },
                "east": {
                    "uv": [ 5, 14, 6, 13 ],
                    "textureFacing": "west",
                    "cull": false
                },
                "west": {
                    "uv": [ 5, 14, 6, 13 ],
                    "textureFacing": "east",
                    "cull": false
                }
            }
        },
	{   "type": "cube",
            "from": [ 9.5, 2, 7.5 ],
            "to": [ 10.5, 3, 8 ],
            "faceData": {
                "down": {
                    "uv": [ 5, 14, 6, 13 ],
                    "textureFacing": "down",
                    "cull": false
                },
                "up": {
                    "uv": [ 5, 14, 6, 13 ],
                    "textureFacing": "up",
                    "cull": false
                },
                "south": {
                    "uv": [ 5, 14, 6, 13 ],
                    "textureFacing": "south",
                    "cull": false
                },
                "north": {
                    "uv": [ 5, 14, 6, 13 ],
                    "textureFacing": "north",
                    "cull": false
                },
                "east": {
                    "uv": [ 5, 14, 6, 13 ],
                    "textureFacing": "east",
                    "cull": false
                },
                "west": {
                    "uv": [ 5, 14, 6, 13 ],
                    "textureFacing": "west",
                    "cull": false
                }
            }
        },
		{   "type": "cube",
            "from": [ 8.5, 2, 7.5 ],
            "to": [ 9.5, 3, 8 ],
            "faceData": {
                "down": {
                    "uv": [ 6, 14, 7, 13 ],
                    "textureFacing": "down",
                    "cull": false
                },
                "up": {
                    "uv": [ 6, 14, 7, 13 ],
                    "textureFacing": "up",
                    "cull": false
                },
                "south": {
                    "uv": [ 6, 14, 7, 13 ],
                    "textureFacing": "south",
                    "cull": false
                },
                "north": {
                    "uv": [ 6, 14, 7, 13 ],
                    "textureFacing": "north",
                    "cull": false
                },
                "east": {
                    "uv": [ 6, 14, 7, 13 ],
                    "textureFacing": "east",
                    "cull": false
                },
                "west": {
                    "uv": [ 6, 14, 7, 13 ],
                    "textureFacing": "west",
                    "cull": false
                }
            }
	},
	{   "type": "cube",
            "from": [ 6.25, 5.25, 7.5 ],
            "to": [ 6.75, 5.75, 8.5 ],
            "faceData": {
                "down": {
                    "uv": [ 9, 11, 11, 10 ],
                    "textureFacing": "down",
                    "cull": false
                },
                "up": {
                    "uv": [ 6, 10, 8, 9 ],
                    "textureFacing": "up",
                    "cull": false
                },
                "south": {
                    "uv": [ 5, 11, 7, 10 ],
                    "textureFacing": "south",
                    "cull": false
                },
                "north": {
                    "uv": [ 5, 11, 7, 10 ],
                    "textureFacing": "north",
                    "cull": false
                },
                "east": {
                    "uv": [ 5, 11, 7, 10 ],
                    "textureFacing": "east",
                    "cull": false
                },
                "west": {
                    "uv": [ 5, 11, 7, 10 ],
                    "textureFacing": "west",
                    "cull": false
                }
            }
	},
	{   "type": "cube",
            "from": [ 7.5, 5.25, 6.25 ],
            "to": [ 8.5, 5.75, 6.75 ],
            "faceData": {
                "down": {
                    "uv": [ 9, 11, 11, 10 ],
                    "textureFacing": "down",
                    "cull": false
                },
                "up": {
                    "uv": [ 6, 10, 8, 9 ],
                    "textureFacing": "up",
                    "cull": false
                },
                "south": {
                    "uv": [ 5, 11, 7, 10 ],
                    "textureFacing": "south",
                    "cull": false
                },
                "north": {
                    "uv": [ 5, 11, 7, 10 ],
                    "textureFacing": "north",
                    "cull": false
                },
                "east": {
                    "uv": [ 5, 11, 7, 10 ],
                    "textureFacing": "east",
                    "cull": false
                },
                "west": {
                    "uv": [ 5, 11, 7, 10 ],
                    "textureFacing": "west",
                    "cull": false
                }
            }
	},
	{   "type": "cube",
            "from": [ 7.5, 5.25, 9.25 ],
            "to": [ 8.5, 5.75, 9.75 ],
            "faceData": {
                "down": {
                    "uv": [ 9, 11, 11, 10 ],
                    "textureFacing": "down",
                    "cull": false
                },
                "up": {
                    "uv": [ 6, 10, 8, 9 ],
                    "textureFacing": "up",
                    "cull": false
                },
                "south": {
                    "uv": [ 5, 11, 7, 10 ],
                    "textureFacing": "south",
                    "cull": false
                },
                "north": {
                    "uv": [ 5, 11, 7, 10 ],
                    "textureFacing": "north",
                    "cull": false
                },
                "east": {
                    "uv": [ 5, 11, 7, 10 ],
                    "textureFacing": "east",
                    "cull": false
                },
                "west": {
                    "uv": [ 5, 11, 7, 10 ],
                    "textureFacing": "west",
                    "cull": false
                }
            }
	},
	{   "type": "cube",
            "from": [ 9.25, 5.25, 7.5 ],
            "to": [ 9.75, 5.75, 8.5 ],
            "faceData": {
                "down": {
                    "uv": [ 9, 11, 11, 10 ],
                    "textureFacing": "down",
                    "cull": false
                },
                "up": {
                    "uv": [ 6, 10, 8, 9 ],
                    "textureFacing": "up",
                    "cull": false
                },
                "south": {
                    "uv": [ 5, 11, 7, 10 ],
                    "textureFacing": "south",
                    "cull": false
                },
                "north": {
                    "uv": [ 5, 11, 7, 10 ],
                    "textureFacing": "north",
                    "cull": false
                },
                "east": {
                    "uv": [ 5, 11, 7, 10 ],
                    "textureFacing": "east",
                    "cull": false
                },
                "west": {
                    "uv": [ 5, 11, 7, 10 ],
                    "textureFacing": "west",
                    "cull": false
                }
            }
	},
	{   "type": "cube",
            "from": [ 6.5, 6, 7.5 ],
            "to": [ 7, 6.5, 8.5 ],
            "faceData": {
                "down": {
                    "uv": [ 9, 11, 11, 10 ],
                    "textureFacing": "down",
                    "cull": false
                },
                "up": {
                    "uv": [ 6, 10, 8, 9 ],
                    "textureFacing": "up",
                    "cull": false
                },
                "south": {
                    "uv": [ 5, 11, 7, 10 ],
                    "textureFacing": "south",
                    "cull": false
                },
                "north": {
                    "uv": [ 5, 11, 7, 10 ],
                    "textureFacing": "north",
                    "cull": false
                },
                "east": {
                    "uv": [ 5, 11, 7, 10 ],
                    "textureFacing": "east",
                    "cull": false
                },
                "west": {
                    "uv": [ 5, 11, 7, 10 ],
                    "textureFacing": "west",
                    "cull": false
                }
            }
	},
	{   "type": "cube",
            "from": [ 7.5, 6, 6.5 ],
            "to": [ 8.5, 6.5, 7 ],
            "faceData": {
                "down": {
                    "uv": [ 9, 11, 11, 10 ],
                    "textureFacing": "down",
                    "cull": false
                },
                "up": {
                    "uv": [ 6, 10, 8, 9 ],
                    "textureFacing": "up",
                    "cull": false
                },
                "south": {
                    "uv": [ 5, 11, 7, 10 ],
                    "textureFacing": "south",
                    "cull": false
                },
                "north": {
                    "uv": [ 5, 11, 7, 10 ],
                    "textureFacing": "north",
                    "cull": false
                },
                "east": {
                    "uv": [ 5, 11, 7, 10 ],
                    "textureFacing": "east",
                    "cull": false
                },
                "west": {
                    "uv": [ 5, 11, 7, 10 ],
                    "textureFacing": "west",
                    "cull": false
                }
            }
	},
	{   "type": "cube",
            "from": [ 7.5, 6, 9 ],
            "to": [ 8.5, 6.5, 9.5 ],
            "faceData": {
                "down": {
                    "uv": [ 9, 11, 11, 10 ],
                    "textureFacing": "down",
                    "cull": false
                },
                "up": {
                    "uv": [ 6, 10, 8, 9 ],
                    "textureFacing": "up",
                    "cull": false
                },
                "south": {
                    "uv": [ 5, 11, 7, 10 ],
                    "textureFacing": "south",
                    "cull": false
                },
                "north": {
                    "uv": [ 5, 11, 7, 10 ],
                    "textureFacing": "north",
                    "cull": false
                },
                "east": {
                    "uv": [ 5, 11, 7, 10 ],
                    "textureFacing": "east",
                    "cull": false
                },
                "west": {
                    "uv": [ 5, 11, 7, 10 ],
                    "textureFacing": "west",
                    "cull": false
                }
            }
	},
	{   "type": "cube",
            "from": [ 9, 6, 7.5 ],
            "to": [ 9.5, 6.5, 8.5 ],
            "faceData": {
                "down": {
                    "uv": [ 9, 11, 11, 10 ],
                    "textureFacing": "down",
                    "cull": false
                },
                "up": {
                    "uv": [ 6, 10, 8, 9 ],
                    "textureFacing": "up",
                    "cull": false
                },
                "south": {
                    "uv": [ 5, 11, 7, 10 ],
                    "textureFacing": "south",
                    "cull": false
                },
                "north": {
                    "uv": [ 5, 11, 7, 10 ],
                    "textureFacing": "north",
                    "cull": false
                },
                "east": {
                    "uv": [ 5, 11, 7, 10 ],
                    "textureFacing": "east",
                    "cull": false
                },
                "west": {
                    "uv": [ 5, 11, 7, 10 ],
                    "textureFacing": "west",
                    "cull": false
                }
            }
	},
	{   "type": "cube",
            "from": [ 7, 6, 8.5 ],
            "to": [ 9, 6.5, 9 ],
            "faceData": {
                "down": {
                    "uv": [ 9, 11, 11, 10 ],
                    "textureFacing": "down",
                    "cull": false
                },
                "up": {
                    "uv": [ 10, 9, 6, 10 ],
                    "textureFacing": "up",
                    "cull": false
                },
                "south": {
                    "uv": [ 6, 10, 10, 9 ],
                    "textureFacing": "south",
                    "cull": false
                },
                "north": {
                    "uv": [ 6, 10, 10, 9 ],
                    "textureFacing": "north",
                    "cull": false
                },
                "east": {
                    "uv": [ 7, 11, 8, 10 ],
                    "textureFacing": "east",
                    "cull": false
                },
                "west": {
                    "uv": [ 7, 11, 8, 10 ],
                    "textureFacing": "west",
                    "cull": false
                }
            }
	},
	{   "type": "cube",
            "from": [ 8, 6, 7 ],
            "to": [ 9, 6.5, 8 ],
            "faceData": {
                "up": {
                    "uv": [ 8, 10, 10, 8 ],
                    "textureFacing": "up",
                    "cull": false
                },
                "south": {
                    "uv": [ 7, 11, 9, 10 ],
                    "textureFacing": "south",
                    "cull": false
                },
                "north": {
                    "uv": [ 7, 11, 9, 10 ],
                    "textureFacing": "north",
                    "cull": false
                },
                "east": {
                    "uv": [ 7, 11, 9, 10 ],
                    "textureFacing": "east",
                    "cull": false
                },
                "west": {
                    "uv": [ 7, 11, 9, 10 ],
                    "textureFacing": "west",
                    "cull": false
                }
            }
	},
	{   "type": "cube",
            "from": [ 8.5, 6, 8 ],
            "to": [ 9, 6.5, 8.5 ],
            "faceData": {
                "up": {
                    "uv": [ 10, 9, 11, 8 ],
                    "textureFacing": "up",
                    "cull": false
                },
                "south": {
                    "uv": [ 10, 9, 11, 8 ],
                    "textureFacing": "south",
                    "cull": false
                },
                "north": {
                    "uv": [ 10, 9, 11, 8 ],
                    "textureFacing": "north",
                    "cull": false
                },
                "east": {
                    "uv": [ 10, 9, 11, 8 ],
                    "textureFacing": "east",
                    "cull": false
                },
                "west": {
                    "uv": [ 10, 9, 11, 8 ],
                    "textureFacing": "west",
                    "cull": false
                }
            }
	},
	{   "type": "cube",
            "from": [ 7, 6, 7 ],
            "to": [ 7.5, 6.5, 8.5 ],
            "faceData": {
                "up": {
                    "uv": [ 5, 11, 8, 10 ],
                    "textureFacing": "up",
                    "cull": false
                },
                "south": {
                    "uv": [ 6, 10, 7, 9 ],
                    "textureFacing": "south",
                    "cull": false
                },
                "north": {
                    "uv": [ 6, 10, 7, 9 ],
                    "textureFacing": "north",
                    "cull": false
                },
                "east": {
                    "uv": [ 5, 11, 8, 10 ],
                    "textureFacing": "east",
                    "cull": false
                },
                "west": {
                    "uv": [ 5, 11, 8, 10 ],
                    "textureFacing": "west",
                    "cull": false
                }
            }
	},
	{   "type": "cube",
            "from": [ 7, 5.5, 7 ],
            "to": [ 9, 6, 9 ],
            "faceData": {
                "up": {
                    "uv": [ 7, 9, 9, 11 ],
                    "textureFacing": "up",
                    "cull": false
                },
                "south": {
                    "uv": [ 6, 10, 10, 9 ],
                    "textureFacing": "south",
                    "cull": false
                },
                "north": {
                    "uv": [ 6, 10, 10, 9 ],
                    "textureFacing": "north",
                    "cull": false
                },
                "east": {
                    "uv": [ 6, 10, 10, 9 ],
                    "textureFacing": "east",
                    "cull": false
                },
                "west": {
                    "uv": [ 6, 10, 10, 9 ],
                    "textureFacing": "west",
                    "cull": false
                }
            }
	},
	{   "type": "cube",
            "from": [ 6.75, 5, 6.75 ],
            "to": [ 9.25, 5.5, 9.25 ],
            "faceData": {
                "down": {
                    "uv": [ 8, 12, 10, 14 ],
                    "textureFacing": "down",
                    "cull": false
                },
                "up": {
                    "uv": [ 7, 9, 9, 11 ],
                    "textureFacing": "up",
                    "cull": false
                },
                "south": {
                    "uv": [ 6, 11, 10, 10 ],
                    "textureFacing": "south",
                    "cull": false
                },
                "north": {
                    "uv": [ 6, 11, 10, 10 ],
                    "textureFacing": "north",
                    "cull": false
                },
                "east": {
                    "uv": [ 6, 11, 10, 10 ],
                    "textureFacing": "east",
                    "cull": false
                },
                "west": {
                    "uv": [ 6, 11, 10, 10 ],
                    "textureFacing": "west",
                    "cull": false
                }
            }
	}	
    ]
}