{
    "__comment": "Fair warning, this format is highly likely to change even more in the future!",
    "variants": {
        "flat_ns":  { "model": "golden_rail_flat" },
        "flat_ew":  { "model": "golden_rail_flat", "y": 90 },
        "raised_e": { "model": "golden_rail_raised_ne", "y": 90 },
        "raised_w": { "model": "golden_rail_raised_sw", "y": 90 },
        "raised_n": { "model": "golden_rail_raised_ne" },
        "raised_s": { "model": "golden_rail_raised_sw" },
        "active_flat_ns":  { "model": "golden_rail_flat" },
        "active_flat_ew":  { "model": "golden_rail_flat", "y": 90 },
        "active_raised_e": { "model": "golden_rail_raised_ne", "y": 90 },
        "active_raised_w": { "model": "golden_rail_raised_sw", "y": 90 },
        "active_raised_n": { "model": "golden_rail_raised_ne" },
        "active_raised_s": { "model": "golden_rail_raised_sw" }
    }
}
