{
    "__comment": "Fair warning, this format is highly likely to change even more in the future!",
    "variants": {
        "tulip_red":    { "model": "red_tulip" },
        "tulip_orange": { "model": "orange_tulip" },
        "tulip_white":  { "model": "white_tulip" },
        "tulip_pink":   { "model": "pink_tulip" },
		"houstonia":    { "model": "azure_bluet" },
		"rose":         { "model": "poppy" },
		"daisy":        { "model": "oxeye_daisy" },
		"orchid":       { "model": "orchid" },
		"allium":       { "model": "allium" }
    }
}
