{
    "useAmbientOcclusion": true,
    "inventoryRender3D": false,
    "elements": [
        {   "type": "cube",
            "from": [ 2, 9, 0 ],
            "to": [ 4, 9.5, 16 ],
            "rotation": [ 45, 0, 0 ],
            "origin": [ 8, 9, 8 ],
            "rescaleRotation": true,
            "faceData": {
                "down": {
                    "uv": [ 2, 0, 4, 16 ],
                    "textureFacing": "down",
                    "cull": false
                },
                "up": {
                    "uv": [ 2, 0, 4, 16 ],
                    "textureFacing": "up",
                    "cull": false
                },
                "north": {
                    "uv": [ 2, 0, 4, 1 ],
                    "textureFacing": "north",
                    "rotation": 180,
                    "cull": false
                },
                "south": {
                    "uv": [ 2, 0, 4, 1 ],
                    "textureFacing": "south",
                    "cull": false
                },
                "east": {
                    "uv": [ 3, 0, 4, 16 ],
                    "textureFacing": "east",
                    "cull": false
                },
                "west": {
                    "uv": [ 2, 0, 3, 16 ],
                    "textureFacing": "west",
                    "cull": false
                }
            }
        },
        {   "type": "cube",
            "from": [ 12, 9, 0 ],
            "to": [ 14, 9.5, 16 ],
            "rotation": [ 45, 0, 0 ],
            "origin": [ 8, 9, 8 ],
            "rescaleRotation": true,
            "faceData": {
                "down": {
                    "uv": [ 12, 0, 14, 16 ],
                    "textureFacing": "down",
                    "cull": false
                },
                "up": {
                    "uv": [ 12, 0, 14, 16 ],
                    "textureFacing": "up",
                    "cull": false
                },
                "north": {
                    "uv": [ 2, 0, 4, 1 ],
                    "textureFacing": "north",
                    "cull": false
                },
                "south": {
                    "uv": [ 2, 0, 4, 1 ],
                    "textureFacing": "south",
                    "rotation": 180,
                    "cull": false
                },
                "east": {
                    "uv": [ 2, 0, 3, 16 ],
                    "textureFacing": "east",
                    "cull": false
                },
                "west": {
                    "uv": [ 3, 0, 4, 16 ],
                    "textureFacing": "west",
                    "cull": false
                }
            }
        },
        {   "type": "cube",
            "from": [ 1, 8, 1 ],
            "to": [ 15, 9, 3 ],
            "rotation": [ 45, 0, 0 ],
            "origin": [ 8, 9, 8 ],
            "rescaleRotation": true,
            "faceData": {
                "down": {
                    "uv": [ 4, 1, 12, 3 ],
                    "textureFacing": "down",
                    "cull": false
                },
                "up": {
                    "uv": [ 1, 1, 15, 3 ],
                    "textureFacing": "up",
                    "cull": false
                },
                "north": {
                    "uv": [ 4, 1, 12, 3 ],
                    "textureFacing": "north",
                    "cull": false
                },
                "south": {
                    "uv": [ 4, 1, 12, 3 ],
                    "textureFacing": "south",
                    "cull": false
                },
                "east": {
                    "uv": [ 14, 1, 15, 3 ],
                    "textureFacing": "east",
                    "rotation": 90,
                    "cull": false
                },
                "west": {
                    "uv": [ 14, 1, 15, 3 ],
                    "textureFacing": "west",
                    "rotation": 270,
                    "cull": false
                }
            }
        },
        {   "type": "cube",
            "from": [ 1, 8, 5 ],
            "to": [ 15, 9, 7 ],
            "rotation": [ 45, 0, 0 ],
            "origin": [ 8, 9, 8 ],
            "rescaleRotation": true,
            "faceData": {
                "down": {
                    "uv": [ 4, 5, 12, 7 ],
                    "textureFacing": "down",
                    "cull": false
                },
                "up": {
                    "uv": [ 1, 5, 15, 7 ],
                    "textureFacing": "up",
                    "cull": false
                },
                "north": {
                    "uv": [ 4, 5, 12, 7 ],
                    "textureFacing": "north",
                    "cull": false
                },
                "south": {
                    "uv": [ 4, 5, 12, 7 ],
                    "textureFacing": "south",
                    "cull": false
                },
                "east": {
                    "uv": [ 14, 5, 15, 7 ],
                    "textureFacing": "east",
                    "rotation": 90,
                    "cull": false
                },
                "west": {
                    "uv": [ 14, 1, 15, 3 ],
                    "textureFacing": "west",
                    "rotation": 270,
                    "cull": false
                }
            }
        },
        {   "type": "cube",
            "from": [ 1, 8, 9 ],
            "to": [ 15, 9, 11 ],
            "rotation": [ 45, 0, 0 ],
            "origin": [ 8, 9, 8 ],
            "rescaleRotation": true,
            "faceData": {
                "down": {
                    "uv": [ 4, 9, 12, 11 ],
                    "textureFacing": "down",
                    "cull": false
                },
                "up": {
                    "uv": [ 1, 9, 15, 11 ],
                    "textureFacing": "up",
                    "cull": false
                },
                "north": {
                    "uv": [ 4, 9, 12, 11 ],
                    "textureFacing": "north",
                    "cull": false
                },
                "south": {
                    "uv": [ 4, 9, 12, 11 ],
                    "textureFacing": "south",
                    "cull": false
                },
                "east": {
                    "uv": [ 14, 9, 15, 11 ],
                    "textureFacing": "east",
                    "rotation": 90,
                    "cull": false
                },
                "west": {
                    "uv": [ 14, 9, 15, 11 ],
                    "textureFacing": "west",
                    "rotation": 270,
                    "cull": false
                }
            }
        },
        {   "type": "cube",
            "from": [ 1, 8, 13 ],
            "to": [ 15, 9, 15 ],
            "rotation": [ 45, 0, 0 ],
            "origin": [ 8, 9, 8 ],
            "rescaleRotation": true,
            "faceData": {
                "down": {
                    "uv": [ 4, 13, 12, 15 ],
                    "textureFacing": "down",
                    "cull": false
                },
                "up": {
                    "uv": [ 1, 13, 15, 15 ],
                    "textureFacing": "up",
                    "cull": false
                },
                "north": {
                    "uv": [ 4, 13, 12, 15 ],
                    "textureFacing": "north",
                    "cull": false
                },
                "south": {
                    "uv": [ 4, 13, 12, 15 ],
                    "textureFacing": "south",
                    "cull": false
                },
                "east": {
                    "uv": [ 14, 13, 15, 15 ],
                    "textureFacing": "east",
                    "rotation": 90,
                    "cull": false
                },
                "west": {
                    "uv": [ 14, 13, 15, 15 ],
                    "textureFacing": "west",
                    "rotation": 270,
                    "cull": false
                }
            }
        }
    ]
}
